target_id,id_type,host_name,catalog_host_name,target_selection_reason,planet_name,period_days,transit_depth_percent,transit_duration_hours,planet_radius_earth,ground_truth_missing_fields,catalog_source_table,catalog_retrieved_at_utc,light_curve_path,light_curve_points,download_from_cache,status,skip_reason
11904151,KIC,Kepler-10,Kepler-10,Bright benchmark; small transiting planets,Kepler-10 b,0.8374907,0.01919,1.811,1.47,,pscomppars,2026-08-25T01:04:02.309843+00:00,data/raw/kepler/kic_11904151/mastDownload/Kepler/kplr011904151_lc_Q111111110111011101/kplr011904151-2009131105131_llc.fits,476,True,available,
11904151,KIC,Kepler-10,Kepler-10,Bright benchmark; small transiting planets,Kepler-10 c,45.294301,0.04768,6.8714,2.355,,pscomppars,2026-08-25T01:04:02.309843+00:00,data/raw/kepler/kic_11904151/mastDownload/Kepler/kplr011904151_lc_Q111111110111011101/kplr011904151-2009131105131_llc.fits,476,True,available,
11904151,KIC,Kepler-10,Kepler-10,Bright benchmark; small transiting planets,Kepler-10 b,0.8374907,0.01919,1.811,1.47,,pscomppars,2026-08-25T01:04:02.309843+00:00,data/raw/kepler/kic_11904151/mastDownload/Kepler/kplr011904151_lc_Q111111110111011101/kplr011904151-2009166043257_llc.fits,1639,True,available,
11904151,KIC,Kepler-10,Kepler-10,Bright benchmark; small transiting planets,Kepler-10 c,45.294301,0.04768,6.8714,2.355,,pscomppars,2026-08-25T01:04:02.309843+00:00,data/raw/kepler/kic_11904151/mastDownload/Kepler/kplr011904151_lc_Q111111110111011101/kplr011904151-2009166043257_llc.fits,1639,True,available,
11904151,KIC,Kepler-10,Kepler-10,Bright benchmark; small transiting planets,Kepler-10 b,0.8374907,0.01919,1.811,1.47,,pscomppars,2026-08-25T01:04:02.309843+00:00,data/raw/kepler/kic_11904151/mastDownload/Kepler/kplr011904151_lc_Q111111110111011101/kplr011904151-2009259160929_llc.fits,4354,True,available,
11904151,KIC,Kepler-10,Kepler-10,Bright benchmark; small transiting planets,Kepler-10 c,45.294301,0.04768,6.8714,2.355,,pscomppars,2026-08-25T01:04:02.309843+00:00,data/raw/kepler/kic_11904151/mastDownload/Kepler/kplr011904151_lc_Q111111110111011101/kplr011904151-2009259160929_llc.fits,4354,True,available,
11904151,KIC,Kepler-10,Kepler-10,Bright benchmark; small transiting planets,Kepler-10 b,0.8374907,0.01919,1.811,1.47,,pscomppars,2026-08-25T01:04:02.309843+00:00,data/raw/kepler/kic_11904151/mastDownload/Kepler/kplr011904151_lc_Q111111110111011101/kplr011904151-2009350155506_llc.fits,4370,True,available,
11904151,KIC,Kepler-10,Kepler-10,Bright benchmark; small transiting planets,Kepler-10 c,45.294301,0.04768,6.8714,2.355,,pscomppars,2026-08-25T01:04:02.309843+00:00,data/raw/kepler/kic_11904151/mastDownload/Kepler/kplr011904151_lc_Q111111110111011101/kplr011904151-2009350155506_llc.fits,4370,True,available,
11904151,KIC,Kepler-10,Kepler-10,Bright benchmark; small transiting planets,Kepler-10 b,0.8374907,0.01919,1.811,1.47,,pscomppars,2026-08-25T01:04:02.309843+00:00,data/raw/kepler/kic_11904151/mastDownload/Kepler/kplr011904151_lc_Q111111110111011101/kplr011904151-2010009091648_llc.fits,1021,True,available,
11904151,KIC,Kepler-10,Kepler-10,Bright benchmark; small transiting planets,Kepler-10 c,45.294301,0.04768,6.8714,2.355,,pscomppars,2026-08-25T01:04:02.309843+00:00,data/raw/kepler/kic_11904151/mastDownload/Kepler/kplr011904151_lc_Q111111110111011101/kplr011904151-2010009091648_llc.fits,1021,True,available,
11904151,KIC,Kepler-10,Kepler-10,Bright benchmark; small transiting planets,Kepler-10 b,0.8374907,0.01919,1.811,1.47,,pscomppars,2026-08-25T01:04:02.309843+00:00,data/raw/kepler/kic_11904151/mastDownload/Kepler/kplr011904151_lc_Q111111110111011101/kplr011904151-2010174085026_llc.fits,4634,True,available,
11904151,KIC,Kepler-10,Kepler-10,Bright benchmark; small transiting planets,Kepler-10 c,45.294301,0.04768,6.8714,2.355,,pscomppars,2026-08-25T01:04:02.309843+00:00,data/raw/kepler/kic_11904151/mastDownload/Kepler/kplr011904151_lc_Q111111110111011101/kplr011904151-2010174085026_llc.fits,4634,True,available,
11904151,KIC,Kepler-10,Kepler-10,Bright benchmark; small transiting planets,Kepler-10 b,0.8374907,0.01919,1.811,1.47,,pscomppars,2026-08-25T01:04:02.309843+00:00,data/raw/kepler/kic_11904151/mastDownload/Kepler/kplr011904151_lc_Q111111110111011101/kplr011904151-2010265121752_llc.fits,4398,True,available,
11904151,KIC,Kepler-10,Kepler-10,Bright benchmark; small transiting planets,Kepler-10 c,45.294301,0.04768,6.8714,2.355,,pscomppars,2026-08-25T01:04:02.309843+00:00,data/raw/kepler/kic_11904151/mastDownload/Kepler/kplr011904151_lc_Q111111110111011101/kplr011904151-2010265121752_llc.fits,4398,True,available,
11904151,KIC,Kepler-10,Kepler-10,Bright benchmark; small transiting planets,Kepler-10 b,0.8374907,0.01919,1.811,1.47,,pscomppars,2026-08-25T01:04:02.309843+00:00,data/raw/kepler/kic_11904151/mastDownload/Kepler/kplr011904151_lc_Q111111110111011101/kplr011904151-2010355172524_llc.fits,4375,True,available,
11904151,KIC,Kepler-10,Kepler-10,Bright benchmark; small transiting planets,Kepler-10 c,45.294301,0.04768,6.8714,2.355,,pscomppars,2026-08-25T01:04:02.309843+00:00,data/raw/kepler/kic_11904151/mastDownload/Kepler/kplr011904151_lc_Q111111110111011101/kplr011904151-2010355172524_llc.fits,4375,True,available,
11904151,KIC,Kepler-10,Kepler-10,Bright benchmark; small transiting planets,Kepler-10 b,0.8374907,0.01919,1.811,1.47,,pscomppars,2026-08-25T01:04:02.309843+00:00,data/raw/kepler/kic_11904151/mastDownload/Kepler/kplr011904151_lc_Q111111110111011101/kplr011904151-2011177032512_llc.fits,4768,True,available,
11904151,KIC,Kepler-10,Kepler-10,Bright benchmark; small transiting planets,Kepler-10 c,45.294301,0.04768,6.8714,2.355,,pscomppars,2026-08-25T01:04:02.309843+00:00,data/raw/kepler/kic_11904151/mastDownload/Kepler/kplr011904151_lc_Q111111110111011101/kplr011904151-2011177032512_llc.fits,4768,True,available,
11904151,KIC,Kepler-10,Kepler-10,Bright benchmark; small transiting planets,Kepler-10 b,0.8374907,0.01919,1.811,1.47,,pscomppars,2026-08-25T01:04:02.309843+00:00,data/raw/kepler/kic_11904151/mastDownload/Kepler/kplr011904151_lc_Q111111110111011101/kplr011904151-2011271113734_llc.fits,4573,True,available,
11904151,KIC,Kepler-10,Kepler-10,Bright benchmark; small transiting planets,Kepler-10 c,45.294301,0.04768,6.8714,2.355,,pscomppars,2026-08-25T01:04:02.309843+00:00,data/raw/kepler/kic_11904151/mastDownload/Kepler/kplr011904151_lc_Q111111110111011101/kplr011904151-2011271113734_llc.fits,4573,True,available,
11904151,KIC,Kepler-10,Kepler-10,Bright benchmark; small transiting planets,Kepler-10 b,0.8374907,0.01919,1.811,1.47,,pscomppars,2026-08-25T01:04:02.309843+00:00,data/raw/kepler/kic_11904151/mastDownload/Kepler/kplr011904151_lc_Q111111110111011101/kplr011904151-2012004120508_llc.fits,4754,True,available,
11904151,KIC,Kepler-10,Kepler-10,Bright benchmark; small transiting planets,Kepler-10 c,45.294301,0.04768,6.8714,2.355,,pscomppars,2026-08-25T01:04:02.309843+00:00,data/raw/kepler/kic_11904151/mastDownload/Kepler/kplr011904151_lc_Q111111110111011101/kplr011904151-2012004120508_llc.fits,4754,True,available,
11904151,KIC,Kepler-10,Kepler-10,Bright benchmark; small transiting planets,Kepler-10 b,0.8374907,0.01919,1.811,1.47,,pscomppars,2026-08-25T01:04:02.309843+00:00,data/raw/kepler/kic_11904151/mastDownload/Kepler/kplr011904151_lc_Q111111110111011101/kplr011904151-2012179063303_llc.fits,4421,True,available,
11904151,KIC,Kepler-10,Kepler-10,Bright benchmark; small transiting planets,Kepler-10 c,45.294301,0.04768,6.8714,2.355,,pscomppars,2026-08-25T01:04:02.309843+00:00,data/raw/kepler/kic_11904151/mastDownload/Kepler/kplr011904151_lc_Q111111110111011101/kplr011904151-2012179063303_llc.fits,4421,True,available,
11904151,KIC,Kepler-10,Kepler-10,Bright benchmark; small transiting planets,Kepler-10 b,0.8374907,0.01919,1.811,1.47,,pscomppars,2026-08-25T01:04:02.309843+00:00,data/raw/kepler/kic_11904151/mastDownload/Kepler/kplr011904151_lc_Q111111110111011101/kplr011904151-2012277125453_llc.fits,4757,True,available,
11904151,KIC,Kepler-10,Kepler-10,Bright benchmark; small transiting planets,Kepler-10 c,45.294301,0.04768,6.8714,2.355,,pscomppars,2026-08-25T01:04:02.309843+00:00,data/raw/kepler/kic_11904151/mastDownload/Kepler/kplr011904151_lc_Q111111110111011101/kplr011904151-2012277125453_llc.fits,4757,True,available,
11904151,KIC,Kepler-10,Kepler-10,Bright benchmark; small transiting planets,Kepler-10 b,0.8374907,0.01919,1.811,1.47,,pscomppars,2026-08-25T01:04:02.309843+00:00,data/raw/kepler/kic_11904151/mastDownload/Kepler/kplr011904151_lc_Q111111110111011101/kplr011904151-2013011073258_llc.fits,4780,True,available,
11904151,KIC,Kepler-10,Kepler-10,Bright benchmark; small transiting planets,Kepler-10 c,45.294301,0.04768,6.8714,2.355,,pscomppars,2026-08-25T01:04:02.309843+00:00,data/raw/kepler/kic_11904151/mastDownload/Kepler/kplr011904151_lc_Q111111110111011101/kplr011904151-2013011073258_llc.fits,4780,True,available,
11904151,KIC,Kepler-10,Kepler-10,Bright benchmark; small transiting planets,Kepler-10 b,0.8374907,0.01919,1.811,1.47,,pscomppars,2026-08-25T01:04:02.309843+00:00,data/raw/kepler/kic_11904151/mastDownload/Kepler/kplr011904151_lc_Q111111110111011101/kplr011904151-2013131215648_llc.fits,1556,True,available,
11904151,KIC,Kepler-10,Kepler-10,Bright benchmark; small transiting planets,Kepler-10 c,45.294301,0.04768,6.8714,2.355,,pscomppars,2026-08-25T01:04:02.309843+00:00,data/raw/kepler/kic_11904151/mastDownload/Kepler/kplr011904151_lc_Q111111110111011101/kplr011904151-2013131215648_llc.fits,1556,True,available,
10593626,KIC,Kepler-22,Kepler-22,Longer-period benchmark,Kepler-22 b,289.863876,0.05019,7.415,2.1,,pscomppars,2026-08-25T01:04:02.309843+00:00,data/raw/kepler/kic_10593626/mastDownload/Kepler/kplr010593626_lc_Q111111111111111111/kplr010593626-2009131105131_llc.fits,476,True,available,
10593626,KIC,Kepler-22,Kepler-22,Longer-period benchmark,Kepler-22 b,289.863876,0.05019,7.415,2.1,,pscomppars,2026-08-25T01:04:02.309843+00:00,data/raw/kepler/kic_10593626/mastDownload/Kepler/kplr010593626_lc_Q111111111111111111/kplr010593626-2009166043257_llc.fits,1639,True,available,
10593626,KIC,Kepler-22,Kepler-22,Longer-period benchmark,Kepler-22 b,289.863876,0.05019,7.415,2.1,,pscomppars,2026-08-25T01:04:02.309843+00:00,data/raw/kepler/kic_10593626/mastDownload/Kepler/kplr010593626_lc_Q111111111111111111/kplr010593626-2009259160929_llc.fits,4354,True,available,
10593626,KIC,Kepler-22,Kepler-22,Longer-period benchmark,Kepler-22 b,289.863876,0.05019,7.415,2.1,,pscomppars,2026-08-25T01:04:02.309843+00:00,data/raw/kepler/kic_10593626/mastDownload/Kepler/kplr010593626_lc_Q111111111111111111/kplr010593626-2009350155506_llc.fits,4370,True,available,
10593626,KIC,Kepler-22,Kepler-22,Longer-period benchmark,Kepler-22 b,289.863876,0.05019,7.415,2.1,,pscomppars,2026-08-25T01:04:02.309843+00:00,data/raw/kepler/kic_10593626/mastDownload/Kepler/kplr010593626_lc_Q111111111111111111/kplr010593626-2010078095331_llc.fits,4397,True,available,
10593626,KIC,Kepler-22,Kepler-22,Longer-period benchmark,Kepler-22 b,289.863876,0.05019,7.415,2.1,,pscomppars,2026-08-25T01:04:02.309843+00:00,data/raw/kepler/kic_10593626/mastDownload/Kepler/kplr010593626_lc_Q111111111111111111/kplr010593626-2010174085026_llc.fits,4634,True,available,
10593626,KIC,Kepler-22,Kepler-22,Longer-period benchmark,Kepler-22 b,289.863876,0.05019,7.415,2.1,,pscomppars,2026-08-25T01:04:02.309843+00:00,data/raw/kepler/kic_10593626/mastDownload/Kepler/kplr010593626_lc_Q111111111111111111/kplr010593626-2010265121752_llc.fits,4398,True,available,
10593626,KIC,Kepler-22,Kepler-22,Longer-period benchmark,Kepler-22 b,289.863876,0.05019,7.415,2.1,,pscomppars,2026-08-25T01:04:02.309843+00:00,data/raw/kepler/kic_10593626/mastDownload/Kepler/kplr010593626_lc_Q111111111111111111/kplr010593626-2010355172524_llc.fits,4375,True,available,
10593626,KIC,Kepler-22,Kepler-22,Longer-period benchmark,Kepler-22 b,289.863876,0.05019,7.415,2.1,,pscomppars,2026-08-25T01:04:02.309843+00:00,data/raw/kepler/kic_10593626/mastDownload/Kepler/kplr010593626_lc_Q111111111111111111/kplr010593626-2011073133259_llc.fits,3279,True,available,
10593626,KIC,Kepler-22,Kepler-22,Longer-period benchmark,Kepler-22 b,289.863876,0.05019,7.415,2.1,,pscomppars,2026-08-25T01:04:02.309843+00:00,data/raw/kepler/kic_10593626/mastDownload/Kepler/kplr010593626_lc_Q111111111111111111/kplr010593626-2011177032512_llc.fits,4768,True,available,
10593626,KIC,Kepler-22,Kepler-22,Longer-period benchmark,Kepler-22 b,289.863876,0.05019,7.415,2.1,,pscomppars,2026-08-25T01:04:02.309843+00:00,data/raw/kepler/kic_10593626/mastDownload/Kepler/kplr010593626_lc_Q111111111111111111/kplr010593626-2011271113734_llc.fits,4573,True,available,
10593626,KIC,Kepler-22,Kepler-22,Longer-period benchmark,Kepler-22 b,289.863876,0.05019,7.415,2.1,,pscomppars,2026-08-25T01:04:02.309843+00:00,data/raw/kepler/kic_10593626/mastDownload/Kepler/kplr010593626_lc_Q111111111111111111/kplr010593626-2012004120508_llc.fits,4754,True,available,
10593626,KIC,Kepler-22,Kepler-22,Longer-period benchmark,Kepler-22 b,289.863876,0.05019,7.415,2.1,,pscomppars,2026-08-25T01:04:02.309843+00:00,data/raw/kepler/kic_10593626/mastDownload/Kepler/kplr010593626_lc_Q111111111111111111/kplr010593626-2012088054726_llc.fits,4044,True,available,
10593626,KIC,Kepler-22,Kepler-22,Longer-period benchmark,Kepler-22 b,289.863876,0.05019,7.415,2.1,,pscomppars,2026-08-25T01:04:02.309843+00:00,data/raw/kepler/kic_10593626/mastDownload/Kepler/kplr010593626_lc_Q111111111111111111/kplr010593626-2012179063303_llc.fits,4421,True,available,
10593626,KIC,Kepler-22,Kepler-22,Longer-period benchmark,Kepler-22 b,289.863876,0.05019,7.415,2.1,,pscomppars,2026-08-25T01:04:02.309843+00:00,data/raw/kepler/kic_10593626/mastDownload/Kepler/kplr010593626_lc_Q111111111111111111/kplr010593626-2012277125453_llc.fits,4757,True,available,
10593626,KIC,Kepler-22,Kepler-22,Longer-period benchmark,Kepler-22 b,289.863876,0.05019,7.415,2.1,,pscomppars,2026-08-25T01:04:02.309843+00:00,data/raw/kepler/kic_10593626/mastDownload/Kepler/kplr010593626_lc_Q111111111111111111/kplr010593626-2013011073258_llc.fits,4780,True,available,
10593626,KIC,Kepler-22,Kepler-22,Longer-period benchmark,Kepler-22 b,289.863876,0.05019,7.415,2.1,,pscomppars,2026-08-25T01:04:02.309843+00:00,data/raw/kepler/kic_10593626/mastDownload/Kepler/kplr010593626_lc_Q111111111111111111/kplr010593626-2013098041711_llc.fits,4203,True,available,
10593626,KIC,Kepler-22,Kepler-22,Longer-period benchmark,Kepler-22 b,289.863876,0.05019,7.415,2.1,,pscomppars,2026-08-25T01:04:02.309843+00:00,data/raw/kepler/kic_10593626/mastDownload/Kepler/kplr010593626_lc_Q111111111111111111/kplr010593626-2013131215648_llc.fits,1556,True,available,
5780885,KIC,Kepler-7,Kepler-7,Deep hot-Jupiter transit,Kepler-7 b,4.8854892,0.75693,5.1313,18.180998,,pscomppars,2026-08-25T01:04:02.309843+00:00,data/raw/kepler/kic_5780885/mastDownload/Kepler/kplr005780885_lc_Q111111111111111111/kplr005780885-2009131105131_llc.fits,476,True,available,
5780885,KIC,Kepler-7,Kepler-7,Deep hot-Jupiter transit,Kepler-7 b,4.8854892,0.75693,5.1313,18.180998,,pscomppars,2026-08-25T01:04:02.309843+00:00,data/raw/kepler/kic_5780885/mastDownload/Kepler/kplr005780885_lc_Q111111111111111111/kplr005780885-2009166043257_llc.fits,1639,True,available,
5780885,KIC,Kepler-7,Kepler-7,Deep hot-Jupiter transit,Kepler-7 b,4.8854892,0.75693,5.1313,18.180998,,pscomppars,2026-08-25T01:04:02.309843+00:00,data/raw/kepler/kic_5780885/mastDownload/Kepler/kplr005780885_lc_Q111111111111111111/kplr005780885-2009259160929_llc.fits,4354,True,available,
5780885,KIC,Kepler-7,Kepler-7,Deep hot-Jupiter transit,Kepler-7 b,4.8854892,0.75693,5.1313,18.180998,,pscomppars,2026-08-25T01:04:02.309843+00:00,data/raw/kepler/kic_5780885/mastDownload/Kepler/kplr005780885_lc_Q111111111111111111/kplr005780885-2009350155506_llc.fits,4370,True,available,
5780885,KIC,Kepler-7,Kepler-7,Deep hot-Jupiter transit,Kepler-7 b,4.8854892,0.75693,5.1313,18.180998,,pscomppars,2026-08-25T01:04:02.309843+00:00,data/raw/kepler/kic_5780885/mastDownload/Kepler/kplr005780885_lc_Q111111111111111111/kplr005780885-2010078095331_llc.fits,4397,True,available,
5780885,KIC,Kepler-7,Kepler-7,Deep hot-Jupiter transit,Kepler-7 b,4.8854892,0.75693,5.1313,18.180998,,pscomppars,2026-08-25T01:04:02.309843+00:00,data/raw/kepler/kic_5780885/mastDownload/Kepler/kplr005780885_lc_Q111111111111111111/kplr005780885-2010174085026_llc.fits,4634,True,available,
5780885,KIC,Kepler-7,Kepler-7,Deep hot-Jupiter transit,Kepler-7 b,4.8854892,0.75693,5.1313,18.180998,,pscomppars,2026-08-25T01:04:02.309843+00:00,data/raw/kepler/kic_5780885/mastDownload/Kepler/kplr005780885_lc_Q111111111111111111/kplr005780885-2010265121752_llc.fits,4398,True,available,
5780885,KIC,Kepler-7,Kepler-7,Deep hot-Jupiter transit,Kepler-7 b,4.8854892,0.75693,5.1313,18.180998,,pscomppars,2026-08-25T01:04:02.309843+00:00,data/raw/kepler/kic_5780885/mastDownload/Kepler/kplr005780885_lc_Q111111111111111111/kplr005780885-2010355172524_llc.fits,4375,True,available,
5780885,KIC,Kepler-7,Kepler-7,Deep hot-Jupiter transit,Kepler-7 b,4.8854892,0.75693,5.1313,18.180998,,pscomppars,2026-08-25T01:04:02.309843+00:00,data/raw/kepler/kic_5780885/mastDownload/Kepler/kplr005780885_lc_Q111111111111111111/kplr005780885-2011073133259_llc.fits,3279,True,available,
5780885,KIC,Kepler-7,Kepler-7,Deep hot-Jupiter transit,Kepler-7 b,4.8854892,0.75693,5.1313,18.180998,,pscomppars,2026-08-25T01:04:02.309843+00:00,data/raw/kepler/kic_5780885/mastDownload/Kepler/kplr005780885_lc_Q111111111111111111/kplr005780885-2011177032512_llc.fits,4768,True,available,
5780885,KIC,Kepler-7,Kepler-7,Deep hot-Jupiter transit,Kepler-7 b,4.8854892,0.75693,5.1313,18.180998,,pscomppars,2026-08-25T01:04:02.309843+00:00,data/raw/kepler/kic_5780885/mastDownload/Kepler/kplr005780885_lc_Q111111111111111111/kplr005780885-2011271113734_llc.fits,4573,True,available,
5780885,KIC,Kepler-7,Kepler-7,Deep hot-Jupiter transit,Kepler-7 b,4.8854892,0.75693,5.1313,18.180998,,pscomppars,2026-08-25T01:04:02.309843+00:00,data/raw/kepler/kic_5780885/mastDownload/Kepler/kplr005780885_lc_Q111111111111111111/kplr005780885-2012004120508_llc.fits,4754,True,available,
5780885,KIC,Kepler-7,Kepler-7,Deep hot-Jupiter transit,Kepler-7 b,4.8854892,0.75693,5.1313,18.180998,,pscomppars,2026-08-25T01:04:02.309843+00:00,data/raw/kepler/kic_5780885/mastDownload/Kepler/kplr005780885_lc_Q111111111111111111/kplr005780885-2012088054726_llc.fits,4044,True,available,
5780885,KIC,Kepler-7,Kepler-7,Deep hot-Jupiter transit,Kepler-7 b,4.8854892,0.75693,5.1313,18.180998,,pscomppars,2026-08-25T01:04:02.309843+00:00,data/raw/kepler/kic_5780885/mastDownload/Kepler/kplr005780885_lc_Q111111111111111111/kplr005780885-2012179063303_llc.fits,4421,True,available,
5780885,KIC,Kepler-7,Kepler-7,Deep hot-Jupiter transit,Kepler-7 b,4.8854892,0.75693,5.1313,18.180998,,pscomppars,2026-08-25T01:04:02.309843+00:00,data/raw/kepler/kic_5780885/mastDownload/Kepler/kplr005780885_lc_Q111111111111111111/kplr005780885-2012277125453_llc.fits,4757,True,available,
5780885,KIC,Kepler-7,Kepler-7,Deep hot-Jupiter transit,Kepler-7 b,4.8854892,0.75693,5.1313,18.180998,,pscomppars,2026-08-25T01:04:02.309843+00:00,data/raw/kepler/kic_5780885/mastDownload/Kepler/kplr005780885_lc_Q111111111111111111/kplr005780885-2013011073258_llc.fits,4780,True,available,
5780885,KIC,Kepler-7,Kepler-7,Deep hot-Jupiter transit,Kepler-7 b,4.8854892,0.75693,5.1313,18.180998,,pscomppars,2026-08-25T01:04:02.309843+00:00,data/raw/kepler/kic_5780885/mastDownload/Kepler/kplr005780885_lc_Q111111111111111111/kplr005780885-2013098041711_llc.fits,4203,True,available,
5780885,KIC,Kepler-7,Kepler-7,Deep hot-Jupiter transit,Kepler-7 b,4.8854892,0.75693,5.1313,18.180998,,pscomppars,2026-08-25T01:04:02.309843+00:00,data/raw/kepler/kic_5780885/mastDownload/Kepler/kplr005780885_lc_Q111111111111111111/kplr005780885-2013131215648_llc.fits,1556,True,available,
6922244,KIC,Kepler-8,Kepler-8,Hot-Jupiter benchmark,Kepler-8 b,3.5224991,0.91457,3.19061,15.871944,,pscomppars,2026-08-25T01:04:02.309843+00:00,data/raw/kepler/kic_6922244/mastDownload/Kepler/kplr006922244_lc_Q111111111111111111/kplr006922244-2009131105131_llc.fits,476,True,available,
6922244,KIC,Kepler-8,Kepler-8,Hot-Jupiter benchmark,Kepler-8 b,3.5224991,0.91457,3.19061,15.871944,,pscomppars,2026-08-25T01:04:02.309843+00:00,data/raw/kepler/kic_6922244/mastDownload/Kepler/kplr006922244_lc_Q111111111111111111/kplr006922244-2009166043257_llc.fits,1639,True,available,
6922244,KIC,Kepler-8,Kepler-8,Hot-Jupiter benchmark,Kepler-8 b,3.5224991,0.91457,3.19061,15.871944,,pscomppars,2026-08-25T01:04:02.309843+00:00,data/raw/kepler/kic_6922244/mastDownload/Kepler/kplr006922244_lc_Q111111111111111111/kplr006922244-2009259160929_llc.fits,4354,True,available,
6922244,KIC,Kepler-8,Kepler-8,Hot-Jupiter benchmark,Kepler-8 b,3.5224991,0.91457,3.19061,15.871944,,pscomppars,2026-08-25T01:04:02.309843+00:00,data/raw/kepler/kic_6922244/mastDownload/Kepler/kplr006922244_lc_Q111111111111111111/kplr006922244-2009350155506_llc.fits,4370,True,available,
6922244,KIC,Kepler-8,Kepler-8,Hot-Jupiter benchmark,Kepler-8 b,3.5224991,0.91457,3.19061,15.871944,,pscomppars,2026-08-25T01:04:02.309843+00:00,data/raw/kepler/kic_6922244/mastDownload/Kepler/kplr006922244_lc_Q111111111111111111/kplr006922244-2010078095331_llc.fits,4397,True,available,
6922244,KIC,Kepler-8,Kepler-8,Hot-Jupiter benchmark,Kepler-8 b,3.5224991,0.91457,3.19061,15.871944,,pscomppars,2026-08-25T01:04:02.309843+00:00,data/raw/kepler/kic_6922244/mastDownload/Kepler/kplr006922244_lc_Q111111111111111111/kplr006922244-2010174085026_llc.fits,4634,True,available,
6922244,KIC,Kepler-8,Kepler-8,Hot-Jupiter benchmark,Kepler-8 b,3.5224991,0.91457,3.19061,15.871944,,pscomppars,2026-08-25T01:04:02.309843+00:00,data/raw/kepler/kic_6922244/mastDownload/Kepler/kplr006922244_lc_Q111111111111111111/kplr006922244-2010265121752_llc.fits,4398,True,available,
6922244,KIC,Kepler-8,Kepler-8,Hot-Jupiter benchmark,Kepler-8 b,3.5224991,0.91457,3.19061,15.871944,,pscomppars,2026-08-25T01:04:02.309843+00:00,data/raw/kepler/kic_6922244/mastDownload/Kepler/kplr006922244_lc_Q111111111111111111/kplr006922244-2010355172524_llc.fits,4375,True,available,
6922244,KIC,Kepler-8,Kepler-8,Hot-Jupiter benchmark,Kepler-8 b,3.5224991,0.91457,3.19061,15.871944,,pscomppars,2026-08-25T01:04:02.309843+00:00,data/raw/kepler/kic_6922244/mastDownload/Kepler/kplr006922244_lc_Q111111111111111111/kplr006922244-2011073133259_llc.fits,3279,True,available,
6922244,KIC,Kepler-8,Kepler-8,Hot-Jupiter benchmark,Kepler-8 b,3.5224991,0.91457,3.19061,15.871944,,pscomppars,2026-08-25T01:04:02.309843+00:00,data/raw/kepler/kic_6922244/mastDownload/Kepler/kplr006922244_lc_Q111111111111111111/kplr006922244-2011177032512_llc.fits,4768,True,available,
6922244,KIC,Kepler-8,Kepler-8,Hot-Jupiter benchmark,Kepler-8 b,3.5224991,0.91457,3.19061,15.871944,,pscomppars,2026-08-25T01:04:02.309843+00:00,data/raw/kepler/kic_6922244/mastDownload/Kepler/kplr006922244_lc_Q111111111111111111/kplr006922244-2011271113734_llc.fits,4573,True,available,
6922244,KIC,Kepler-8,Kepler-8,Hot-Jupiter benchmark,Kepler-8 b,3.5224991,0.91457,3.19061,15.871944,,pscomppars,2026-08-25T01:04:02.309843+00:00,data/raw/kepler/kic_6922244/mastDownload/Kepler/kplr006922244_lc_Q111111111111111111/kplr006922244-2012004120508_llc.fits,4754,True,available,
6922244,KIC,Kepler-8,Kepler-8,Hot-Jupiter benchmark,Kepler-8 b,3.5224991,0.91457,3.19061,15.871944,,pscomppars,2026-08-25T01:04:02.309843+00:00,data/raw/kepler/kic_6922244/mastDownload/Kepler/kplr006922244_lc_Q111111111111111111/kplr006922244-2012088054726_llc.fits,4044,True,available,
6922244,KIC,Kepler-8,Kepler-8,Hot-Jupiter benchmark,Kepler-8 b,3.5224991,0.91457,3.19061,15.871944,,pscomppars,2026-08-25T01:04:02.309843+00:00,data/raw/kepler/kic_6922244/mastDownload/Kepler/kplr006922244_lc_Q111111111111111111/kplr006922244-2012179063303_llc.fits,4421,True,available,
6922244,KIC,Kepler-8,Kepler-8,Hot-Jupiter benchmark,Kepler-8 b,3.5224991,0.91457,3.19061,15.871944,,pscomppars,2026-08-25T01:04:02.309843+00:00,data/raw/kepler/kic_6922244/mastDownload/Kepler/kplr006922244_lc_Q111111111111111111/kplr006922244-2012277125453_llc.fits,4757,True,available,
6922244,KIC,Kepler-8,Kepler-8,Hot-Jupiter benchmark,Kepler-8 b,3.5224991,0.91457,3.19061,15.871944,,pscomppars,2026-08-25T01:04:02.309843+00:00,data/raw/kepler/kic_6922244/mastDownload/Kepler/kplr006922244_lc_Q111111111111111111/kplr006922244-2013011073258_llc.fits,4780,True,available,
6922244,KIC,Kepler-8,Kepler-8,Hot-Jupiter benchmark,Kepler-8 b,3.5224991,0.91457,3.19061,15.871944,,pscomppars,2026-08-25T01:04:02.309843+00:00,data/raw/kepler/kic_6922244/mastDownload/Kepler/kplr006922244_lc_Q111111111111111111/kplr006922244-2013098041711_llc.fits,4203,True,available,
6922244,KIC,Kepler-8,Kepler-8,Hot-Jupiter benchmark,Kepler-8 b,3.5224991,0.91457,3.19061,15.871944,,pscomppars,2026-08-25T01:04:02.309843+00:00,data/raw/kepler/kic_6922244/mastDownload/Kepler/kplr006922244_lc_Q111111111111111111/kplr006922244-2013131215648_llc.fits,1556,True,available,
3323887,KIC,Kepler-9,Kepler-9,Multi-planet system with TTVs,Kepler-9 d,1.592851,0.02483,1.97,1.64,,pscomppars,2026-08-25T01:04:02.309843+00:00,data/raw/kepler/kic_3323887/mastDownload/Kepler/kplr003323887_lc_Q011111111111111111/kplr003323887-2009166043257_llc.fits,1639,True,available,
3323887,KIC,Kepler-9,Kepler-9,Multi-planet system with TTVs,Kepler-9 b,19.23891,0.66605,4.243,8.29,,pscomppars,2026-08-25T01:04:02.309843+00:00,data/raw/kepler/kic_3323887/mastDownload/Kepler/kplr003323887_lc_Q011111111111111111/kplr003323887-2009166043257_llc.fits,1639,True,available,
3323887,KIC,Kepler-9,Kepler-9,Multi-planet system with TTVs,Kepler-9 c,38.9853,0.61591,4.565,8.08,,pscomppars,2026-08-25T01:04:02.309843+00:00,data/raw/kepler/kic_3323887/mastDownload/Kepler/kplr003323887_lc_Q011111111111111111/kplr003323887-2009166043257_llc.fits,1639,True,available,
3323887,KIC,Kepler-9,Kepler-9,Multi-planet system with TTVs,Kepler-9 d,1.592851,0.02483,1.97,1.64,,pscomppars,2026-08-25T01:04:02.309843+00:00,data/raw/kepler/kic_3323887/mastDownload/Kepler/kplr003323887_lc_Q011111111111111111/kplr003323887-2009259160929_llc.fits,4354,True,available,
3323887,KIC,Kepler-9,Kepler-9,Multi-planet system with TTVs,Kepler-9 b,19.23891,0.66605,4.243,8.29,,pscomppars,2026-08-25T01:04:02.309843+00:00,data/raw/kepler/kic_3323887/mastDownload/Kepler/kplr003323887_lc_Q011111111111111111/kplr003323887-2009259160929_llc.fits,4354,True,available,
3323887,KIC,Kepler-9,Kepler-9,Multi-planet system with TTVs,Kepler-9 c,38.9853,0.61591,4.565,8.08,,pscomppars,2026-08-25T01:04:02.309843+00:00,data/raw/kepler/kic_3323887/mastDownload/Kepler/kplr003323887_lc_Q011111111111111111/kplr003323887-2009259160929_llc.fits,4354,True,available,
3323887,KIC,Kepler-9,Kepler-9,Multi-planet system with TTVs,Kepler-9 d,1.592851,0.02483,1.97,1.64,,pscomppars,2026-08-25T01:04:02.309843+00:00,data/raw/kepler/kic_3323887/mastDownload/Kepler/kplr003323887_lc_Q011111111111111111/kplr003323887-2009350155506_llc.fits,4370,True,available,
3323887,KIC,Kepler-9,Kepler-9,Multi-planet system with TTVs,Kepler-9 b,19.23891,0.66605,4.243,8.29,,pscomppars,2026-08-25T01:04:02.309843+00:00,data/raw/kepler/kic_3323887/mastDownload/Kepler/kplr003323887_lc_Q011111111111111111/kplr003323887-2009350155506_llc.fits,4370,True,available,
3323887,KIC,Kepler-9,Kepler-9,Multi-planet system with TTVs,Kepler-9 c,38.9853,0.61591,4.565,8.08,,pscomppars,2026-08-25T01:04:02.309843+00:00,data/raw/kepler/kic_3323887/mastDownload/Kepler/kplr003323887_lc_Q011111111111111111/kplr003323887-2009350155506_llc.fits,4370,True,available,
3323887,KIC,Kepler-9,Kepler-9,Multi-planet system with TTVs,Kepler-9 d,1.592851,0.02483,1.97,1.64,,pscomppars,2026-08-25T01:04:02.309843+00:00,data/raw/kepler/kic_3323887/mastDownload/Kepler/kplr003323887_lc_Q011111111111111111/kplr003323887-2010078095331_llc.fits,4397,True,available,
3323887,KIC,Kepler-9,Kepler-9,Multi-planet system with TTVs,Kepler-9 b,19.23891,0.66605,4.243,8.29,,pscomppars,2026-08-25T01:04:02.309843+00:00,data/raw/kepler/kic_3323887/mastDownload/Kepler/kplr003323887_lc_Q011111111111111111/kplr003323887-2010078095331_llc.fits,4397,True,available,
3323887,KIC,Kepler-9,Kepler-9,Multi-planet system with TTVs,Kepler-9 c,38.9853,0.61591,4.565,8.08,,pscomppars,2026-08-25T01:04:02.309843+00:00,data/raw/kepler/kic_3323887/mastDownload/Kepler/kplr003323887_lc_Q011111111111111111/kplr003323887-2010078095331_llc.fits,4397,True,available,
3323887,KIC,Kepler-9,Kepler-9,Multi-planet system with TTVs,Kepler-9 d,1.592851,0.02483,1.97,1.64,,pscomppars,2026-08-25T01:04:02.309843+00:00,data/raw/kepler/kic_3323887/mastDownload/Kepler/kplr003323887_lc_Q011111111111111111/kplr003323887-2010174085026_llc.fits,4634,True,available,
3323887,KIC,Kepler-9,Kepler-9,Multi-planet system with TTVs,Kepler-9 b,19.23891,0.66605,4.243,8.29,,pscomppars,2026-08-25T01:04:02.309843+00:00,data/raw/kepler/kic_3323887/mastDownload/Kepler/kplr003323887_lc_Q011111111111111111/kplr003323887-2010174085026_llc.fits,4634,True,available,
3323887,KIC,Kepler-9,Kepler-9,Multi-planet system with TTVs,Kepler-9 c,38.9853,0.61591,4.565,8.08,,pscomppars,2026-08-25T01:04:02.309843+00:00,data/raw/kepler/kic_3323887/mastDownload/Kepler/kplr003323887_lc_Q011111111111111111/kplr003323887-2010174085026_llc.fits,4634,True,available,
3323887,KIC,Kepler-9,Kepler-9,Multi-planet system with TTVs,Kepler-9 d,1.592851,0.02483,1.97,1.64,,pscomppars,2026-08-25T01:04:02.309843+00:00,data/raw/kepler/kic_3323887/mastDownload/Kepler/kplr003323887_lc_Q011111111111111111/kplr003323887-2010265121752_llc.fits,4398,True,available,
3323887,KIC,Kepler-9,Kepler-9,Multi-planet system with TTVs,Kepler-9 b,19.23891,0.66605,4.243,8.29,,pscomppars,2026-08-25T01:04:02.309843+00:00,data/raw/kepler/kic_3323887/mastDownload/Kepler/kplr003323887_lc_Q011111111111111111/kplr003323887-2010265121752_llc.fits,4398,True,available,
3323887,KIC,Kepler-9,Kepler-9,Multi-planet system with TTVs,Kepler-9 c,38.9853,0.61591,4.565,8.08,,pscomppars,2026-08-25T01:04:02.309843+00:00,data/raw/kepler/kic_3323887/mastDownload/Kepler/kplr003323887_lc_Q011111111111111111/kplr003323887-2010265121752_llc.fits,4398,True,available,
3323887,KIC,Kepler-9,Kepler-9,Multi-planet system with TTVs,Kepler-9 d,1.592851,0.02483,1.97,1.64,,pscomppars,2026-08-25T01:04:02.309843+00:00,data/raw/kepler/kic_3323887/mastDownload/Kepler/kplr003323887_lc_Q011111111111111111/kplr003323887-2010355172524_llc.fits,4375,True,available,
3323887,KIC,Kepler-9,Kepler-9,Multi-planet system with TTVs,Kepler-9 b,19.23891,0.66605,4.243,8.29,,pscomppars,2026-08-25T01:04:02.309843+00:00,data/raw/kepler/kic_3323887/mastDownload/Kepler/kplr003323887_lc_Q011111111111111111/kplr003323887-2010355172524_llc.fits,4375,True,available,
3323887,KIC,Kepler-9,Kepler-9,Multi-planet system with TTVs,Kepler-9 c,38.9853,0.61591,4.565,8.08,,pscomppars,2026-08-25T01:04:02.309843+00:00,data/raw/kepler/kic_3323887/mastDownload/Kepler/kplr003323887_lc_Q011111111111111111/kplr003323887-2010355172524_llc.fits,4375,True,available,
3323887,KIC,Kepler-9,Kepler-9,Multi-planet system with TTVs,Kepler-9 d,1.592851,0.02483,1.97,1.64,,pscomppars,2026-08-25T01:04:02.309843+00:00,data/raw/kepler/kic_3323887/mastDownload/Kepler/kplr003323887_lc_Q011111111111111111/kplr003323887-2011073133259_llc.fits,3279,True,available,
3323887,KIC,Kepler-9,Kepler-9,Multi-planet system with TTVs,Kepler-9 b,19.23891,0.66605,4.243,8.29,,pscomppars,2026-08-25T01:04:02.309843+00:00,data/raw/kepler/kic_3323887/mastDownload/Kepler/kplr003323887_lc_Q011111111111111111/kplr003323887-2011073133259_llc.fits,3279,True,available,
3323887,KIC,Kepler-9,Kepler-9,Multi-planet system with TTVs,Kepler-9 c,38.9853,0.61591,4.565,8.08,,pscomppars,2026-08-25T01:04:02.309843+00:00,data/raw/kepler/kic_3323887/mastDownload/Kepler/kplr003323887_lc_Q011111111111111111/kplr003323887-2011073133259_llc.fits,3279,True,available,
3323887,KIC,Kepler-9,Kepler-9,Multi-planet system with TTVs,Kepler-9 d,1.592851,0.02483,1.97,1.64,,pscomppars,2026-08-25T01:04:02.309843+00:00,data/raw/kepler/kic_3323887/mastDownload/Kepler/kplr003323887_lc_Q011111111111111111/kplr003323887-2011177032512_llc.fits,4768,True,available,
3323887,KIC,Kepler-9,Kepler-9,Multi-planet system with TTVs,Kepler-9 b,19.23891,0.66605,4.243,8.29,,pscomppars,2026-08-25T01:04:02.309843+00:00,data/raw/kepler/kic_3323887/mastDownload/Kepler/kplr003323887_lc_Q011111111111111111/kplr003323887-2011177032512_llc.fits,4768,True,available,
3323887,KIC,Kepler-9,Kepler-9,Multi-planet system with TTVs,Kepler-9 c,38.9853,0.61591,4.565,8.08,,pscomppars,2026-08-25T01:04:02.309843+00:00,data/raw/kepler/kic_3323887/mastDownload/Kepler/kplr003323887_lc_Q011111111111111111/kplr003323887-2011177032512_llc.fits,4768,True,available,
3323887,KIC,Kepler-9,Kepler-9,Multi-planet system with TTVs,Kepler-9 d,1.592851,0.02483,1.97,1.64,,pscomppars,2026-08-25T01:04:02.309843+00:00,data/raw/kepler/kic_3323887/mastDownload/Kepler/kplr003323887_lc_Q011111111111111111/kplr003323887-2011271113734_llc.fits,4573,True,available,
3323887,KIC,Kepler-9,Kepler-9,Multi-planet system with TTVs,Kepler-9 b,19.23891,0.66605,4.243,8.29,,pscomppars,2026-08-25T01:04:02.309843+00:00,data/raw/kepler/kic_3323887/mastDownload/Kepler/kplr003323887_lc_Q011111111111111111/kplr003323887-2011271113734_llc.fits,4573,True,available,
3323887,KIC,Kepler-9,Kepler-9,Multi-planet system with TTVs,Kepler-9 c,38.9853,0.61591,4.565,8.08,,pscomppars,2026-08-25T01:04:02.309843+00:00,data/raw/kepler/kic_3323887/mastDownload/Kepler/kplr003323887_lc_Q011111111111111111/kplr003323887-2011271113734_llc.fits,4573,True,available,
3323887,KIC,Kepler-9,Kepler-9,Multi-planet system with TTVs,Kepler-9 d,1.592851,0.02483,1.97,1.64,,pscomppars,2026-08-25T01:04:02.309843+00:00,data/raw/kepler/kic_3323887/mastDownload/Kepler/kplr003323887_lc_Q011111111111111111/kplr003323887-2012004120508_llc.fits,4754,True,available,
3323887,KIC,Kepler-9,Kepler-9,Multi-planet system with TTVs,Kepler-9 b,19.23891,0.66605,4.243,8.29,,pscomppars,2026-08-25T01:04:02.309843+00:00,data/raw/kepler/kic_3323887/mastDownload/Kepler/kplr003323887_lc_Q011111111111111111/kplr003323887-2012004120508_llc.fits,4754,True,available,
3323887,KIC,Kepler-9,Kepler-9,Multi-planet system with TTVs,Kepler-9 c,38.9853,0.61591,4.565,8.08,,pscomppars,2026-08-25T01:04:02.309843+00:00,data/raw/kepler/kic_3323887/mastDownload/Kepler/kplr003323887_lc_Q011111111111111111/kplr003323887-2012004120508_llc.fits,4754,True,available,
3323887,KIC,Kepler-9,Kepler-9,Multi-planet system with TTVs,Kepler-9 d,1.592851,0.02483,1.97,1.64,,pscomppars,2026-08-25T01:04:02.309843+00:00,data/raw/kepler/kic_3323887/mastDownload/Kepler/kplr003323887_lc_Q011111111111111111/kplr003323887-2012088054726_llc.fits,4044,True,available,
3323887,KIC,Kepler-9,Kepler-9,Multi-planet system with TTVs,Kepler-9 b,19.23891,0.66605,4.243,8.29,,pscomppars,2026-08-25T01:04:02.309843+00:00,data/raw/kepler/kic_3323887/mastDownload/Kepler/kplr003323887_lc_Q011111111111111111/kplr003323887-2012088054726_llc.fits,4044,True,available,
3323887,KIC,Kepler-9,Kepler-9,Multi-planet system with TTVs,Kepler-9 c,38.9853,0.61591,4.565,8.08,,pscomppars,2026-08-25T01:04:02.309843+00:00,data/raw/kepler/kic_3323887/mastDownload/Kepler/kplr003323887_lc_Q011111111111111111/kplr003323887-2012088054726_llc.fits,4044,True,available,
3323887,KIC,Kepler-9,Kepler-9,Multi-planet system with TTVs,Kepler-9 d,1.592851,0.02483,1.97,1.64,,pscomppars,2026-08-25T01:04:02.309843+00:00,data/raw/kepler/kic_3323887/mastDownload/Kepler/kplr003323887_lc_Q011111111111111111/kplr003323887-2012179063303_llc.fits,4421,True,available,
3323887,KIC,Kepler-9,Kepler-9,Multi-planet system with TTVs,Kepler-9 b,19.23891,0.66605,4.243,8.29,,pscomppars,2026-08-25T01:04:02.309843+00:00,data/raw/kepler/kic_3323887/mastDownload/Kepler/kplr003323887_lc_Q011111111111111111/kplr003323887-2012179063303_llc.fits,4421,True,available,
3323887,KIC,Kepler-9,Kepler-9,Multi-planet system with TTVs,Kepler-9 c,38.9853,0.61591,4.565,8.08,,pscomppars,2026-08-25T01:04:02.309843+00:00,data/raw/kepler/kic_3323887/mastDownload/Kepler/kplr003323887_lc_Q011111111111111111/kplr003323887-2012179063303_llc.fits,4421,True,available,
3323887,KIC,Kepler-9,Kepler-9,Multi-planet system with TTVs,Kepler-9 d,1.592851,0.02483,1.97,1.64,,pscomppars,2026-08-25T01:04:02.309843+00:00,data/raw/kepler/kic_3323887/mastDownload/Kepler/kplr003323887_lc_Q011111111111111111/kplr003323887-2012277125453_llc.fits,4757,True,available,
3323887,KIC,Kepler-9,Kepler-9,Multi-planet system with TTVs,Kepler-9 b,19.23891,0.66605,4.243,8.29,,pscomppars,2026-08-25T01:04:02.309843+00:00,data/raw/kepler/kic_3323887/mastDownload/Kepler/kplr003323887_lc_Q011111111111111111/kplr003323887-2012277125453_llc.fits,4757,True,available,
3323887,KIC,Kepler-9,Kepler-9,Multi-planet system with TTVs,Kepler-9 c,38.9853,0.61591,4.565,8.08,,pscomppars,2026-08-25T01:04:02.309843+00:00,data/raw/kepler/kic_3323887/mastDownload/Kepler/kplr003323887_lc_Q011111111111111111/kplr003323887-2012277125453_llc.fits,4757,True,available,
3323887,KIC,Kepler-9,Kepler-9,Multi-planet system with TTVs,Kepler-9 d,1.592851,0.02483,1.97,1.64,,pscomppars,2026-08-25T01:04:02.309843+00:00,data/raw/kepler/kic_3323887/mastDownload/Kepler/kplr003323887_lc_Q011111111111111111/kplr003323887-2013011073258_llc.fits,4780,True,available,
3323887,KIC,Kepler-9,Kepler-9,Multi-planet system with TTVs,Kepler-9 b,19.23891,0.66605,4.243,8.29,,pscomppars,2026-08-25T01:04:02.309843+00:00,data/raw/kepler/kic_3323887/mastDownload/Kepler/kplr003323887_lc_Q011111111111111111/kplr003323887-2013011073258_llc.fits,4780,True,available,
3323887,KIC,Kepler-9,Kepler-9,Multi-planet system with TTVs,Kepler-9 c,38.9853,0.61591,4.565,8.08,,pscomppars,2026-08-25T01:04:02.309843+00:00,data/raw/kepler/kic_3323887/mastDownload/Kepler/kplr003323887_lc_Q011111111111111111/kplr003323887-2013011073258_llc.fits,4780,True,available,
3323887,KIC,Kepler-9,Kepler-9,Multi-planet system with TTVs,Kepler-9 d,1.592851,0.02483,1.97,1.64,,pscomppars,2026-08-25T01:04:02.309843+00:00,data/raw/kepler/kic_3323887/mastDownload/Kepler/kplr003323887_lc_Q011111111111111111/kplr003323887-2013098041711_llc.fits,4203,True,available,
3323887,KIC,Kepler-9,Kepler-9,Multi-planet system with TTVs,Kepler-9 b,19.23891,0.66605,4.243,8.29,,pscomppars,2026-08-25T01:04:02.309843+00:00,data/raw/kepler/kic_3323887/mastDownload/Kepler/kplr003323887_lc_Q011111111111111111/kplr003323887-2013098041711_llc.fits,4203,True,available,
3323887,KIC,Kepler-9,Kepler-9,Multi-planet system with TTVs,Kepler-9 c,38.9853,0.61591,4.565,8.08,,pscomppars,2026-08-25T01:04:02.309843+00:00,data/raw/kepler/kic_3323887/mastDownload/Kepler/kplr003323887_lc_Q011111111111111111/kplr003323887-2013098041711_llc.fits,4203,True,available,
3323887,KIC,Kepler-9,Kepler-9,Multi-planet system with TTVs,Kepler-9 d,1.592851,0.02483,1.97,1.64,,pscomppars,2026-08-25T01:04:02.309843+00:00,data/raw/kepler/kic_3323887/mastDownload/Kepler/kplr003323887_lc_Q011111111111111111/kplr003323887-2013131215648_llc.fits,1556,True,available,
3323887,KIC,Kepler-9,Kepler-9,Multi-planet system with TTVs,Kepler-9 b,19.23891,0.66605,4.243,8.29,,pscomppars,2026-08-25T01:04:02.309843+00:00,data/raw/kepler/kic_3323887/mastDownload/Kepler/kplr003323887_lc_Q011111111111111111/kplr003323887-2013131215648_llc.fits,1556,True,available,
3323887,KIC,Kepler-9,Kepler-9,Multi-planet system with TTVs,Kepler-9 c,38.9853,0.61591,4.565,8.08,,pscomppars,2026-08-25T01:04:02.309843+00:00,data/raw/kepler/kic_3323887/mastDownload/Kepler/kplr003323887_lc_Q011111111111111111/kplr003323887-2013131215648_llc.fits,1556,True,available,
6541920,KIC,Kepler-11,Kepler-11,Compact multi-planet system,Kepler-11 b,10.3039,0.03013,4.116,1.8,,pscomppars,2026-08-25T01:04:02.309843+00:00,data/raw/kepler/kic_6541920/mastDownload/Kepler/kplr006541920_lc_Q011111111111111111/kplr006541920-2009166043257_llc.fits,1639,True,available,
6541920,KIC,Kepler-11,Kepler-11,Compact multi-planet system,Kepler-11 c,13.0241,0.07508,4.544,2.87,,pscomppars,2026-08-25T01:04:02.309843+00:00,data/raw/kepler/kic_6541920/mastDownload/Kepler/kplr006541920_lc_Q011111111111111111/kplr006541920-2009166043257_llc.fits,1639,True,available,
6541920,KIC,Kepler-11,Kepler-11,Compact multi-planet system,Kepler-11 d,22.6845,0.0885,5.586,3.12,,pscomppars,2026-08-25T01:04:02.309843+00:00,data/raw/kepler/kic_6541920/mastDownload/Kepler/kplr006541920_lc_Q011111111111111111/kplr006541920-2009166043257_llc.fits,1639,True,available,
6541920,KIC,Kepler-11,Kepler-11,Compact multi-planet system,Kepler-11 e,31.9996,0.1333,4.165,4.19,,pscomppars,2026-08-25T01:04:02.309843+00:00,data/raw/kepler/kic_6541920/mastDownload/Kepler/kplr006541920_lc_Q011111111111111111/kplr006541920-2009166043257_llc.fits,1639,True,available,
6541920,KIC,Kepler-11,Kepler-11,Compact multi-planet system,Kepler-11 f,46.6888,0.0548,6.431,2.49,,pscomppars,2026-08-25T01:04:02.309843+00:00,data/raw/kepler/kic_6541920/mastDownload/Kepler/kplr006541920_lc_Q011111111111111111/kplr006541920-2009166043257_llc.fits,1639,True,available,
6541920,KIC,Kepler-11,Kepler-11,Compact multi-planet system,Kepler-11 g,118.3807,0.1006,9.469,3.33,,pscomppars,2026-08-25T01:04:02.309843+00:00,data/raw/kepler/kic_6541920/mastDownload/Kepler/kplr006541920_lc_Q011111111111111111/kplr006541920-2009166043257_llc.fits,1639,True,available,
6541920,KIC,Kepler-11,Kepler-11,Compact multi-planet system,Kepler-11 b,10.3039,0.03013,4.116,1.8,,pscomppars,2026-08-25T01:04:02.309843+00:00,data/raw/kepler/kic_6541920/mastDownload/Kepler/kplr006541920_lc_Q011111111111111111/kplr006541920-2009259160929_llc.fits,4354,True,available,
6541920,KIC,Kepler-11,Kepler-11,Compact multi-planet system,Kepler-11 c,13.0241,0.07508,4.544,2.87,,pscomppars,2026-08-25T01:04:02.309843+00:00,data/raw/kepler/kic_6541920/mastDownload/Kepler/kplr006541920_lc_Q011111111111111111/kplr006541920-2009259160929_llc.fits,4354,True,available,
6541920,KIC,Kepler-11,Kepler-11,Compact multi-planet system,Kepler-11 d,22.6845,0.0885,5.586,3.12,,pscomppars,2026-08-25T01:04:02.309843+00:00,data/raw/kepler/kic_6541920/mastDownload/Kepler/kplr006541920_lc_Q011111111111111111/kplr006541920-2009259160929_llc.fits,4354,True,available,
6541920,KIC,Kepler-11,Kepler-11,Compact multi-planet system,Kepler-11 e,31.9996,0.1333,4.165,4.19,,pscomppars,2026-08-25T01:04:02.309843+00:00,data/raw/kepler/kic_6541920/mastDownload/Kepler/kplr006541920_lc_Q011111111111111111/kplr006541920-2009259160929_llc.fits,4354,True,available,
6541920,KIC,Kepler-11,Kepler-11,Compact multi-planet system,Kepler-11 f,46.6888,0.0548,6.431,2.49,,pscomppars,2026-08-25T01:04:02.309843+00:00,data/raw/kepler/kic_6541920/mastDownload/Kepler/kplr006541920_lc_Q011111111111111111/kplr006541920-2009259160929_llc.fits,4354,True,available,
6541920,KIC,Kepler-11,Kepler-11,Compact multi-planet system,Kepler-11 g,118.3807,0.1006,9.469,3.33,,pscomppars,2026-08-25T01:04:02.309843+00:00,data/raw/kepler/kic_6541920/mastDownload/Kepler/kplr006541920_lc_Q011111111111111111/kplr006541920-2009259160929_llc.fits,4354,True,available,
6541920,KIC,Kepler-11,Kepler-11,Compact multi-planet system,Kepler-11 b,10.3039,0.03013,4.116,1.8,,pscomppars,2026-08-25T01:04:02.309843+00:00,data/raw/kepler/kic_6541920/mastDownload/Kepler/kplr006541920_lc_Q011111111111111111/kplr006541920-2009350155506_llc.fits,4370,True,available,
6541920,KIC,Kepler-11,Kepler-11,Compact multi-planet system,Kepler-11 c,13.0241,0.07508,4.544,2.87,,pscomppars,2026-08-25T01:04:02.309843+00:00,data/raw/kepler/kic_6541920/mastDownload/Kepler/kplr006541920_lc_Q011111111111111111/kplr006541920-2009350155506_llc.fits,4370,True,available,
6541920,KIC,Kepler-11,Kepler-11,Compact multi-planet system,Kepler-11 d,22.6845,0.0885,5.586,3.12,,pscomppars,2026-08-25T01:04:02.309843+00:00,data/raw/kepler/kic_6541920/mastDownload/Kepler/kplr006541920_lc_Q011111111111111111/kplr006541920-2009350155506_llc.fits,4370,True,available,
6541920,KIC,Kepler-11,Kepler-11,Compact multi-planet system,Kepler-11 e,31.9996,0.1333,4.165,4.19,,pscomppars,2026-08-25T01:04:02.309843+00:00,data/raw/kepler/kic_6541920/mastDownload/Kepler/kplr006541920_lc_Q011111111111111111/kplr006541920-2009350155506_llc.fits,4370,True,available,
6541920,KIC,Kepler-11,Kepler-11,Compact multi-planet system,Kepler-11 f,46.6888,0.0548,6.431,2.49,,pscomppars,2026-08-25T01:04:02.309843+00:00,data/raw/kepler/kic_6541920/mastDownload/Kepler/kplr006541920_lc_Q011111111111111111/kplr006541920-2009350155506_llc.fits,4370,True,available,
6541920,KIC,Kepler-11,Kepler-11,Compact multi-planet system,Kepler-11 g,118.3807,0.1006,9.469,3.33,,pscomppars,2026-08-25T01:04:02.309843+00:00,data/raw/kepler/kic_6541920/mastDownload/Kepler/kplr006541920_lc_Q011111111111111111/kplr006541920-2009350155506_llc.fits,4370,True,available,
6541920,KIC,Kepler-11,Kepler-11,Compact multi-planet system,Kepler-11 b,10.3039,0.03013,4.116,1.8,,pscomppars,2026-08-25T01:04:02.309843+00:00,data/raw/kepler/kic_6541920/mastDownload/Kepler/kplr006541920_lc_Q011111111111111111/kplr006541920-2010078095331_llc.fits,4397,True,available,
6541920,KIC,Kepler-11,Kepler-11,Compact multi-planet system,Kepler-11 c,13.0241,0.07508,4.544,2.87,,pscomppars,2026-08-25T01:04:02.309843+00:00,data/raw/kepler/kic_6541920/mastDownload/Kepler/kplr006541920_lc_Q011111111111111111/kplr006541920-2010078095331_llc.fits,4397,True,available,
6541920,KIC,Kepler-11,Kepler-11,Compact multi-planet system,Kepler-11 d,22.6845,0.0885,5.586,3.12,,pscomppars,2026-08-25T01:04:02.309843+00:00,data/raw/kepler/kic_6541920/mastDownload/Kepler/kplr006541920_lc_Q011111111111111111/kplr006541920-2010078095331_llc.fits,4397,True,available,
6541920,KIC,Kepler-11,Kepler-11,Compact multi-planet system,Kepler-11 e,31.9996,0.1333,4.165,4.19,,pscomppars,2026-08-25T01:04:02.309843+00:00,data/raw/kepler/kic_6541920/mastDownload/Kepler/kplr006541920_lc_Q011111111111111111/kplr006541920-2010078095331_llc.fits,4397,True,available,
6541920,KIC,Kepler-11,Kepler-11,Compact multi-planet system,Kepler-11 f,46.6888,0.0548,6.431,2.49,,pscomppars,2026-08-25T01:04:02.309843+00:00,data/raw/kepler/kic_6541920/mastDownload/Kepler/kplr006541920_lc_Q011111111111111111/kplr006541920-2010078095331_llc.fits,4397,True,available,
6541920,KIC,Kepler-11,Kepler-11,Compact multi-planet system,Kepler-11 g,118.3807,0.1006,9.469,3.33,,pscomppars,2026-08-25T01:04:02.309843+00:00,data/raw/kepler/kic_6541920/mastDownload/Kepler/kplr006541920_lc_Q011111111111111111/kplr006541920-2010078095331_llc.fits,4397,True,available,
6541920,KIC,Kepler-11,Kepler-11,Compact multi-planet system,Kepler-11 b,10.3039,0.03013,4.116,1.8,,pscomppars,2026-08-25T01:04:02.309843+00:00,data/raw/kepler/kic_6541920/mastDownload/Kepler/kplr006541920_lc_Q011111111111111111/kplr006541920-2010174085026_llc.fits,4634,True,available,
6541920,KIC,Kepler-11,Kepler-11,Compact multi-planet system,Kepler-11 c,13.0241,0.07508,4.544,2.87,,pscomppars,2026-08-25T01:04:02.309843+00:00,data/raw/kepler/kic_6541920/mastDownload/Kepler/kplr006541920_lc_Q011111111111111111/kplr006541920-2010174085026_llc.fits,4634,True,available,
6541920,KIC,Kepler-11,Kepler-11,Compact multi-planet system,Kepler-11 d,22.6845,0.0885,5.586,3.12,,pscomppars,2026-08-25T01:04:02.309843+00:00,data/raw/kepler/kic_6541920/mastDownload/Kepler/kplr006541920_lc_Q011111111111111111/kplr006541920-2010174085026_llc.fits,4634,True,available,
6541920,KIC,Kepler-11,Kepler-11,Compact multi-planet system,Kepler-11 e,31.9996,0.1333,4.165,4.19,,pscomppars,2026-08-25T01:04:02.309843+00:00,data/raw/kepler/kic_6541920/mastDownload/Kepler/kplr006541920_lc_Q011111111111111111/kplr006541920-2010174085026_llc.fits,4634,True,available,
6541920,KIC,Kepler-11,Kepler-11,Compact multi-planet system,Kepler-11 f,46.6888,0.0548,6.431,2.49,,pscomppars,2026-08-25T01:04:02.309843+00:00,data/raw/kepler/kic_6541920/mastDownload/Kepler/kplr006541920_lc_Q011111111111111111/kplr006541920-2010174085026_llc.fits,4634,True,available,
6541920,KIC,Kepler-11,Kepler-11,Compact multi-planet system,Kepler-11 g,118.3807,0.1006,9.469,3.33,,pscomppars,2026-08-25T01:04:02.309843+00:00,data/raw/kepler/kic_6541920/mastDownload/Kepler/kplr006541920_lc_Q011111111111111111/kplr006541920-2010174085026_llc.fits,4634,True,available,
6541920,KIC,Kepler-11,Kepler-11,Compact multi-planet system,Kepler-11 b,10.3039,0.03013,4.116,1.8,,pscomppars,2026-08-25T01:04:02.309843+00:00,data/raw/kepler/kic_6541920/mastDownload/Kepler/kplr006541920_lc_Q011111111111111111/kplr006541920-2010265121752_llc.fits,4398,True,available,
6541920,KIC,Kepler-11,Kepler-11,Compact multi-planet system,Kepler-11 c,13.0241,0.07508,4.544,2.87,,pscomppars,2026-08-25T01:04:02.309843+00:00,data/raw/kepler/kic_6541920/mastDownload/Kepler/kplr006541920_lc_Q011111111111111111/kplr006541920-2010265121752_llc.fits,4398,True,available,
6541920,KIC,Kepler-11,Kepler-11,Compact multi-planet system,Kepler-11 d,22.6845,0.0885,5.586,3.12,,pscomppars,2026-08-25T01:04:02.309843+00:00,data/raw/kepler/kic_6541920/mastDownload/Kepler/kplr006541920_lc_Q011111111111111111/kplr006541920-2010265121752_llc.fits,4398,True,available,
6541920,KIC,Kepler-11,Kepler-11,Compact multi-planet system,Kepler-11 e,31.9996,0.1333,4.165,4.19,,pscomppars,2026-08-25T01:04:02.309843+00:00,data/raw/kepler/kic_6541920/mastDownload/Kepler/kplr006541920_lc_Q011111111111111111/kplr006541920-2010265121752_llc.fits,4398,True,available,
6541920,KIC,Kepler-11,Kepler-11,Compact multi-planet system,Kepler-11 f,46.6888,0.0548,6.431,2.49,,pscomppars,2026-08-25T01:04:02.309843+00:00,data/raw/kepler/kic_6541920/mastDownload/Kepler/kplr006541920_lc_Q011111111111111111/kplr006541920-2010265121752_llc.fits,4398,True,available,
6541920,KIC,Kepler-11,Kepler-11,Compact multi-planet system,Kepler-11 g,118.3807,0.1006,9.469,3.33,,pscomppars,2026-08-25T01:04:02.309843+00:00,data/raw/kepler/kic_6541920/mastDownload/Kepler/kplr006541920_lc_Q011111111111111111/kplr006541920-2010265121752_llc.fits,4398,True,available,
6541920,KIC,Kepler-11,Kepler-11,Compact multi-planet system,Kepler-11 b,10.3039,0.03013,4.116,1.8,,pscomppars,2026-08-25T01:04:02.309843+00:00,data/raw/kepler/kic_6541920/mastDownload/Kepler/kplr006541920_lc_Q011111111111111111/kplr006541920-2010355172524_llc.fits,4375,True,available,
6541920,KIC,Kepler-11,Kepler-11,Compact multi-planet system,Kepler-11 c,13.0241,0.07508,4.544,2.87,,pscomppars,2026-08-25T01:04:02.309843+00:00,data/raw/kepler/kic_6541920/mastDownload/Kepler/kplr006541920_lc_Q011111111111111111/kplr006541920-2010355172524_llc.fits,4375,True,available,
6541920,KIC,Kepler-11,Kepler-11,Compact multi-planet system,Kepler-11 d,22.6845,0.0885,5.586,3.12,,pscomppars,2026-08-25T01:04:02.309843+00:00,data/raw/kepler/kic_6541920/mastDownload/Kepler/kplr006541920_lc_Q011111111111111111/kplr006541920-2010355172524_llc.fits,4375,True,available,
6541920,KIC,Kepler-11,Kepler-11,Compact multi-planet system,Kepler-11 e,31.9996,0.1333,4.165,4.19,,pscomppars,2026-08-25T01:04:02.309843+00:00,data/raw/kepler/kic_6541920/mastDownload/Kepler/kplr006541920_lc_Q011111111111111111/kplr006541920-2010355172524_llc.fits,4375,True,available,
6541920,KIC,Kepler-11,Kepler-11,Compact multi-planet system,Kepler-11 f,46.6888,0.0548,6.431,2.49,,pscomppars,2026-08-25T01:04:02.309843+00:00,data/raw/kepler/kic_6541920/mastDownload/Kepler/kplr006541920_lc_Q011111111111111111/kplr006541920-2010355172524_llc.fits,4375,True,available,
6541920,KIC,Kepler-11,Kepler-11,Compact multi-planet system,Kepler-11 g,118.3807,0.1006,9.469,3.33,,pscomppars,2026-08-25T01:04:02.309843+00:00,data/raw/kepler/kic_6541920/mastDownload/Kepler/kplr006541920_lc_Q011111111111111111/kplr006541920-2010355172524_llc.fits,4375,True,available,
6541920,KIC,Kepler-11,Kepler-11,Compact multi-planet system,Kepler-11 b,10.3039,0.03013,4.116,1.8,,pscomppars,2026-08-25T01:04:02.309843+00:00,data/raw/kepler/kic_6541920/mastDownload/Kepler/kplr006541920_lc_Q011111111111111111/kplr006541920-2011073133259_llc.fits,3279,True,available,
6541920,KIC,Kepler-11,Kepler-11,Compact multi-planet system,Kepler-11 c,13.0241,0.07508,4.544,2.87,,pscomppars,2026-08-25T01:04:02.309843+00:00,data/raw/kepler/kic_6541920/mastDownload/Kepler/kplr006541920_lc_Q011111111111111111/kplr006541920-2011073133259_llc.fits,3279,True,available,
6541920,KIC,Kepler-11,Kepler-11,Compact multi-planet system,Kepler-11 d,22.6845,0.0885,5.586,3.12,,pscomppars,2026-08-25T01:04:02.309843+00:00,data/raw/kepler/kic_6541920/mastDownload/Kepler/kplr006541920_lc_Q011111111111111111/kplr006541920-2011073133259_llc.fits,3279,True,available,
6541920,KIC,Kepler-11,Kepler-11,Compact multi-planet system,Kepler-11 e,31.9996,0.1333,4.165,4.19,,pscomppars,2026-08-25T01:04:02.309843+00:00,data/raw/kepler/kic_6541920/mastDownload/Kepler/kplr006541920_lc_Q011111111111111111/kplr006541920-2011073133259_llc.fits,3279,True,available,
6541920,KIC,Kepler-11,Kepler-11,Compact multi-planet system,Kepler-11 f,46.6888,0.0548,6.431,2.49,,pscomppars,2026-08-25T01:04:02.309843+00:00,data/raw/kepler/kic_6541920/mastDownload/Kepler/kplr006541920_lc_Q011111111111111111/kplr006541920-2011073133259_llc.fits,3279,True,available,
6541920,KIC,Kepler-11,Kepler-11,Compact multi-planet system,Kepler-11 g,118.3807,0.1006,9.469,3.33,,pscomppars,2026-08-25T01:04:02.309843+00:00,data/raw/kepler/kic_6541920/mastDownload/Kepler/kplr006541920_lc_Q011111111111111111/kplr006541920-2011073133259_llc.fits,3279,True,available,
6541920,KIC,Kepler-11,Kepler-11,Compact multi-planet system,Kepler-11 b,10.3039,0.03013,4.116,1.8,,pscomppars,2026-08-25T01:04:02.309843+00:00,data/raw/kepler/kic_6541920/mastDownload/Kepler/kplr006541920_lc_Q011111111111111111/kplr006541920-2011177032512_llc.fits,4768,True,available,
6541920,KIC,Kepler-11,Kepler-11,Compact multi-planet system,Kepler-11 c,13.0241,0.07508,4.544,2.87,,pscomppars,2026-08-25T01:04:02.309843+00:00,data/raw/kepler/kic_6541920/mastDownload/Kepler/kplr006541920_lc_Q011111111111111111/kplr006541920-2011177032512_llc.fits,4768,True,available,
6541920,KIC,Kepler-11,Kepler-11,Compact multi-planet system,Kepler-11 d,22.6845,0.0885,5.586,3.12,,pscomppars,2026-08-25T01:04:02.309843+00:00,data/raw/kepler/kic_6541920/mastDownload/Kepler/kplr006541920_lc_Q011111111111111111/kplr006541920-2011177032512_llc.fits,4768,True,available,
6541920,KIC,Kepler-11,Kepler-11,Compact multi-planet system,Kepler-11 e,31.9996,0.1333,4.165,4.19,,pscomppars,2026-08-25T01:04:02.309843+00:00,data/raw/kepler/kic_6541920/mastDownload/Kepler/kplr006541920_lc_Q011111111111111111/kplr006541920-2011177032512_llc.fits,4768,True,available,
6541920,KIC,Kepler-11,Kepler-11,Compact multi-planet system,Kepler-11 f,46.6888,0.0548,6.431,2.49,,pscomppars,2026-08-25T01:04:02.309843+00:00,data/raw/kepler/kic_6541920/mastDownload/Kepler/kplr006541920_lc_Q011111111111111111/kplr006541920-2011177032512_llc.fits,4768,True,available,
6541920,KIC,Kepler-11,Kepler-11,Compact multi-planet system,Kepler-11 g,118.3807,0.1006,9.469,3.33,,pscomppars,2026-08-25T01:04:02.309843+00:00,data/raw/kepler/kic_6541920/mastDownload/Kepler/kplr006541920_lc_Q011111111111111111/kplr006541920-2011177032512_llc.fits,4768,True,available,
6541920,KIC,Kepler-11,Kepler-11,Compact multi-planet system,Kepler-11 b,10.3039,0.03013,4.116,1.8,,pscomppars,2026-08-25T01:04:02.309843+00:00,data/raw/kepler/kic_6541920/mastDownload/Kepler/kplr006541920_lc_Q011111111111111111/kplr006541920-2011271113734_llc.fits,4573,True,available,
6541920,KIC,Kepler-11,Kepler-11,Compact multi-planet system,Kepler-11 c,13.0241,0.07508,4.544,2.87,,pscomppars,2026-08-25T01:04:02.309843+00:00,data/raw/kepler/kic_6541920/mastDownload/Kepler/kplr006541920_lc_Q011111111111111111/kplr006541920-2011271113734_llc.fits,4573,True,available,
6541920,KIC,Kepler-11,Kepler-11,Compact multi-planet system,Kepler-11 d,22.6845,0.0885,5.586,3.12,,pscomppars,2026-08-25T01:04:02.309843+00:00,data/raw/kepler/kic_6541920/mastDownload/Kepler/kplr006541920_lc_Q011111111111111111/kplr006541920-2011271113734_llc.fits,4573,True,available,
6541920,KIC,Kepler-11,Kepler-11,Compact multi-planet system,Kepler-11 e,31.9996,0.1333,4.165,4.19,,pscomppars,2026-08-25T01:04:02.309843+00:00,data/raw/kepler/kic_6541920/mastDownload/Kepler/kplr006541920_lc_Q011111111111111111/kplr006541920-2011271113734_llc.fits,4573,True,available,
6541920,KIC,Kepler-11,Kepler-11,Compact multi-planet system,Kepler-11 f,46.6888,0.0548,6.431,2.49,,pscomppars,2026-08-25T01:04:02.309843+00:00,data/raw/kepler/kic_6541920/mastDownload/Kepler/kplr006541920_lc_Q011111111111111111/kplr006541920-2011271113734_llc.fits,4573,True,available,
6541920,KIC,Kepler-11,Kepler-11,Compact multi-planet system,Kepler-11 g,118.3807,0.1006,9.469,3.33,,pscomppars,2026-08-25T01:04:02.309843+00:00,data/raw/kepler/kic_6541920/mastDownload/Kepler/kplr006541920_lc_Q011111111111111111/kplr006541920-2011271113734_llc.fits,4573,True,available,
6541920,KIC,Kepler-11,Kepler-11,Compact multi-planet system,Kepler-11 b,10.3039,0.03013,4.116,1.8,,pscomppars,2026-08-25T01:04:02.309843+00:00,data/raw/kepler/kic_6541920/mastDownload/Kepler/kplr006541920_lc_Q011111111111111111/kplr006541920-2012004120508_llc.fits,4754,True,available,
6541920,KIC,Kepler-11,Kepler-11,Compact multi-planet system,Kepler-11 c,13.0241,0.07508,4.544,2.87,,pscomppars,2026-08-25T01:04:02.309843+00:00,data/raw/kepler/kic_6541920/mastDownload/Kepler/kplr006541920_lc_Q011111111111111111/kplr006541920-2012004120508_llc.fits,4754,True,available,
6541920,KIC,Kepler-11,Kepler-11,Compact multi-planet system,Kepler-11 d,22.6845,0.0885,5.586,3.12,,pscomppars,2026-08-25T01:04:02.309843+00:00,data/raw/kepler/kic_6541920/mastDownload/Kepler/kplr006541920_lc_Q011111111111111111/kplr006541920-2012004120508_llc.fits,4754,True,available,
6541920,KIC,Kepler-11,Kepler-11,Compact multi-planet system,Kepler-11 e,31.9996,0.1333,4.165,4.19,,pscomppars,2026-08-25T01:04:02.309843+00:00,data/raw/kepler/kic_6541920/mastDownload/Kepler/kplr006541920_lc_Q011111111111111111/kplr006541920-2012004120508_llc.fits,4754,True,available,
6541920,KIC,Kepler-11,Kepler-11,Compact multi-planet system,Kepler-11 f,46.6888,0.0548,6.431,2.49,,pscomppars,2026-08-25T01:04:02.309843+00:00,data/raw/kepler/kic_6541920/mastDownload/Kepler/kplr006541920_lc_Q011111111111111111/kplr006541920-2012004120508_llc.fits,4754,True,available,
6541920,KIC,Kepler-11,Kepler-11,Compact multi-planet system,Kepler-11 g,118.3807,0.1006,9.469,3.33,,pscomppars,2026-08-25T01:04:02.309843+00:00,data/raw/kepler/kic_6541920/mastDownload/Kepler/kplr006541920_lc_Q011111111111111111/kplr006541920-2012004120508_llc.fits,4754,True,available,
6541920,KIC,Kepler-11,Kepler-11,Compact multi-planet system,Kepler-11 b,10.3039,0.03013,4.116,1.8,,pscomppars,2026-08-25T01:04:02.309843+00:00,data/raw/kepler/kic_6541920/mastDownload/Kepler/kplr006541920_lc_Q011111111111111111/kplr006541920-2012088054726_llc.fits,4044,True,available,
6541920,KIC,Kepler-11,Kepler-11,Compact multi-planet system,Kepler-11 c,13.0241,0.07508,4.544,2.87,,pscomppars,2026-08-25T01:04:02.309843+00:00,data/raw/kepler/kic_6541920/mastDownload/Kepler/kplr006541920_lc_Q011111111111111111/kplr006541920-2012088054726_llc.fits,4044,True,available,
6541920,KIC,Kepler-11,Kepler-11,Compact multi-planet system,Kepler-11 d,22.6845,0.0885,5.586,3.12,,pscomppars,2026-08-25T01:04:02.309843+00:00,data/raw/kepler/kic_6541920/mastDownload/Kepler/kplr006541920_lc_Q011111111111111111/kplr006541920-2012088054726_llc.fits,4044,True,available,
6541920,KIC,Kepler-11,Kepler-11,Compact multi-planet system,Kepler-11 e,31.9996,0.1333,4.165,4.19,,pscomppars,2026-08-25T01:04:02.309843+00:00,data/raw/kepler/kic_6541920/mastDownload/Kepler/kplr006541920_lc_Q011111111111111111/kplr006541920-2012088054726_llc.fits,4044,True,available,
6541920,KIC,Kepler-11,Kepler-11,Compact multi-planet system,Kepler-11 f,46.6888,0.0548,6.431,2.49,,pscomppars,2026-08-25T01:04:02.309843+00:00,data/raw/kepler/kic_6541920/mastDownload/Kepler/kplr006541920_lc_Q011111111111111111/kplr006541920-2012088054726_llc.fits,4044,True,available,
6541920,KIC,Kepler-11,Kepler-11,Compact multi-planet system,Kepler-11 g,118.3807,0.1006,9.469,3.33,,pscomppars,2026-08-25T01:04:02.309843+00:00,data/raw/kepler/kic_6541920/mastDownload/Kepler/kplr006541920_lc_Q011111111111111111/kplr006541920-2012088054726_llc.fits,4044,True,available,
6541920,KIC,Kepler-11,Kepler-11,Compact multi-planet system,Kepler-11 b,10.3039,0.03013,4.116,1.8,,pscomppars,2026-08-25T01:04:02.309843+00:00,data/raw/kepler/kic_6541920/mastDownload/Kepler/kplr006541920_lc_Q011111111111111111/kplr006541920-2012179063303_llc.fits,4421,True,available,
6541920,KIC,Kepler-11,Kepler-11,Compact multi-planet system,Kepler-11 c,13.0241,0.07508,4.544,2.87,,pscomppars,2026-08-25T01:04:02.309843+00:00,data/raw/kepler/kic_6541920/mastDownload/Kepler/kplr006541920_lc_Q011111111111111111/kplr006541920-2012179063303_llc.fits,4421,True,available,
6541920,KIC,Kepler-11,Kepler-11,Compact multi-planet system,Kepler-11 d,22.6845,0.0885,5.586,3.12,,pscomppars,2026-08-25T01:04:02.309843+00:00,data/raw/kepler/kic_6541920/mastDownload/Kepler/kplr006541920_lc_Q011111111111111111/kplr006541920-2012179063303_llc.fits,4421,True,available,
6541920,KIC,Kepler-11,Kepler-11,Compact multi-planet system,Kepler-11 e,31.9996,0.1333,4.165,4.19,,pscomppars,2026-08-25T01:04:02.309843+00:00,data/raw/kepler/kic_6541920/mastDownload/Kepler/kplr006541920_lc_Q011111111111111111/kplr006541920-2012179063303_llc.fits,4421,True,available,
6541920,KIC,Kepler-11,Kepler-11,Compact multi-planet system,Kepler-11 f,46.6888,0.0548,6.431,2.49,,pscomppars,2026-08-25T01:04:02.309843+00:00,data/raw/kepler/kic_6541920/mastDownload/Kepler/kplr006541920_lc_Q011111111111111111/kplr006541920-2012179063303_llc.fits,4421,True,available,
6541920,KIC,Kepler-11,Kepler-11,Compact multi-planet system,Kepler-11 g,118.3807,0.1006,9.469,3.33,,pscomppars,2026-08-25T01:04:02.309843+00:00,data/raw/kepler/kic_6541920/mastDownload/Kepler/kplr006541920_lc_Q011111111111111111/kplr006541920-2012179063303_llc.fits,4421,True,available,
6541920,KIC,Kepler-11,Kepler-11,Compact multi-planet system,Kepler-11 b,10.3039,0.03013,4.116,1.8,,pscomppars,2026-08-25T01:04:02.309843+00:00,data/raw/kepler/kic_6541920/mastDownload/Kepler/kplr006541920_lc_Q011111111111111111/kplr006541920-2012277125453_llc.fits,4757,True,available,
6541920,KIC,Kepler-11,Kepler-11,Compact multi-planet system,Kepler-11 c,13.0241,0.07508,4.544,2.87,,pscomppars,2026-08-25T01:04:02.309843+00:00,data/raw/kepler/kic_6541920/mastDownload/Kepler/kplr006541920_lc_Q011111111111111111/kplr006541920-2012277125453_llc.fits,4757,True,available,
6541920,KIC,Kepler-11,Kepler-11,Compact multi-planet system,Kepler-11 d,22.6845,0.0885,5.586,3.12,,pscomppars,2026-08-25T01:04:02.309843+00:00,data/raw/kepler/kic_6541920/mastDownload/Kepler/kplr006541920_lc_Q011111111111111111/kplr006541920-2012277125453_llc.fits,4757,True,available,
6541920,KIC,Kepler-11,Kepler-11,Compact multi-planet system,Kepler-11 e,31.9996,0.1333,4.165,4.19,,pscomppars,2026-08-25T01:04:02.309843+00:00,data/raw/kepler/kic_6541920/mastDownload/Kepler/kplr006541920_lc_Q011111111111111111/kplr006541920-2012277125453_llc.fits,4757,True,available,
6541920,KIC,Kepler-11,Kepler-11,Compact multi-planet system,Kepler-11 f,46.6888,0.0548,6.431,2.49,,pscomppars,2026-08-25T01:04:02.309843+00:00,data/raw/kepler/kic_6541920/mastDownload/Kepler/kplr006541920_lc_Q011111111111111111/kplr006541920-2012277125453_llc.fits,4757,True,available,
6541920,KIC,Kepler-11,Kepler-11,Compact multi-planet system,Kepler-11 g,118.3807,0.1006,9.469,3.33,,pscomppars,2026-08-25T01:04:02.309843+00:00,data/raw/kepler/kic_6541920/mastDownload/Kepler/kplr006541920_lc_Q011111111111111111/kplr006541920-2012277125453_llc.fits,4757,True,available,
6541920,KIC,Kepler-11,Kepler-11,Compact multi-planet system,Kepler-11 b,10.3039,0.03013,4.116,1.8,,pscomppars,2026-08-25T01:04:02.309843+00:00,data/raw/kepler/kic_6541920/mastDownload/Kepler/kplr006541920_lc_Q011111111111111111/kplr006541920-2013011073258_llc.fits,4780,True,available,
6541920,KIC,Kepler-11,Kepler-11,Compact multi-planet system,Kepler-11 c,13.0241,0.07508,4.544,2.87,,pscomppars,2026-08-25T01:04:02.309843+00:00,data/raw/kepler/kic_6541920/mastDownload/Kepler/kplr006541920_lc_Q011111111111111111/kplr006541920-2013011073258_llc.fits,4780,True,available,
6541920,KIC,Kepler-11,Kepler-11,Compact multi-planet system,Kepler-11 d,22.6845,0.0885,5.586,3.12,,pscomppars,2026-08-25T01:04:02.309843+00:00,data/raw/kepler/kic_6541920/mastDownload/Kepler/kplr006541920_lc_Q011111111111111111/kplr006541920-2013011073258_llc.fits,4780,True,available,
6541920,KIC,Kepler-11,Kepler-11,Compact multi-planet system,Kepler-11 e,31.9996,0.1333,4.165,4.19,,pscomppars,2026-08-25T01:04:02.309843+00:00,data/raw/kepler/kic_6541920/mastDownload/Kepler/kplr006541920_lc_Q011111111111111111/kplr006541920-2013011073258_llc.fits,4780,True,available,
6541920,KIC,Kepler-11,Kepler-11,Compact multi-planet system,Kepler-11 f,46.6888,0.0548,6.431,2.49,,pscomppars,2026-08-25T01:04:02.309843+00:00,data/raw/kepler/kic_6541920/mastDownload/Kepler/kplr006541920_lc_Q011111111111111111/kplr006541920-2013011073258_llc.fits,4780,True,available,
6541920,KIC,Kepler-11,Kepler-11,Compact multi-planet system,Kepler-11 g,118.3807,0.1006,9.469,3.33,,pscomppars,2026-08-25T01:04:02.309843+00:00,data/raw/kepler/kic_6541920/mastDownload/Kepler/kplr006541920_lc_Q011111111111111111/kplr006541920-2013011073258_llc.fits,4780,True,available,
6541920,KIC,Kepler-11,Kepler-11,Compact multi-planet system,Kepler-11 b,10.3039,0.03013,4.116,1.8,,pscomppars,2026-08-25T01:04:02.309843+00:00,data/raw/kepler/kic_6541920/mastDownload/Kepler/kplr006541920_lc_Q011111111111111111/kplr006541920-2013098041711_llc.fits,4203,True,available,
6541920,KIC,Kepler-11,Kepler-11,Compact multi-planet system,Kepler-11 c,13.0241,0.07508,4.544,2.87,,pscomppars,2026-08-25T01:04:02.309843+00:00,data/raw/kepler/kic_6541920/mastDownload/Kepler/kplr006541920_lc_Q011111111111111111/kplr006541920-2013098041711_llc.fits,4203,True,available,
6541920,KIC,Kepler-11,Kepler-11,Compact multi-planet system,Kepler-11 d,22.6845,0.0885,5.586,3.12,,pscomppars,2026-08-25T01:04:02.309843+00:00,data/raw/kepler/kic_6541920/mastDownload/Kepler/kplr006541920_lc_Q011111111111111111/kplr006541920-2013098041711_llc.fits,4203,True,available,
6541920,KIC,Kepler-11,Kepler-11,Compact multi-planet system,Kepler-11 e,31.9996,0.1333,4.165,4.19,,pscomppars,2026-08-25T01:04:02.309843+00:00,data/raw/kepler/kic_6541920/mastDownload/Kepler/kplr006541920_lc_Q011111111111111111/kplr006541920-2013098041711_llc.fits,4203,True,available,
6541920,KIC,Kepler-11,Kepler-11,Compact multi-planet system,Kepler-11 f,46.6888,0.0548,6.431,2.49,,pscomppars,2026-08-25T01:04:02.309843+00:00,data/raw/kepler/kic_6541920/mastDownload/Kepler/kplr006541920_lc_Q011111111111111111/kplr006541920-2013098041711_llc.fits,4203,True,available,
6541920,KIC,Kepler-11,Kepler-11,Compact multi-planet system,Kepler-11 g,118.3807,0.1006,9.469,3.33,,pscomppars,2026-08-25T01:04:02.309843+00:00,data/raw/kepler/kic_6541920/mastDownload/Kepler/kplr006541920_lc_Q011111111111111111/kplr006541920-2013098041711_llc.fits,4203,True,available,
6541920,KIC,Kepler-11,Kepler-11,Compact multi-planet system,Kepler-11 b,10.3039,0.03013,4.116,1.8,,pscomppars,2026-08-25T01:04:02.309843+00:00,data/raw/kepler/kic_6541920/mastDownload/Kepler/kplr006541920_lc_Q011111111111111111/kplr006541920-2013131215648_llc.fits,1556,True,available,
6541920,KIC,Kepler-11,Kepler-11,Compact multi-planet system,Kepler-11 c,13.0241,0.07508,4.544,2.87,,pscomppars,2026-08-25T01:04:02.309843+00:00,data/raw/kepler/kic_6541920/mastDownload/Kepler/kplr006541920_lc_Q011111111111111111/kplr006541920-2013131215648_llc.fits,1556,True,available,
6541920,KIC,Kepler-11,Kepler-11,Compact multi-planet system,Kepler-11 d,22.6845,0.0885,5.586,3.12,,pscomppars,2026-08-25T01:04:02.309843+00:00,data/raw/kepler/kic_6541920/mastDownload/Kepler/kplr006541920_lc_Q011111111111111111/kplr006541920-2013131215648_llc.fits,1556,True,available,
6541920,KIC,Kepler-11,Kepler-11,Compact multi-planet system,Kepler-11 e,31.9996,0.1333,4.165,4.19,,pscomppars,2026-08-25T01:04:02.309843+00:00,data/raw/kepler/kic_6541920/mastDownload/Kepler/kplr006541920_lc_Q011111111111111111/kplr006541920-2013131215648_llc.fits,1556,True,available,
6541920,KIC,Kepler-11,Kepler-11,Compact multi-planet system,Kepler-11 f,46.6888,0.0548,6.431,2.49,,pscomppars,2026-08-25T01:04:02.309843+00:00,data/raw/kepler/kic_6541920/mastDownload/Kepler/kplr006541920_lc_Q011111111111111111/kplr006541920-2013131215648_llc.fits,1556,True,available,
6541920,KIC,Kepler-11,Kepler-11,Compact multi-planet system,Kepler-11 g,118.3807,0.1006,9.469,3.33,,pscomppars,2026-08-25T01:04:02.309843+00:00,data/raw/kepler/kic_6541920/mastDownload/Kepler/kplr006541920_lc_Q011111111111111111/kplr006541920-2013131215648_llc.fits,1556,True,available,
11804465,KIC,Kepler-12,Kepler-12,Inflated hot Jupiter,Kepler-12 b,4.4379629,1.67211,4.69813,19.660586,,pscomppars,2026-08-25T01:04:02.309843+00:00,data/raw/kepler/kic_11804465/mastDownload/Kepler/kplr011804465_lc_Q111111110111011101/kplr011804465-2009131105131_llc.fits,476,True,available,
11804465,KIC,Kepler-12,Kepler-12,Inflated hot Jupiter,Kepler-12 b,4.4379629,1.67211,4.69813,19.660586,,pscomppars,2026-08-25T01:04:02.309843+00:00,data/raw/kepler/kic_11804465/mastDownload/Kepler/kplr011804465_lc_Q111111110111011101/kplr011804465-2009166043257_llc.fits,1639,True,available,
11804465,KIC,Kepler-12,Kepler-12,Inflated hot Jupiter,Kepler-12 b,4.4379629,1.67211,4.69813,19.660586,,pscomppars,2026-08-25T01:04:02.309843+00:00,data/raw/kepler/kic_11804465/mastDownload/Kepler/kplr011804465_lc_Q111111110111011101/kplr011804465-2009259160929_llc.fits,4354,True,available,
11804465,KIC,Kepler-12,Kepler-12,Inflated hot Jupiter,Kepler-12 b,4.4379629,1.67211,4.69813,19.660586,,pscomppars,2026-08-25T01:04:02.309843+00:00,data/raw/kepler/kic_11804465/mastDownload/Kepler/kplr011804465_lc_Q111111110111011101/kplr011804465-2009350155506_llc.fits,4370,True,available,
11804465,KIC,Kepler-12,Kepler-12,Inflated hot Jupiter,Kepler-12 b,4.4379629,1.67211,4.69813,19.660586,,pscomppars,2026-08-25T01:04:02.309843+00:00,data/raw/kepler/kic_11804465/mastDownload/Kepler/kplr011804465_lc_Q111111110111011101/kplr011804465-2010009091648_llc.fits,1021,True,available,
11804465,KIC,Kepler-12,Kepler-12,Inflated hot Jupiter,Kepler-12 b,4.4379629,1.67211,4.69813,19.660586,,pscomppars,2026-08-25T01:04:02.309843+00:00,data/raw/kepler/kic_11804465/mastDownload/Kepler/kplr011804465_lc_Q111111110111011101/kplr011804465-2010174085026_llc.fits,4634,True,available,
11804465,KIC,Kepler-12,Kepler-12,Inflated hot Jupiter,Kepler-12 b,4.4379629,1.67211,4.69813,19.660586,,pscomppars,2026-08-25T01:04:02.309843+00:00,data/raw/kepler/kic_11804465/mastDownload/Kepler/kplr011804465_lc_Q111111110111011101/kplr011804465-2010265121752_llc.fits,4398,True,available,
11804465,KIC,Kepler-12,Kepler-12,Inflated hot Jupiter,Kepler-12 b,4.4379629,1.67211,4.69813,19.660586,,pscomppars,2026-08-25T01:04:02.309843+00:00,data/raw/kepler/kic_11804465/mastDownload/Kepler/kplr011804465_lc_Q111111110111011101/kplr011804465-2010355172524_llc.fits,4375,True,available,
11804465,KIC,Kepler-12,Kepler-12,Inflated hot Jupiter,Kepler-12 b,4.4379629,1.67211,4.69813,19.660586,,pscomppars,2026-08-25T01:04:02.309843+00:00,data/raw/kepler/kic_11804465/mastDownload/Kepler/kplr011804465_lc_Q111111110111011101/kplr011804465-2011177032512_llc.fits,4768,True,available,
11804465,KIC,Kepler-12,Kepler-12,Inflated hot Jupiter,Kepler-12 b,4.4379629,1.67211,4.69813,19.660586,,pscomppars,2026-08-25T01:04:02.309843+00:00,data/raw/kepler/kic_11804465/mastDownload/Kepler/kplr011804465_lc_Q111111110111011101/kplr011804465-2011271113734_llc.fits,4573,True,available,
11804465,KIC,Kepler-12,Kepler-12,Inflated hot Jupiter,Kepler-12 b,4.4379629,1.67211,4.69813,19.660586,,pscomppars,2026-08-25T01:04:02.309843+00:00,data/raw/kepler/kic_11804465/mastDownload/Kepler/kplr011804465_lc_Q111111110111011101/kplr011804465-2012004120508_llc.fits,4754,True,available,
11804465,KIC,Kepler-12,Kepler-12,Inflated hot Jupiter,Kepler-12 b,4.4379629,1.67211,4.69813,19.660586,,pscomppars,2026-08-25T01:04:02.309843+00:00,data/raw/kepler/kic_11804465/mastDownload/Kepler/kplr011804465_lc_Q111111110111011101/kplr011804465-2012179063303_llc.fits,4421,True,available,
11804465,KIC,Kepler-12,Kepler-12,Inflated hot Jupiter,Kepler-12 b,4.4379629,1.67211,4.69813,19.660586,,pscomppars,2026-08-25T01:04:02.309843+00:00,data/raw/kepler/kic_11804465/mastDownload/Kepler/kplr011804465_lc_Q111111110111011101/kplr011804465-2012277125453_llc.fits,4757,True,available,
11804465,KIC,Kepler-12,Kepler-12,Inflated hot Jupiter,Kepler-12 b,4.4379629,1.67211,4.69813,19.660586,,pscomppars,2026-08-25T01:04:02.309843+00:00,data/raw/kepler/kic_11804465/mastDownload/Kepler/kplr011804465_lc_Q111111110111011101/kplr011804465-2013011073258_llc.fits,4780,True,available,
11804465,KIC,Kepler-12,Kepler-12,Inflated hot Jupiter,Kepler-12 b,4.4379629,1.67211,4.69813,19.660586,,pscomppars,2026-08-25T01:04:02.309843+00:00,data/raw/kepler/kic_11804465/mastDownload/Kepler/kplr011804465_lc_Q111111110111011101/kplr011804465-2013131215648_llc.fits,1556,True,available,
9941662,KIC,Kepler-13,KOI-13,"Bright, blended hot-Jupiter system; archive alias KOI-13",KOI-13 b,1.763588,0.45906,3.16877,16.948008,,pscomppars,2026-08-25T01:04:02.309843+00:00,data/raw/kepler/kic_9941662/mastDownload/Kepler/kplr009941662_lc_Q111111111111111111/kplr009941662-2009131105131_llc.fits,476,True,available,
9941662,KIC,Kepler-13,KOI-13,"Bright, blended hot-Jupiter system; archive alias KOI-13",KOI-13 b,1.763588,0.45906,3.16877,16.948008,,pscomppars,2026-08-25T01:04:02.309843+00:00,data/raw/kepler/kic_9941662/mastDownload/Kepler/kplr009941662_lc_Q111111111111111111/kplr009941662-2009166043257_llc.fits,1639,True,available,
9941662,KIC,Kepler-13,KOI-13,"Bright, blended hot-Jupiter system; archive alias KOI-13",KOI-13 b,1.763588,0.45906,3.16877,16.948008,,pscomppars,2026-08-25T01:04:02.309843+00:00,data/raw/kepler/kic_9941662/mastDownload/Kepler/kplr009941662_lc_Q111111111111111111/kplr009941662-2009259160929_llc.fits,4354,True,available,
9941662,KIC,Kepler-13,KOI-13,"Bright, blended hot-Jupiter system; archive alias KOI-13",KOI-13 b,1.763588,0.45906,3.16877,16.948008,,pscomppars,2026-08-25T01:04:02.309843+00:00,data/raw/kepler/kic_9941662/mastDownload/Kepler/kplr009941662_lc_Q111111111111111111/kplr009941662-2009350155506_llc.fits,4370,True,available,
9941662,KIC,Kepler-13,KOI-13,"Bright, blended hot-Jupiter system; archive alias KOI-13",KOI-13 b,1.763588,0.45906,3.16877,16.948008,,pscomppars,2026-08-25T01:04:02.309843+00:00,data/raw/kepler/kic_9941662/mastDownload/Kepler/kplr009941662_lc_Q111111111111111111/kplr009941662-2010078095331_llc.fits,4397,True,available,
9941662,KIC,Kepler-13,KOI-13,"Bright, blended hot-Jupiter system; archive alias KOI-13",KOI-13 b,1.763588,0.45906,3.16877,16.948008,,pscomppars,2026-08-25T01:04:02.309843+00:00,data/raw/kepler/kic_9941662/mastDownload/Kepler/kplr009941662_lc_Q111111111111111111/kplr009941662-2010174085026_llc.fits,4634,True,available,
9941662,KIC,Kepler-13,KOI-13,"Bright, blended hot-Jupiter system; archive alias KOI-13",KOI-13 b,1.763588,0.45906,3.16877,16.948008,,pscomppars,2026-08-25T01:04:02.309843+00:00,data/raw/kepler/kic_9941662/mastDownload/Kepler/kplr009941662_lc_Q111111111111111111/kplr009941662-2010265121752_llc.fits,4398,True,available,
9941662,KIC,Kepler-13,KOI-13,"Bright, blended hot-Jupiter system; archive alias KOI-13",KOI-13 b,1.763588,0.45906,3.16877,16.948008,,pscomppars,2026-08-25T01:04:02.309843+00:00,data/raw/kepler/kic_9941662/mastDownload/Kepler/kplr009941662_lc_Q111111111111111111/kplr009941662-2010355172524_llc.fits,4375,True,available,
9941662,KIC,Kepler-13,KOI-13,"Bright, blended hot-Jupiter system; archive alias KOI-13",KOI-13 b,1.763588,0.45906,3.16877,16.948008,,pscomppars,2026-08-25T01:04:02.309843+00:00,data/raw/kepler/kic_9941662/mastDownload/Kepler/kplr009941662_lc_Q111111111111111111/kplr009941662-2011073133259_llc.fits,3279,True,available,
9941662,KIC,Kepler-13,KOI-13,"Bright, blended hot-Jupiter system; archive alias KOI-13",KOI-13 b,1.763588,0.45906,3.16877,16.948008,,pscomppars,2026-08-25T01:04:02.309843+00:00,data/raw/kepler/kic_9941662/mastDownload/Kepler/kplr009941662_lc_Q111111111111111111/kplr009941662-2011177032512_llc.fits,4768,True,available,
9941662,KIC,Kepler-13,KOI-13,"Bright, blended hot-Jupiter system; archive alias KOI-13",KOI-13 b,1.763588,0.45906,3.16877,16.948008,,pscomppars,2026-08-25T01:04:02.309843+00:00,data/raw/kepler/kic_9941662/mastDownload/Kepler/kplr009941662_lc_Q111111111111111111/kplr009941662-2011271113734_llc.fits,4573,True,available,
9941662,KIC,Kepler-13,KOI-13,"Bright, blended hot-Jupiter system; archive alias KOI-13",KOI-13 b,1.763588,0.45906,3.16877,16.948008,,pscomppars,2026-08-25T01:04:02.309843+00:00,data/raw/kepler/kic_9941662/mastDownload/Kepler/kplr009941662_lc_Q111111111111111111/kplr009941662-2012004120508_llc.fits,4754,True,available,
9941662,KIC,Kepler-13,KOI-13,"Bright, blended hot-Jupiter system; archive alias KOI-13",KOI-13 b,1.763588,0.45906,3.16877,16.948008,,pscomppars,2026-08-25T01:04:02.309843+00:00,data/raw/kepler/kic_9941662/mastDownload/Kepler/kplr009941662_lc_Q111111111111111111/kplr009941662-2012088054726_llc.fits,4044,True,available,
9941662,KIC,Kepler-13,KOI-13,"Bright, blended hot-Jupiter system; archive alias KOI-13",KOI-13 b,1.763588,0.45906,3.16877,16.948008,,pscomppars,2026-08-25T01:04:02.309843+00:00,data/raw/kepler/kic_9941662/mastDownload/Kepler/kplr009941662_lc_Q111111111111111111/kplr009941662-2012179063303_llc.fits,4421,True,available,
9941662,KIC,Kepler-13,KOI-13,"Bright, blended hot-Jupiter system; archive alias KOI-13",KOI-13 b,1.763588,0.45906,3.16877,16.948008,,pscomppars,2026-08-25T01:04:02.309843+00:00,data/raw/kepler/kic_9941662/mastDownload/Kepler/kplr009941662_lc_Q111111111111111111/kplr009941662-2012277125453_llc.fits,4757,True,available,
9941662,KIC,Kepler-13,KOI-13,"Bright, blended hot-Jupiter system; archive alias KOI-13",KOI-13 b,1.763588,0.45906,3.16877,16.948008,,pscomppars,2026-08-25T01:04:02.309843+00:00,data/raw/kepler/kic_9941662/mastDownload/Kepler/kplr009941662_lc_Q111111111111111111/kplr009941662-2013011073258_llc.fits,4780,True,available,
9941662,KIC,Kepler-13,KOI-13,"Bright, blended hot-Jupiter system; archive alias KOI-13",KOI-13 b,1.763588,0.45906,3.16877,16.948008,,pscomppars,2026-08-25T01:04:02.309843+00:00,data/raw/kepler/kic_9941662/mastDownload/Kepler/kplr009941662_lc_Q111111111111111111/kplr009941662-2013098041711_llc.fits,4203,True,available,
9941662,KIC,Kepler-13,KOI-13,"Bright, blended hot-Jupiter system; archive alias KOI-13",KOI-13 b,1.763588,0.45906,3.16877,16.948008,,pscomppars,2026-08-25T01:04:02.309843+00:00,data/raw/kepler/kic_9941662/mastDownload/Kepler/kplr009941662_lc_Q111111111111111111/kplr009941662-2013131215648_llc.fits,1556,True,available,
10264660,KIC,Kepler-14,Kepler-14,Known dilution challenge,Kepler-14 b,6.790123,0.22523,6.2184,12.733,,pscomppars,2026-08-25T01:04:02.309843+00:00,data/raw/kepler/kic_10264660/mastDownload/Kepler/kplr010264660_lc_Q111111111111111111/kplr010264660-2009131105131_llc.fits,476,True,available,
10264660,KIC,Kepler-14,Kepler-14,Known dilution challenge,Kepler-14 b,6.790123,0.22523,6.2184,12.733,,pscomppars,2026-08-25T01:04:02.309843+00:00,data/raw/kepler/kic_10264660/mastDownload/Kepler/kplr010264660_lc_Q111111111111111111/kplr010264660-2009166043257_llc.fits,1639,True,available,
10264660,KIC,Kepler-14,Kepler-14,Known dilution challenge,Kepler-14 b,6.790123,0.22523,6.2184,12.733,,pscomppars,2026-08-25T01:04:02.309843+00:00,data/raw/kepler/kic_10264660/mastDownload/Kepler/kplr010264660_lc_Q111111111111111111/kplr010264660-2009259160929_llc.fits,4354,True,available,
10264660,KIC,Kepler-14,Kepler-14,Known dilution challenge,Kepler-14 b,6.790123,0.22523,6.2184,12.733,,pscomppars,2026-08-25T01:04:02.309843+00:00,data/raw/kepler/kic_10264660/mastDownload/Kepler/kplr010264660_lc_Q111111111111111111/kplr010264660-2009350155506_llc.fits,4370,True,available,
10264660,KIC,Kepler-14,Kepler-14,Known dilution challenge,Kepler-14 b,6.790123,0.22523,6.2184,12.733,,pscomppars,2026-08-25T01:04:02.309843+00:00,data/raw/kepler/kic_10264660/mastDownload/Kepler/kplr010264660_lc_Q111111111111111111/kplr010264660-2010078095331_llc.fits,4397,True,available,
10264660,KIC,Kepler-14,Kepler-14,Known dilution challenge,Kepler-14 b,6.790123,0.22523,6.2184,12.733,,pscomppars,2026-08-25T01:04:02.309843+00:00,data/raw/kepler/kic_10264660/mastDownload/Kepler/kplr010264660_lc_Q111111111111111111/kplr010264660-2010174085026_llc.fits,4634,True,available,
10264660,KIC,Kepler-14,Kepler-14,Known dilution challenge,Kepler-14 b,6.790123,0.22523,6.2184,12.733,,pscomppars,2026-08-25T01:04:02.309843+00:00,data/raw/kepler/kic_10264660/mastDownload/Kepler/kplr010264660_lc_Q111111111111111111/kplr010264660-2010265121752_llc.fits,4398,True,available,
10264660,KIC,Kepler-14,Kepler-14,Known dilution challenge,Kepler-14 b,6.790123,0.22523,6.2184,12.733,,pscomppars,2026-08-25T01:04:02.309843+00:00,data/raw/kepler/kic_10264660/mastDownload/Kepler/kplr010264660_lc_Q111111111111111111/kplr010264660-2010355172524_llc.fits,4375,True,available,
10264660,KIC,Kepler-14,Kepler-14,Known dilution challenge,Kepler-14 b,6.790123,0.22523,6.2184,12.733,,pscomppars,2026-08-25T01:04:02.309843+00:00,data/raw/kepler/kic_10264660/mastDownload/Kepler/kplr010264660_lc_Q111111111111111111/kplr010264660-2011073133259_llc.fits,3279,True,available,
10264660,KIC,Kepler-14,Kepler-14,Known dilution challenge,Kepler-14 b,6.790123,0.22523,6.2184,12.733,,pscomppars,2026-08-25T01:04:02.309843+00:00,data/raw/kepler/kic_10264660/mastDownload/Kepler/kplr010264660_lc_Q111111111111111111/kplr010264660-2011177032512_llc.fits,4768,True,available,
10264660,KIC,Kepler-14,Kepler-14,Known dilution challenge,Kepler-14 b,6.790123,0.22523,6.2184,12.733,,pscomppars,2026-08-25T01:04:02.309843+00:00,data/raw/kepler/kic_10264660/mastDownload/Kepler/kplr010264660_lc_Q111111111111111111/kplr010264660-2011271113734_llc.fits,4573,True,available,
10264660,KIC,Kepler-14,Kepler-14,Known dilution challenge,Kepler-14 b,6.790123,0.22523,6.2184,12.733,,pscomppars,2026-08-25T01:04:02.309843+00:00,data/raw/kepler/kic_10264660/mastDownload/Kepler/kplr010264660_lc_Q111111111111111111/kplr010264660-2012004120508_llc.fits,4754,True,available,
10264660,KIC,Kepler-14,Kepler-14,Known dilution challenge,Kepler-14 b,6.790123,0.22523,6.2184,12.733,,pscomppars,2026-08-25T01:04:02.309843+00:00,data/raw/kepler/kic_10264660/mastDownload/Kepler/kplr010264660_lc_Q111111111111111111/kplr010264660-2012088054726_llc.fits,4044,True,available,
10264660,KIC,Kepler-14,Kepler-14,Known dilution challenge,Kepler-14 b,6.790123,0.22523,6.2184,12.733,,pscomppars,2026-08-25T01:04:02.309843+00:00,data/raw/kepler/kic_10264660/mastDownload/Kepler/kplr010264660_lc_Q111111111111111111/kplr010264660-2012179063303_llc.fits,4421,True,available,
10264660,KIC,Kepler-14,Kepler-14,Known dilution challenge,Kepler-14 b,6.790123,0.22523,6.2184,12.733,,pscomppars,2026-08-25T01:04:02.309843+00:00,data/raw/kepler/kic_10264660/mastDownload/Kepler/kplr010264660_lc_Q111111111111111111/kplr010264660-2012277125453_llc.fits,4757,True,available,
10264660,KIC,Kepler-14,Kepler-14,Known dilution challenge,Kepler-14 b,6.790123,0.22523,6.2184,12.733,,pscomppars,2026-08-25T01:04:02.309843+00:00,data/raw/kepler/kic_10264660/mastDownload/Kepler/kplr010264660_lc_Q111111111111111111/kplr010264660-2013011073258_llc.fits,4780,True,available,
10264660,KIC,Kepler-14,Kepler-14,Known dilution challenge,Kepler-14 b,6.790123,0.22523,6.2184,12.733,,pscomppars,2026-08-25T01:04:02.309843+00:00,data/raw/kepler/kic_10264660/mastDownload/Kepler/kplr010264660_lc_Q111111111111111111/kplr010264660-2013098041711_llc.fits,4203,True,available,
10264660,KIC,Kepler-14,Kepler-14,Known dilution challenge,Kepler-14 b,6.790123,0.22523,6.2184,12.733,,pscomppars,2026-08-25T01:04:02.309843+00:00,data/raw/kepler/kic_10264660/mastDownload/Kepler/kplr010264660_lc_Q111111111111111111/kplr010264660-2013131215648_llc.fits,1556,True,available,
11359879,KIC,Kepler-15,Kepler-15,Canonical hot Jupiter,Kepler-15 b,4.942782,1.1265,3.5,10.76,,pscomppars,2026-08-25T01:04:02.309843+00:00,data/raw/kepler/kic_11359879/mastDownload/Kepler/kplr011359879_lc_Q011111111111111111/kplr011359879-2009166043257_llc.fits,1639,True,available,
11359879,KIC,Kepler-15,Kepler-15,Canonical hot Jupiter,Kepler-15 b,4.942782,1.1265,3.5,10.76,,pscomppars,2026-08-25T01:04:02.309843+00:00,data/raw/kepler/kic_11359879/mastDownload/Kepler/kplr011359879_lc_Q011111111111111111/kplr011359879-2009259160929_llc.fits,4354,True,available,
11359879,KIC,Kepler-15,Kepler-15,Canonical hot Jupiter,Kepler-15 b,4.942782,1.1265,3.5,10.76,,pscomppars,2026-08-25T01:04:02.309843+00:00,data/raw/kepler/kic_11359879/mastDownload/Kepler/kplr011359879_lc_Q011111111111111111/kplr011359879-2009350155506_llc.fits,4370,True,available,
11359879,KIC,Kepler-15,Kepler-15,Canonical hot Jupiter,Kepler-15 b,4.942782,1.1265,3.5,10.76,,pscomppars,2026-08-25T01:04:02.309843+00:00,data/raw/kepler/kic_11359879/mastDownload/Kepler/kplr011359879_lc_Q011111111111111111/kplr011359879-2010078095331_llc.fits,4397,True,available,
11359879,KIC,Kepler-15,Kepler-15,Canonical hot Jupiter,Kepler-15 b,4.942782,1.1265,3.5,10.76,,pscomppars,2026-08-25T01:04:02.309843+00:00,data/raw/kepler/kic_11359879/mastDownload/Kepler/kplr011359879_lc_Q011111111111111111/kplr011359879-2010174085026_llc.fits,4634,True,available,
11359879,KIC,Kepler-15,Kepler-15,Canonical hot Jupiter,Kepler-15 b,4.942782,1.1265,3.5,10.76,,pscomppars,2026-08-25T01:04:02.309843+00:00,data/raw/kepler/kic_11359879/mastDownload/Kepler/kplr011359879_lc_Q011111111111111111/kplr011359879-2010265121752_llc.fits,4398,True,available,
11359879,KIC,Kepler-15,Kepler-15,Canonical hot Jupiter,Kepler-15 b,4.942782,1.1265,3.5,10.76,,pscomppars,2026-08-25T01:04:02.309843+00:00,data/raw/kepler/kic_11359879/mastDownload/Kepler/kplr011359879_lc_Q011111111111111111/kplr011359879-2010355172524_llc.fits,4375,True,available,
11359879,KIC,Kepler-15,Kepler-15,Canonical hot Jupiter,Kepler-15 b,4.942782,1.1265,3.5,10.76,,pscomppars,2026-08-25T01:04:02.309843+00:00,data/raw/kepler/kic_11359879/mastDownload/Kepler/kplr011359879_lc_Q011111111111111111/kplr011359879-2011073133259_llc.fits,3279,True,available,
11359879,KIC,Kepler-15,Kepler-15,Canonical hot Jupiter,Kepler-15 b,4.942782,1.1265,3.5,10.76,,pscomppars,2026-08-25T01:04:02.309843+00:00,data/raw/kepler/kic_11359879/mastDownload/Kepler/kplr011359879_lc_Q011111111111111111/kplr011359879-2011177032512_llc.fits,4768,True,available,
11359879,KIC,Kepler-15,Kepler-15,Canonical hot Jupiter,Kepler-15 b,4.942782,1.1265,3.5,10.76,,pscomppars,2026-08-25T01:04:02.309843+00:00,data/raw/kepler/kic_11359879/mastDownload/Kepler/kplr011359879_lc_Q011111111111111111/kplr011359879-2011271113734_llc.fits,4573,True,available,
11359879,KIC,Kepler-15,Kepler-15,Canonical hot Jupiter,Kepler-15 b,4.942782,1.1265,3.5,10.76,,pscomppars,2026-08-25T01:04:02.309843+00:00,data/raw/kepler/kic_11359879/mastDownload/Kepler/kplr011359879_lc_Q011111111111111111/kplr011359879-2012004120508_llc.fits,4754,True,available,
11359879,KIC,Kepler-15,Kepler-15,Canonical hot Jupiter,Kepler-15 b,4.942782,1.1265,3.5,10.76,,pscomppars,2026-08-25T01:04:02.309843+00:00,data/raw/kepler/kic_11359879/mastDownload/Kepler/kplr011359879_lc_Q011111111111111111/kplr011359879-2012088054726_llc.fits,4044,True,available,
11359879,KIC,Kepler-15,Kepler-15,Canonical hot Jupiter,Kepler-15 b,4.942782,1.1265,3.5,10.76,,pscomppars,2026-08-25T01:04:02.309843+00:00,data/raw/kepler/kic_11359879/mastDownload/Kepler/kplr011359879_lc_Q011111111111111111/kplr011359879-2012179063303_llc.fits,4421,True,available,
11359879,KIC,Kepler-15,Kepler-15,Canonical hot Jupiter,Kepler-15 b,4.942782,1.1265,3.5,10.76,,pscomppars,2026-08-25T01:04:02.309843+00:00,data/raw/kepler/kic_11359879/mastDownload/Kepler/kplr011359879_lc_Q011111111111111111/kplr011359879-2012277125453_llc.fits,4757,True,available,
11359879,KIC,Kepler-15,Kepler-15,Canonical hot Jupiter,Kepler-15 b,4.942782,1.1265,3.5,10.76,,pscomppars,2026-08-25T01:04:02.309843+00:00,data/raw/kepler/kic_11359879/mastDownload/Kepler/kplr011359879_lc_Q011111111111111111/kplr011359879-2013011073258_llc.fits,4780,True,available,
11359879,KIC,Kepler-15,Kepler-15,Canonical hot Jupiter,Kepler-15 b,4.942782,1.1265,3.5,10.76,,pscomppars,2026-08-25T01:04:02.309843+00:00,data/raw/kepler/kic_11359879/mastDownload/Kepler/kplr011359879_lc_Q011111111111111111/kplr011359879-2013098041711_llc.fits,4203,True,available,
11359879,KIC,Kepler-15,Kepler-15,Canonical hot Jupiter,Kepler-15 b,4.942782,1.1265,3.5,10.76,,pscomppars,2026-08-25T01:04:02.309843+00:00,data/raw/kepler/kic_11359879/mastDownload/Kepler/kplr011359879_lc_Q011111111111111111/kplr011359879-2013131215648_llc.fits,1556,True,available,
12644769,KIC,Kepler-16,Kepler-16,Circumbinary transit benchmark,Kepler-16 b,228.776,,,8.4493,transit_depth_percent;transit_duration_hours,pscomppars,2026-08-25T01:04:02.309843+00:00,data/raw/kepler/kic_12644769/mastDownload/Kepler/kplr012644769_lc_Q111111111111111111/kplr012644769-2009131105131_llc.fits,476,True,available,
12644769,KIC,Kepler-16,Kepler-16,Circumbinary transit benchmark,Kepler-16 b,228.776,,,8.4493,transit_depth_percent;transit_duration_hours,pscomppars,2026-08-25T01:04:02.309843+00:00,data/raw/kepler/kic_12644769/mastDownload/Kepler/kplr012644769_lc_Q111111111111111111/kplr012644769-2009166043257_llc.fits,1639,True,available,
12644769,KIC,Kepler-16,Kepler-16,Circumbinary transit benchmark,Kepler-16 b,228.776,,,8.4493,transit_depth_percent;transit_duration_hours,pscomppars,2026-08-25T01:04:02.309843+00:00,data/raw/kepler/kic_12644769/mastDownload/Kepler/kplr012644769_lc_Q111111111111111111/kplr012644769-2009259160929_llc.fits,4354,True,available,
12644769,KIC,Kepler-16,Kepler-16,Circumbinary transit benchmark,Kepler-16 b,228.776,,,8.4493,transit_depth_percent;transit_duration_hours,pscomppars,2026-08-25T01:04:02.309843+00:00,data/raw/kepler/kic_12644769/mastDownload/Kepler/kplr012644769_lc_Q111111111111111111/kplr012644769-2009350155506_llc.fits,4370,True,available,
12644769,KIC,Kepler-16,Kepler-16,Circumbinary transit benchmark,Kepler-16 b,228.776,,,8.4493,transit_depth_percent;transit_duration_hours,pscomppars,2026-08-25T01:04:02.309843+00:00,data/raw/kepler/kic_12644769/mastDownload/Kepler/kplr012644769_lc_Q111111111111111111/kplr012644769-2010078095331_llc.fits,4397,True,available,
12644769,KIC,Kepler-16,Kepler-16,Circumbinary transit benchmark,Kepler-16 b,228.776,,,8.4493,transit_depth_percent;transit_duration_hours,pscomppars,2026-08-25T01:04:02.309843+00:00,data/raw/kepler/kic_12644769/mastDownload/Kepler/kplr012644769_lc_Q111111111111111111/kplr012644769-2010174085026_llc.fits,4634,True,available,
12644769,KIC,Kepler-16,Kepler-16,Circumbinary transit benchmark,Kepler-16 b,228.776,,,8.4493,transit_depth_percent;transit_duration_hours,pscomppars,2026-08-25T01:04:02.309843+00:00,data/raw/kepler/kic_12644769/mastDownload/Kepler/kplr012644769_lc_Q111111111111111111/kplr012644769-2010265121752_llc.fits,4398,True,available,
12644769,KIC,Kepler-16,Kepler-16,Circumbinary transit benchmark,Kepler-16 b,228.776,,,8.4493,transit_depth_percent;transit_duration_hours,pscomppars,2026-08-25T01:04:02.309843+00:00,data/raw/kepler/kic_12644769/mastDownload/Kepler/kplr012644769_lc_Q111111111111111111/kplr012644769-2010355172524_llc.fits,4375,True,available,
12644769,KIC,Kepler-16,Kepler-16,Circumbinary transit benchmark,Kepler-16 b,228.776,,,8.4493,transit_depth_percent;transit_duration_hours,pscomppars,2026-08-25T01:04:02.309843+00:00,data/raw/kepler/kic_12644769/mastDownload/Kepler/kplr012644769_lc_Q111111111111111111/kplr012644769-2011073133259_llc.fits,3279,True,available,
12644769,KIC,Kepler-16,Kepler-16,Circumbinary transit benchmark,Kepler-16 b,228.776,,,8.4493,transit_depth_percent;transit_duration_hours,pscomppars,2026-08-25T01:04:02.309843+00:00,data/raw/kepler/kic_12644769/mastDownload/Kepler/kplr012644769_lc_Q111111111111111111/kplr012644769-2011177032512_llc.fits,4768,True,available,
12644769,KIC,Kepler-16,Kepler-16,Circumbinary transit benchmark,Kepler-16 b,228.776,,,8.4493,transit_depth_percent;transit_duration_hours,pscomppars,2026-08-25T01:04:02.309843+00:00,data/raw/kepler/kic_12644769/mastDownload/Kepler/kplr012644769_lc_Q111111111111111111/kplr012644769-2011271113734_llc.fits,4573,True,available,
12644769,KIC,Kepler-16,Kepler-16,Circumbinary transit benchmark,Kepler-16 b,228.776,,,8.4493,transit_depth_percent;transit_duration_hours,pscomppars,2026-08-25T01:04:02.309843+00:00,data/raw/kepler/kic_12644769/mastDownload/Kepler/kplr012644769_lc_Q111111111111111111/kplr012644769-2012004120508_llc.fits,4754,True,available,
12644769,KIC,Kepler-16,Kepler-16,Circumbinary transit benchmark,Kepler-16 b,228.776,,,8.4493,transit_depth_percent;transit_duration_hours,pscomppars,2026-08-25T01:04:02.309843+00:00,data/raw/kepler/kic_12644769/mastDownload/Kepler/kplr012644769_lc_Q111111111111111111/kplr012644769-2012088054726_llc.fits,4044,True,available,
12644769,KIC,Kepler-16,Kepler-16,Circumbinary transit benchmark,Kepler-16 b,228.776,,,8.4493,transit_depth_percent;transit_duration_hours,pscomppars,2026-08-25T01:04:02.309843+00:00,data/raw/kepler/kic_12644769/mastDownload/Kepler/kplr012644769_lc_Q111111111111111111/kplr012644769-2012179063303_llc.fits,4421,True,available,
12644769,KIC,Kepler-16,Kepler-16,Circumbinary transit benchmark,Kepler-16 b,228.776,,,8.4493,transit_depth_percent;transit_duration_hours,pscomppars,2026-08-25T01:04:02.309843+00:00,data/raw/kepler/kic_12644769/mastDownload/Kepler/kplr012644769_lc_Q111111111111111111/kplr012644769-2012277125453_llc.fits,4757,True,available,
12644769,KIC,Kepler-16,Kepler-16,Circumbinary transit benchmark,Kepler-16 b,228.776,,,8.4493,transit_depth_percent;transit_duration_hours,pscomppars,2026-08-25T01:04:02.309843+00:00,data/raw/kepler/kic_12644769/mastDownload/Kepler/kplr012644769_lc_Q111111111111111111/kplr012644769-2013011073258_llc.fits,4780,True,available,
12644769,KIC,Kepler-16,Kepler-16,Circumbinary transit benchmark,Kepler-16 b,228.776,,,8.4493,transit_depth_percent;transit_duration_hours,pscomppars,2026-08-25T01:04:02.309843+00:00,data/raw/kepler/kic_12644769/mastDownload/Kepler/kplr012644769_lc_Q111111111111111111/kplr012644769-2013098041711_llc.fits,4203,True,available,
12644769,KIC,Kepler-16,Kepler-16,Circumbinary transit benchmark,Kepler-16 b,228.776,,,8.4493,transit_depth_percent;transit_duration_hours,pscomppars,2026-08-25T01:04:02.309843+00:00,data/raw/kepler/kic_12644769/mastDownload/Kepler/kplr012644769_lc_Q111111111111111111/kplr012644769-2013131215648_llc.fits,1556,True,available,
10619192,KIC,Kepler-17,Kepler-17,Active star with deep transits,Kepler-17 b,1.4857108,2.18019,2.2764,14.68,,pscomppars,2026-08-25T01:04:02.309843+00:00,data/raw/kepler/kic_10619192/mastDownload/Kepler/kplr010619192_lc_Q011111101110111011/kplr010619192-2009166043257_llc.fits,1639,True,available,
10619192,KIC,Kepler-17,Kepler-17,Active star with deep transits,Kepler-17 b,1.4857108,2.18019,2.2764,14.68,,pscomppars,2026-08-25T01:04:02.309843+00:00,data/raw/kepler/kic_10619192/mastDownload/Kepler/kplr010619192_lc_Q011111101110111011/kplr010619192-2009259160929_llc.fits,4354,True,available,
10619192,KIC,Kepler-17,Kepler-17,Active star with deep transits,Kepler-17 b,1.4857108,2.18019,2.2764,14.68,,pscomppars,2026-08-25T01:04:02.309843+00:00,data/raw/kepler/kic_10619192/mastDownload/Kepler/kplr010619192_lc_Q011111101110111011/kplr010619192-2009350155506_llc.fits,4370,True,available,
10619192,KIC,Kepler-17,Kepler-17,Active star with deep transits,Kepler-17 b,1.4857108,2.18019,2.2764,14.68,,pscomppars,2026-08-25T01:04:02.309843+00:00,data/raw/kepler/kic_10619192/mastDownload/Kepler/kplr010619192_lc_Q011111101110111011/kplr010619192-2010078095331_llc.fits,4397,True,available,
10619192,KIC,Kepler-17,Kepler-17,Active star with deep transits,Kepler-17 b,1.4857108,2.18019,2.2764,14.68,,pscomppars,2026-08-25T01:04:02.309843+00:00,data/raw/kepler/kic_10619192/mastDownload/Kepler/kplr010619192_lc_Q011111101110111011/kplr010619192-2010174085026_llc.fits,4634,True,available,
10619192,KIC,Kepler-17,Kepler-17,Active star with deep transits,Kepler-17 b,1.4857108,2.18019,2.2764,14.68,,pscomppars,2026-08-25T01:04:02.309843+00:00,data/raw/kepler/kic_10619192/mastDownload/Kepler/kplr010619192_lc_Q011111101110111011/kplr010619192-2010265121752_llc.fits,4398,True,available,
10619192,KIC,Kepler-17,Kepler-17,Active star with deep transits,Kepler-17 b,1.4857108,2.18019,2.2764,14.68,,pscomppars,2026-08-25T01:04:02.309843+00:00,data/raw/kepler/kic_10619192/mastDownload/Kepler/kplr010619192_lc_Q011111101110111011/kplr010619192-2011073133259_llc.fits,3279,True,available,
10619192,KIC,Kepler-17,Kepler-17,Active star with deep transits,Kepler-17 b,1.4857108,2.18019,2.2764,14.68,,pscomppars,2026-08-25T01:04:02.309843+00:00,data/raw/kepler/kic_10619192/mastDownload/Kepler/kplr010619192_lc_Q011111101110111011/kplr010619192-2011177032512_llc.fits,4768,True,available,
10619192,KIC,Kepler-17,Kepler-17,Active star with deep transits,Kepler-17 b,1.4857108,2.18019,2.2764,14.68,,pscomppars,2026-08-25T01:04:02.309843+00:00,data/raw/kepler/kic_10619192/mastDownload/Kepler/kplr010619192_lc_Q011111101110111011/kplr010619192-2011271113734_llc.fits,4573,True,available,
10619192,KIC,Kepler-17,Kepler-17,Active star with deep transits,Kepler-17 b,1.4857108,2.18019,2.2764,14.68,,pscomppars,2026-08-25T01:04:02.309843+00:00,data/raw/kepler/kic_10619192/mastDownload/Kepler/kplr010619192_lc_Q011111101110111011/kplr010619192-2012088054726_llc.fits,4044,True,available,
10619192,KIC,Kepler-17,Kepler-17,Active star with deep transits,Kepler-17 b,1.4857108,2.18019,2.2764,14.68,,pscomppars,2026-08-25T01:04:02.309843+00:00,data/raw/kepler/kic_10619192/mastDownload/Kepler/kplr010619192_lc_Q011111101110111011/kplr010619192-2012179063303_llc.fits,4421,True,available,
10619192,KIC,Kepler-17,Kepler-17,Active star with deep transits,Kepler-17 b,1.4857108,2.18019,2.2764,14.68,,pscomppars,2026-08-25T01:04:02.309843+00:00,data/raw/kepler/kic_10619192/mastDownload/Kepler/kplr010619192_lc_Q011111101110111011/kplr010619192-2012277125453_llc.fits,4757,True,available,
10619192,KIC,Kepler-17,Kepler-17,Active star with deep transits,Kepler-17 b,1.4857108,2.18019,2.2764,14.68,,pscomppars,2026-08-25T01:04:02.309843+00:00,data/raw/kepler/kic_10619192/mastDownload/Kepler/kplr010619192_lc_Q011111101110111011/kplr010619192-2013098041711_llc.fits,4203,True,available,
10619192,KIC,Kepler-17,Kepler-17,Active star with deep transits,Kepler-17 b,1.4857108,2.18019,2.2764,14.68,,pscomppars,2026-08-25T01:04:02.309843+00:00,data/raw/kepler/kic_10619192/mastDownload/Kepler/kplr010619192_lc_Q011111101110111011/kplr010619192-2013131215648_llc.fits,1556,True,available,
8644288,KIC,Kepler-18,Kepler-18,Multi-planet validation case,Kepler-18 b,3.504725,0.0254,2.076,2.0,,pscomppars,2026-08-25T01:04:02.309843+00:00,data/raw/kepler/kic_8644288/mastDownload/Kepler/kplr008644288_lc_Q111111111111111111/kplr008644288-2009131105131_llc.fits,476,True,available,
8644288,KIC,Kepler-18,Kepler-18,Multi-planet validation case,Kepler-18 c,7.64159,0.22866,3.4872,5.49,,pscomppars,2026-08-25T01:04:02.309843+00:00,data/raw/kepler/kic_8644288/mastDownload/Kepler/kplr008644288_lc_Q111111111111111111/kplr008644288-2009131105131_llc.fits,476,True,available,
8644288,KIC,Kepler-18,Kepler-18,Multi-planet validation case,Kepler-18 d,14.85888,0.3265,3.679,6.98,,pscomppars,2026-08-25T01:04:02.309843+00:00,data/raw/kepler/kic_8644288/mastDownload/Kepler/kplr008644288_lc_Q111111111111111111/kplr008644288-2009131105131_llc.fits,476,True,available,
8644288,KIC,Kepler-18,Kepler-18,Multi-planet validation case,Kepler-18 b,3.504725,0.0254,2.076,2.0,,pscomppars,2026-08-25T01:04:02.309843+00:00,data/raw/kepler/kic_8644288/mastDownload/Kepler/kplr008644288_lc_Q111111111111111111/kplr008644288-2009166043257_llc.fits,1639,True,available,
8644288,KIC,Kepler-18,Kepler-18,Multi-planet validation case,Kepler-18 c,7.64159,0.22866,3.4872,5.49,,pscomppars,2026-08-25T01:04:02.309843+00:00,data/raw/kepler/kic_8644288/mastDownload/Kepler/kplr008644288_lc_Q111111111111111111/kplr008644288-2009166043257_llc.fits,1639,True,available,
8644288,KIC,Kepler-18,Kepler-18,Multi-planet validation case,Kepler-18 d,14.85888,0.3265,3.679,6.98,,pscomppars,2026-08-25T01:04:02.309843+00:00,data/raw/kepler/kic_8644288/mastDownload/Kepler/kplr008644288_lc_Q111111111111111111/kplr008644288-2009166043257_llc.fits,1639,True,available,
8644288,KIC,Kepler-18,Kepler-18,Multi-planet validation case,Kepler-18 b,3.504725,0.0254,2.076,2.0,,pscomppars,2026-08-25T01:04:02.309843+00:00,data/raw/kepler/kic_8644288/mastDownload/Kepler/kplr008644288_lc_Q111111111111111111/kplr008644288-2009259160929_llc.fits,4354,True,available,
8644288,KIC,Kepler-18,Kepler-18,Multi-planet validation case,Kepler-18 c,7.64159,0.22866,3.4872,5.49,,pscomppars,2026-08-25T01:04:02.309843+00:00,data/raw/kepler/kic_8644288/mastDownload/Kepler/kplr008644288_lc_Q111111111111111111/kplr008644288-2009259160929_llc.fits,4354,True,available,
8644288,KIC,Kepler-18,Kepler-18,Multi-planet validation case,Kepler-18 d,14.85888,0.3265,3.679,6.98,,pscomppars,2026-08-25T01:04:02.309843+00:00,data/raw/kepler/kic_8644288/mastDownload/Kepler/kplr008644288_lc_Q111111111111111111/kplr008644288-2009259160929_llc.fits,4354,True,available,
8644288,KIC,Kepler-18,Kepler-18,Multi-planet validation case,Kepler-18 b,3.504725,0.0254,2.076,2.0,,pscomppars,2026-08-25T01:04:02.309843+00:00,data/raw/kepler/kic_8644288/mastDownload/Kepler/kplr008644288_lc_Q111111111111111111/kplr008644288-2009350155506_llc.fits,4370,True,available,
8644288,KIC,Kepler-18,Kepler-18,Multi-planet validation case,Kepler-18 c,7.64159,0.22866,3.4872,5.49,,pscomppars,2026-08-25T01:04:02.309843+00:00,data/raw/kepler/kic_8644288/mastDownload/Kepler/kplr008644288_lc_Q111111111111111111/kplr008644288-2009350155506_llc.fits,4370,True,available,
8644288,KIC,Kepler-18,Kepler-18,Multi-planet validation case,Kepler-18 d,14.85888,0.3265,3.679,6.98,,pscomppars,2026-08-25T01:04:02.309843+00:00,data/raw/kepler/kic_8644288/mastDownload/Kepler/kplr008644288_lc_Q111111111111111111/kplr008644288-2009350155506_llc.fits,4370,True,available,
8644288,KIC,Kepler-18,Kepler-18,Multi-planet validation case,Kepler-18 b,3.504725,0.0254,2.076,2.0,,pscomppars,2026-08-25T01:04:02.309843+00:00,data/raw/kepler/kic_8644288/mastDownload/Kepler/kplr008644288_lc_Q111111111111111111/kplr008644288-2010078095331_llc.fits,4397,True,available,
8644288,KIC,Kepler-18,Kepler-18,Multi-planet validation case,Kepler-18 c,7.64159,0.22866,3.4872,5.49,,pscomppars,2026-08-25T01:04:02.309843+00:00,data/raw/kepler/kic_8644288/mastDownload/Kepler/kplr008644288_lc_Q111111111111111111/kplr008644288-2010078095331_llc.fits,4397,True,available,
8644288,KIC,Kepler-18,Kepler-18,Multi-planet validation case,Kepler-18 d,14.85888,0.3265,3.679,6.98,,pscomppars,2026-08-25T01:04:02.309843+00:00,data/raw/kepler/kic_8644288/mastDownload/Kepler/kplr008644288_lc_Q111111111111111111/kplr008644288-2010078095331_llc.fits,4397,True,available,
8644288,KIC,Kepler-18,Kepler-18,Multi-planet validation case,Kepler-18 b,3.504725,0.0254,2.076,2.0,,pscomppars,2026-08-25T01:04:02.309843+00:00,data/raw/kepler/kic_8644288/mastDownload/Kepler/kplr008644288_lc_Q111111111111111111/kplr008644288-2010174085026_llc.fits,4634,True,available,
8644288,KIC,Kepler-18,Kepler-18,Multi-planet validation case,Kepler-18 c,7.64159,0.22866,3.4872,5.49,,pscomppars,2026-08-25T01:04:02.309843+00:00,data/raw/kepler/kic_8644288/mastDownload/Kepler/kplr008644288_lc_Q111111111111111111/kplr008644288-2010174085026_llc.fits,4634,True,available,
8644288,KIC,Kepler-18,Kepler-18,Multi-planet validation case,Kepler-18 d,14.85888,0.3265,3.679,6.98,,pscomppars,2026-08-25T01:04:02.309843+00:00,data/raw/kepler/kic_8644288/mastDownload/Kepler/kplr008644288_lc_Q111111111111111111/kplr008644288-2010174085026_llc.fits,4634,True,available,
8644288,KIC,Kepler-18,Kepler-18,Multi-planet validation case,Kepler-18 b,3.504725,0.0254,2.076,2.0,,pscomppars,2026-08-25T01:04:02.309843+00:00,data/raw/kepler/kic_8644288/mastDownload/Kepler/kplr008644288_lc_Q111111111111111111/kplr008644288-2010265121752_llc.fits,4398,True,available,
8644288,KIC,Kepler-18,Kepler-18,Multi-planet validation case,Kepler-18 c,7.64159,0.22866,3.4872,5.49,,pscomppars,2026-08-25T01:04:02.309843+00:00,data/raw/kepler/kic_8644288/mastDownload/Kepler/kplr008644288_lc_Q111111111111111111/kplr008644288-2010265121752_llc.fits,4398,True,available,
8644288,KIC,Kepler-18,Kepler-18,Multi-planet validation case,Kepler-18 d,14.85888,0.3265,3.679,6.98,,pscomppars,2026-08-25T01:04:02.309843+00:00,data/raw/kepler/kic_8644288/mastDownload/Kepler/kplr008644288_lc_Q111111111111111111/kplr008644288-2010265121752_llc.fits,4398,True,available,
8644288,KIC,Kepler-18,Kepler-18,Multi-planet validation case,Kepler-18 b,3.504725,0.0254,2.076,2.0,,pscomppars,2026-08-25T01:04:02.309843+00:00,data/raw/kepler/kic_8644288/mastDownload/Kepler/kplr008644288_lc_Q111111111111111111/kplr008644288-2010355172524_llc.fits,4375,True,available,
8644288,KIC,Kepler-18,Kepler-18,Multi-planet validation case,Kepler-18 c,7.64159,0.22866,3.4872,5.49,,pscomppars,2026-08-25T01:04:02.309843+00:00,data/raw/kepler/kic_8644288/mastDownload/Kepler/kplr008644288_lc_Q111111111111111111/kplr008644288-2010355172524_llc.fits,4375,True,available,
8644288,KIC,Kepler-18,Kepler-18,Multi-planet validation case,Kepler-18 d,14.85888,0.3265,3.679,6.98,,pscomppars,2026-08-25T01:04:02.309843+00:00,data/raw/kepler/kic_8644288/mastDownload/Kepler/kplr008644288_lc_Q111111111111111111/kplr008644288-2010355172524_llc.fits,4375,True,available,
8644288,KIC,Kepler-18,Kepler-18,Multi-planet validation case,Kepler-18 b,3.504725,0.0254,2.076,2.0,,pscomppars,2026-08-25T01:04:02.309843+00:00,data/raw/kepler/kic_8644288/mastDownload/Kepler/kplr008644288_lc_Q111111111111111111/kplr008644288-2011073133259_llc.fits,3279,True,available,
8644288,KIC,Kepler-18,Kepler-18,Multi-planet validation case,Kepler-18 c,7.64159,0.22866,3.4872,5.49,,pscomppars,2026-08-25T01:04:02.309843+00:00,data/raw/kepler/kic_8644288/mastDownload/Kepler/kplr008644288_lc_Q111111111111111111/kplr008644288-2011073133259_llc.fits,3279,True,available,
8644288,KIC,Kepler-18,Kepler-18,Multi-planet validation case,Kepler-18 d,14.85888,0.3265,3.679,6.98,,pscomppars,2026-08-25T01:04:02.309843+00:00,data/raw/kepler/kic_8644288/mastDownload/Kepler/kplr008644288_lc_Q111111111111111111/kplr008644288-2011073133259_llc.fits,3279,True,available,
8644288,KIC,Kepler-18,Kepler-18,Multi-planet validation case,Kepler-18 b,3.504725,0.0254,2.076,2.0,,pscomppars,2026-08-25T01:04:02.309843+00:00,data/raw/kepler/kic_8644288/mastDownload/Kepler/kplr008644288_lc_Q111111111111111111/kplr008644288-2011177032512_llc.fits,4768,True,available,
8644288,KIC,Kepler-18,Kepler-18,Multi-planet validation case,Kepler-18 c,7.64159,0.22866,3.4872,5.49,,pscomppars,2026-08-25T01:04:02.309843+00:00,data/raw/kepler/kic_8644288/mastDownload/Kepler/kplr008644288_lc_Q111111111111111111/kplr008644288-2011177032512_llc.fits,4768,True,available,
8644288,KIC,Kepler-18,Kepler-18,Multi-planet validation case,Kepler-18 d,14.85888,0.3265,3.679,6.98,,pscomppars,2026-08-25T01:04:02.309843+00:00,data/raw/kepler/kic_8644288/mastDownload/Kepler/kplr008644288_lc_Q111111111111111111/kplr008644288-2011177032512_llc.fits,4768,True,available,
8644288,KIC,Kepler-18,Kepler-18,Multi-planet validation case,Kepler-18 b,3.504725,0.0254,2.076,2.0,,pscomppars,2026-08-25T01:04:02.309843+00:00,data/raw/kepler/kic_8644288/mastDownload/Kepler/kplr008644288_lc_Q111111111111111111/kplr008644288-2011271113734_llc.fits,4573,True,available,
8644288,KIC,Kepler-18,Kepler-18,Multi-planet validation case,Kepler-18 c,7.64159,0.22866,3.4872,5.49,,pscomppars,2026-08-25T01:04:02.309843+00:00,data/raw/kepler/kic_8644288/mastDownload/Kepler/kplr008644288_lc_Q111111111111111111/kplr008644288-2011271113734_llc.fits,4573,True,available,
8644288,KIC,Kepler-18,Kepler-18,Multi-planet validation case,Kepler-18 d,14.85888,0.3265,3.679,6.98,,pscomppars,2026-08-25T01:04:02.309843+00:00,data/raw/kepler/kic_8644288/mastDownload/Kepler/kplr008644288_lc_Q111111111111111111/kplr008644288-2011271113734_llc.fits,4573,True,available,
8644288,KIC,Kepler-18,Kepler-18,Multi-planet validation case,Kepler-18 b,3.504725,0.0254,2.076,2.0,,pscomppars,2026-08-25T01:04:02.309843+00:00,data/raw/kepler/kic_8644288/mastDownload/Kepler/kplr008644288_lc_Q111111111111111111/kplr008644288-2012004120508_llc.fits,4754,True,available,
8644288,KIC,Kepler-18,Kepler-18,Multi-planet validation case,Kepler-18 c,7.64159,0.22866,3.4872,5.49,,pscomppars,2026-08-25T01:04:02.309843+00:00,data/raw/kepler/kic_8644288/mastDownload/Kepler/kplr008644288_lc_Q111111111111111111/kplr008644288-2012004120508_llc.fits,4754,True,available,
8644288,KIC,Kepler-18,Kepler-18,Multi-planet validation case,Kepler-18 d,14.85888,0.3265,3.679,6.98,,pscomppars,2026-08-25T01:04:02.309843+00:00,data/raw/kepler/kic_8644288/mastDownload/Kepler/kplr008644288_lc_Q111111111111111111/kplr008644288-2012004120508_llc.fits,4754,True,available,
8644288,KIC,Kepler-18,Kepler-18,Multi-planet validation case,Kepler-18 b,3.504725,0.0254,2.076,2.0,,pscomppars,2026-08-25T01:04:02.309843+00:00,data/raw/kepler/kic_8644288/mastDownload/Kepler/kplr008644288_lc_Q111111111111111111/kplr008644288-2012088054726_llc.fits,4044,True,available,
8644288,KIC,Kepler-18,Kepler-18,Multi-planet validation case,Kepler-18 c,7.64159,0.22866,3.4872,5.49,,pscomppars,2026-08-25T01:04:02.309843+00:00,data/raw/kepler/kic_8644288/mastDownload/Kepler/kplr008644288_lc_Q111111111111111111/kplr008644288-2012088054726_llc.fits,4044,True,available,
8644288,KIC,Kepler-18,Kepler-18,Multi-planet validation case,Kepler-18 d,14.85888,0.3265,3.679,6.98,,pscomppars,2026-08-25T01:04:02.309843+00:00,data/raw/kepler/kic_8644288/mastDownload/Kepler/kplr008644288_lc_Q111111111111111111/kplr008644288-2012088054726_llc.fits,4044,True,available,
8644288,KIC,Kepler-18,Kepler-18,Multi-planet validation case,Kepler-18 b,3.504725,0.0254,2.076,2.0,,pscomppars,2026-08-25T01:04:02.309843+00:00,data/raw/kepler/kic_8644288/mastDownload/Kepler/kplr008644288_lc_Q111111111111111111/kplr008644288-2012179063303_llc.fits,4421,True,available,
8644288,KIC,Kepler-18,Kepler-18,Multi-planet validation case,Kepler-18 c,7.64159,0.22866,3.4872,5.49,,pscomppars,2026-08-25T01:04:02.309843+00:00,data/raw/kepler/kic_8644288/mastDownload/Kepler/kplr008644288_lc_Q111111111111111111/kplr008644288-2012179063303_llc.fits,4421,True,available,
8644288,KIC,Kepler-18,Kepler-18,Multi-planet validation case,Kepler-18 d,14.85888,0.3265,3.679,6.98,,pscomppars,2026-08-25T01:04:02.309843+00:00,data/raw/kepler/kic_8644288/mastDownload/Kepler/kplr008644288_lc_Q111111111111111111/kplr008644288-2012179063303_llc.fits,4421,True,available,
8644288,KIC,Kepler-18,Kepler-18,Multi-planet validation case,Kepler-18 b,3.504725,0.0254,2.076,2.0,,pscomppars,2026-08-25T01:04:02.309843+00:00,data/raw/kepler/kic_8644288/mastDownload/Kepler/kplr008644288_lc_Q111111111111111111/kplr008644288-2012277125453_llc.fits,4757,True,available,
8644288,KIC,Kepler-18,Kepler-18,Multi-planet validation case,Kepler-18 c,7.64159,0.22866,3.4872,5.49,,pscomppars,2026-08-25T01:04:02.309843+00:00,data/raw/kepler/kic_8644288/mastDownload/Kepler/kplr008644288_lc_Q111111111111111111/kplr008644288-2012277125453_llc.fits,4757,True,available,
8644288,KIC,Kepler-18,Kepler-18,Multi-planet validation case,Kepler-18 d,14.85888,0.3265,3.679,6.98,,pscomppars,2026-08-25T01:04:02.309843+00:00,data/raw/kepler/kic_8644288/mastDownload/Kepler/kplr008644288_lc_Q111111111111111111/kplr008644288-2012277125453_llc.fits,4757,True,available,
8644288,KIC,Kepler-18,Kepler-18,Multi-planet validation case,Kepler-18 b,3.504725,0.0254,2.076,2.0,,pscomppars,2026-08-25T01:04:02.309843+00:00,data/raw/kepler/kic_8644288/mastDownload/Kepler/kplr008644288_lc_Q111111111111111111/kplr008644288-2013011073258_llc.fits,4780,True,available,
8644288,KIC,Kepler-18,Kepler-18,Multi-planet validation case,Kepler-18 c,7.64159,0.22866,3.4872,5.49,,pscomppars,2026-08-25T01:04:02.309843+00:00,data/raw/kepler/kic_8644288/mastDownload/Kepler/kplr008644288_lc_Q111111111111111111/kplr008644288-2013011073258_llc.fits,4780,True,available,
8644288,KIC,Kepler-18,Kepler-18,Multi-planet validation case,Kepler-18 d,14.85888,0.3265,3.679,6.98,,pscomppars,2026-08-25T01:04:02.309843+00:00,data/raw/kepler/kic_8644288/mastDownload/Kepler/kplr008644288_lc_Q111111111111111111/kplr008644288-2013011073258_llc.fits,4780,True,available,
8644288,KIC,Kepler-18,Kepler-18,Multi-planet validation case,Kepler-18 b,3.504725,0.0254,2.076,2.0,,pscomppars,2026-08-25T01:04:02.309843+00:00,data/raw/kepler/kic_8644288/mastDownload/Kepler/kplr008644288_lc_Q111111111111111111/kplr008644288-2013098041711_llc.fits,4203,True,available,
8644288,KIC,Kepler-18,Kepler-18,Multi-planet validation case,Kepler-18 c,7.64159,0.22866,3.4872,5.49,,pscomppars,2026-08-25T01:04:02.309843+00:00,data/raw/kepler/kic_8644288/mastDownload/Kepler/kplr008644288_lc_Q111111111111111111/kplr008644288-2013098041711_llc.fits,4203,True,available,
8644288,KIC,Kepler-18,Kepler-18,Multi-planet validation case,Kepler-18 d,14.85888,0.3265,3.679,6.98,,pscomppars,2026-08-25T01:04:02.309843+00:00,data/raw/kepler/kic_8644288/mastDownload/Kepler/kplr008644288_lc_Q111111111111111111/kplr008644288-2013098041711_llc.fits,4203,True,available,
8644288,KIC,Kepler-18,Kepler-18,Multi-planet validation case,Kepler-18 b,3.504725,0.0254,2.076,2.0,,pscomppars,2026-08-25T01:04:02.309843+00:00,data/raw/kepler/kic_8644288/mastDownload/Kepler/kplr008644288_lc_Q111111111111111111/kplr008644288-2013131215648_llc.fits,1556,True,available,
8644288,KIC,Kepler-18,Kepler-18,Multi-planet validation case,Kepler-18 c,7.64159,0.22866,3.4872,5.49,,pscomppars,2026-08-25T01:04:02.309843+00:00,data/raw/kepler/kic_8644288/mastDownload/Kepler/kplr008644288_lc_Q111111111111111111/kplr008644288-2013131215648_llc.fits,1556,True,available,
8644288,KIC,Kepler-18,Kepler-18,Multi-planet validation case,Kepler-18 d,14.85888,0.3265,3.679,6.98,,pscomppars,2026-08-25T01:04:02.309843+00:00,data/raw/kepler/kic_8644288/mastDownload/Kepler/kplr008644288_lc_Q111111111111111111/kplr008644288-2013131215648_llc.fits,1556,True,available,
2571238,KIC,Kepler-19,Kepler-19,Shallow transit and TTV case,Kepler-19 b,9.28699,0.06917,3.3652,2.209,,pscomppars,2026-08-25T01:04:02.309843+00:00,data/raw/kepler/kic_2571238/mastDownload/Kepler/kplr002571238_lc_Q111111111111111111/kplr002571238-2009131105131_llc.fits,476,True,available,
2571238,KIC,Kepler-19,Kepler-19,Shallow transit and TTV case,Kepler-19 b,9.28699,0.06917,3.3652,2.209,,pscomppars,2026-08-25T01:04:02.309843+00:00,data/raw/kepler/kic_2571238/mastDownload/Kepler/kplr002571238_lc_Q111111111111111111/kplr002571238-2009166043257_llc.fits,1639,True,available,
2571238,KIC,Kepler-19,Kepler-19,Shallow transit and TTV case,Kepler-19 b,9.28699,0.06917,3.3652,2.209,,pscomppars,2026-08-25T01:04:02.309843+00:00,data/raw/kepler/kic_2571238/mastDownload/Kepler/kplr002571238_lc_Q111111111111111111/kplr002571238-2009259160929_llc.fits,4354,True,available,
2571238,KIC,Kepler-19,Kepler-19,Shallow transit and TTV case,Kepler-19 b,9.28699,0.06917,3.3652,2.209,,pscomppars,2026-08-25T01:04:02.309843+00:00,data/raw/kepler/kic_2571238/mastDownload/Kepler/kplr002571238_lc_Q111111111111111111/kplr002571238-2009350155506_llc.fits,4370,True,available,
2571238,KIC,Kepler-19,Kepler-19,Shallow transit and TTV case,Kepler-19 b,9.28699,0.06917,3.3652,2.209,,pscomppars,2026-08-25T01:04:02.309843+00:00,data/raw/kepler/kic_2571238/mastDownload/Kepler/kplr002571238_lc_Q111111111111111111/kplr002571238-2010078095331_llc.fits,4397,True,available,
2571238,KIC,Kepler-19,Kepler-19,Shallow transit and TTV case,Kepler-19 b,9.28699,0.06917,3.3652,2.209,,pscomppars,2026-08-25T01:04:02.309843+00:00,data/raw/kepler/kic_2571238/mastDownload/Kepler/kplr002571238_lc_Q111111111111111111/kplr002571238-2010174085026_llc.fits,4634,True,available,
2571238,KIC,Kepler-19,Kepler-19,Shallow transit and TTV case,Kepler-19 b,9.28699,0.06917,3.3652,2.209,,pscomppars,2026-08-25T01:04:02.309843+00:00,data/raw/kepler/kic_2571238/mastDownload/Kepler/kplr002571238_lc_Q111111111111111111/kplr002571238-2010265121752_llc.fits,4398,True,available,
2571238,KIC,Kepler-19,Kepler-19,Shallow transit and TTV case,Kepler-19 b,9.28699,0.06917,3.3652,2.209,,pscomppars,2026-08-25T01:04:02.309843+00:00,data/raw/kepler/kic_2571238/mastDownload/Kepler/kplr002571238_lc_Q111111111111111111/kplr002571238-2010355172524_llc.fits,4375,True,available,
2571238,KIC,Kepler-19,Kepler-19,Shallow transit and TTV case,Kepler-19 b,9.28699,0.06917,3.3652,2.209,,pscomppars,2026-08-25T01:04:02.309843+00:00,data/raw/kepler/kic_2571238/mastDownload/Kepler/kplr002571238_lc_Q111111111111111111/kplr002571238-2011073133259_llc.fits,3279,True,available,
2571238,KIC,Kepler-19,Kepler-19,Shallow transit and TTV case,Kepler-19 b,9.28699,0.06917,3.3652,2.209,,pscomppars,2026-08-25T01:04:02.309843+00:00,data/raw/kepler/kic_2571238/mastDownload/Kepler/kplr002571238_lc_Q111111111111111111/kplr002571238-2011177032512_llc.fits,4768,True,available,
2571238,KIC,Kepler-19,Kepler-19,Shallow transit and TTV case,Kepler-19 b,9.28699,0.06917,3.3652,2.209,,pscomppars,2026-08-25T01:04:02.309843+00:00,data/raw/kepler/kic_2571238/mastDownload/Kepler/kplr002571238_lc_Q111111111111111111/kplr002571238-2011271113734_llc.fits,4573,True,available,
2571238,KIC,Kepler-19,Kepler-19,Shallow transit and TTV case,Kepler-19 b,9.28699,0.06917,3.3652,2.209,,pscomppars,2026-08-25T01:04:02.309843+00:00,data/raw/kepler/kic_2571238/mastDownload/Kepler/kplr002571238_lc_Q111111111111111111/kplr002571238-2012004120508_llc.fits,4754,True,available,
2571238,KIC,Kepler-19,Kepler-19,Shallow transit and TTV case,Kepler-19 b,9.28699,0.06917,3.3652,2.209,,pscomppars,2026-08-25T01:04:02.309843+00:00,data/raw/kepler/kic_2571238/mastDownload/Kepler/kplr002571238_lc_Q111111111111111111/kplr002571238-2012088054726_llc.fits,4044,True,available,
2571238,KIC,Kepler-19,Kepler-19,Shallow transit and TTV case,Kepler-19 b,9.28699,0.06917,3.3652,2.209,,pscomppars,2026-08-25T01:04:02.309843+00:00,data/raw/kepler/kic_2571238/mastDownload/Kepler/kplr002571238_lc_Q111111111111111111/kplr002571238-2012179063303_llc.fits,4421,True,available,
2571238,KIC,Kepler-19,Kepler-19,Shallow transit and TTV case,Kepler-19 b,9.28699,0.06917,3.3652,2.209,,pscomppars,2026-08-25T01:04:02.309843+00:00,data/raw/kepler/kic_2571238/mastDownload/Kepler/kplr002571238_lc_Q111111111111111111/kplr002571238-2012277125453_llc.fits,4757,True,available,
2571238,KIC,Kepler-19,Kepler-19,Shallow transit and TTV case,Kepler-19 b,9.28699,0.06917,3.3652,2.209,,pscomppars,2026-08-25T01:04:02.309843+00:00,data/raw/kepler/kic_2571238/mastDownload/Kepler/kplr002571238_lc_Q111111111111111111/kplr002571238-2013011073258_llc.fits,4780,True,available,
2571238,KIC,Kepler-19,Kepler-19,Shallow transit and TTV case,Kepler-19 b,9.28699,0.06917,3.3652,2.209,,pscomppars,2026-08-25T01:04:02.309843+00:00,data/raw/kepler/kic_2571238/mastDownload/Kepler/kplr002571238_lc_Q111111111111111111/kplr002571238-2013098041711_llc.fits,4203,True,available,
2571238,KIC,Kepler-19,Kepler-19,Shallow transit and TTV case,Kepler-19 b,9.28699,0.06917,3.3652,2.209,,pscomppars,2026-08-25T01:04:02.309843+00:00,data/raw/kepler/kic_2571238/mastDownload/Kepler/kplr002571238_lc_Q111111111111111111/kplr002571238-2013131215648_llc.fits,1556,True,available,
6850504,KIC,Kepler-20,Kepler-20,Mixed-radius multi-planet system,Kepler-20 b,3.6961049,0.03967,2.463,1.773,,pscomppars,2026-08-25T01:04:02.309843+00:00,data/raw/kepler/kic_6850504/mastDownload/Kepler/kplr006850504_lc_Q011111111111111111/kplr006850504-2009166043257_llc.fits,1639,True,available,
6850504,KIC,Kepler-20,Kepler-20,Mixed-radius multi-planet system,Kepler-20 e,6.0984882,0.00748,2.9815,0.821,,pscomppars,2026-08-25T01:04:02.309843+00:00,data/raw/kepler/kic_6850504/mastDownload/Kepler/kplr006850504_lc_Q011111111111111111/kplr006850504-2009166043257_llc.fits,1639,True,available,
6850504,KIC,Kepler-20,Kepler-20,Mixed-radius multi-planet system,Kepler-20 c,10.8540774,0.1051,3.7768,2.894,,pscomppars,2026-08-25T01:04:02.309843+00:00,data/raw/kepler/kic_6850504/mastDownload/Kepler/kplr006850504_lc_Q011111111111111111/kplr006850504-2009166043257_llc.fits,1639,True,available,
6850504,KIC,Kepler-20,Kepler-20,Mixed-radius multi-planet system,Kepler-20 f,19.578328,0.01156,3.744,0.952,,pscomppars,2026-08-25T01:04:02.309843+00:00,data/raw/kepler/kic_6850504/mastDownload/Kepler/kplr006850504_lc_Q011111111111111111/kplr006850504-2009166043257_llc.fits,1639,True,available,
6850504,KIC,Kepler-20,Kepler-20,Mixed-radius multi-planet system,Kepler-20 d,77.611455,0.08275,7.2566,2.606,,pscomppars,2026-08-25T01:04:02.309843+00:00,data/raw/kepler/kic_6850504/mastDownload/Kepler/kplr006850504_lc_Q011111111111111111/kplr006850504-2009166043257_llc.fits,1639,True,available,
6850504,KIC,Kepler-20,Kepler-20,Mixed-radius multi-planet system,Kepler-20 b,3.6961049,0.03967,2.463,1.773,,pscomppars,2026-08-25T01:04:02.309843+00:00,data/raw/kepler/kic_6850504/mastDownload/Kepler/kplr006850504_lc_Q011111111111111111/kplr006850504-2009259160929_llc.fits,4354,True,available,
6850504,KIC,Kepler-20,Kepler-20,Mixed-radius multi-planet system,Kepler-20 e,6.0984882,0.00748,2.9815,0.821,,pscomppars,2026-08-25T01:04:02.309843+00:00,data/raw/kepler/kic_6850504/mastDownload/Kepler/kplr006850504_lc_Q011111111111111111/kplr006850504-2009259160929_llc.fits,4354,True,available,
6850504,KIC,Kepler-20,Kepler-20,Mixed-radius multi-planet system,Kepler-20 c,10.8540774,0.1051,3.7768,2.894,,pscomppars,2026-08-25T01:04:02.309843+00:00,data/raw/kepler/kic_6850504/mastDownload/Kepler/kplr006850504_lc_Q011111111111111111/kplr006850504-2009259160929_llc.fits,4354,True,available,
6850504,KIC,Kepler-20,Kepler-20,Mixed-radius multi-planet system,Kepler-20 f,19.578328,0.01156,3.744,0.952,,pscomppars,2026-08-25T01:04:02.309843+00:00,data/raw/kepler/kic_6850504/mastDownload/Kepler/kplr006850504_lc_Q011111111111111111/kplr006850504-2009259160929_llc.fits,4354,True,available,
6850504,KIC,Kepler-20,Kepler-20,Mixed-radius multi-planet system,Kepler-20 d,77.611455,0.08275,7.2566,2.606,,pscomppars,2026-08-25T01:04:02.309843+00:00,data/raw/kepler/kic_6850504/mastDownload/Kepler/kplr006850504_lc_Q011111111111111111/kplr006850504-2009259160929_llc.fits,4354,True,available,
6850504,KIC,Kepler-20,Kepler-20,Mixed-radius multi-planet system,Kepler-20 b,3.6961049,0.03967,2.463,1.773,,pscomppars,2026-08-25T01:04:02.309843+00:00,data/raw/kepler/kic_6850504/mastDownload/Kepler/kplr006850504_lc_Q011111111111111111/kplr006850504-2009350155506_llc.fits,4370,True,available,
6850504,KIC,Kepler-20,Kepler-20,Mixed-radius multi-planet system,Kepler-20 e,6.0984882,0.00748,2.9815,0.821,,pscomppars,2026-08-25T01:04:02.309843+00:00,data/raw/kepler/kic_6850504/mastDownload/Kepler/kplr006850504_lc_Q011111111111111111/kplr006850504-2009350155506_llc.fits,4370,True,available,
6850504,KIC,Kepler-20,Kepler-20,Mixed-radius multi-planet system,Kepler-20 c,10.8540774,0.1051,3.7768,2.894,,pscomppars,2026-08-25T01:04:02.309843+00:00,data/raw/kepler/kic_6850504/mastDownload/Kepler/kplr006850504_lc_Q011111111111111111/kplr006850504-2009350155506_llc.fits,4370,True,available,
6850504,KIC,Kepler-20,Kepler-20,Mixed-radius multi-planet system,Kepler-20 f,19.578328,0.01156,3.744,0.952,,pscomppars,2026-08-25T01:04:02.309843+00:00,data/raw/kepler/kic_6850504/mastDownload/Kepler/kplr006850504_lc_Q011111111111111111/kplr006850504-2009350155506_llc.fits,4370,True,available,
6850504,KIC,Kepler-20,Kepler-20,Mixed-radius multi-planet system,Kepler-20 d,77.611455,0.08275,7.2566,2.606,,pscomppars,2026-08-25T01:04:02.309843+00:00,data/raw/kepler/kic_6850504/mastDownload/Kepler/kplr006850504_lc_Q011111111111111111/kplr006850504-2009350155506_llc.fits,4370,True,available,
6850504,KIC,Kepler-20,Kepler-20,Mixed-radius multi-planet system,Kepler-20 b,3.6961049,0.03967,2.463,1.773,,pscomppars,2026-08-25T01:04:02.309843+00:00,data/raw/kepler/kic_6850504/mastDownload/Kepler/kplr006850504_lc_Q011111111111111111/kplr006850504-2010078095331_llc.fits,4397,True,available,
6850504,KIC,Kepler-20,Kepler-20,Mixed-radius multi-planet system,Kepler-20 e,6.0984882,0.00748,2.9815,0.821,,pscomppars,2026-08-25T01:04:02.309843+00:00,data/raw/kepler/kic_6850504/mastDownload/Kepler/kplr006850504_lc_Q011111111111111111/kplr006850504-2010078095331_llc.fits,4397,True,available,
6850504,KIC,Kepler-20,Kepler-20,Mixed-radius multi-planet system,Kepler-20 c,10.8540774,0.1051,3.7768,2.894,,pscomppars,2026-08-25T01:04:02.309843+00:00,data/raw/kepler/kic_6850504/mastDownload/Kepler/kplr006850504_lc_Q011111111111111111/kplr006850504-2010078095331_llc.fits,4397,True,available,
6850504,KIC,Kepler-20,Kepler-20,Mixed-radius multi-planet system,Kepler-20 f,19.578328,0.01156,3.744,0.952,,pscomppars,2026-08-25T01:04:02.309843+00:00,data/raw/kepler/kic_6850504/mastDownload/Kepler/kplr006850504_lc_Q011111111111111111/kplr006850504-2010078095331_llc.fits,4397,True,available,
6850504,KIC,Kepler-20,Kepler-20,Mixed-radius multi-planet system,Kepler-20 d,77.611455,0.08275,7.2566,2.606,,pscomppars,2026-08-25T01:04:02.309843+00:00,data/raw/kepler/kic_6850504/mastDownload/Kepler/kplr006850504_lc_Q011111111111111111/kplr006850504-2010078095331_llc.fits,4397,True,available,
6850504,KIC,Kepler-20,Kepler-20,Mixed-radius multi-planet system,Kepler-20 b,3.6961049,0.03967,2.463,1.773,,pscomppars,2026-08-25T01:04:02.309843+00:00,data/raw/kepler/kic_6850504/mastDownload/Kepler/kplr006850504_lc_Q011111111111111111/kplr006850504-2010174085026_llc.fits,4634,True,available,
6850504,KIC,Kepler-20,Kepler-20,Mixed-radius multi-planet system,Kepler-20 e,6.0984882,0.00748,2.9815,0.821,,pscomppars,2026-08-25T01:04:02.309843+00:00,data/raw/kepler/kic_6850504/mastDownload/Kepler/kplr006850504_lc_Q011111111111111111/kplr006850504-2010174085026_llc.fits,4634,True,available,
6850504,KIC,Kepler-20,Kepler-20,Mixed-radius multi-planet system,Kepler-20 c,10.8540774,0.1051,3.7768,2.894,,pscomppars,2026-08-25T01:04:02.309843+00:00,data/raw/kepler/kic_6850504/mastDownload/Kepler/kplr006850504_lc_Q011111111111111111/kplr006850504-2010174085026_llc.fits,4634,True,available,
6850504,KIC,Kepler-20,Kepler-20,Mixed-radius multi-planet system,Kepler-20 f,19.578328,0.01156,3.744,0.952,,pscomppars,2026-08-25T01:04:02.309843+00:00,data/raw/kepler/kic_6850504/mastDownload/Kepler/kplr006850504_lc_Q011111111111111111/kplr006850504-2010174085026_llc.fits,4634,True,available,
6850504,KIC,Kepler-20,Kepler-20,Mixed-radius multi-planet system,Kepler-20 d,77.611455,0.08275,7.2566,2.606,,pscomppars,2026-08-25T01:04:02.309843+00:00,data/raw/kepler/kic_6850504/mastDownload/Kepler/kplr006850504_lc_Q011111111111111111/kplr006850504-2010174085026_llc.fits,4634,True,available,
6850504,KIC,Kepler-20,Kepler-20,Mixed-radius multi-planet system,Kepler-20 b,3.6961049,0.03967,2.463,1.773,,pscomppars,2026-08-25T01:04:02.309843+00:00,data/raw/kepler/kic_6850504/mastDownload/Kepler/kplr006850504_lc_Q011111111111111111/kplr006850504-2010265121752_llc.fits,4398,True,available,
6850504,KIC,Kepler-20,Kepler-20,Mixed-radius multi-planet system,Kepler-20 e,6.0984882,0.00748,2.9815,0.821,,pscomppars,2026-08-25T01:04:02.309843+00:00,data/raw/kepler/kic_6850504/mastDownload/Kepler/kplr006850504_lc_Q011111111111111111/kplr006850504-2010265121752_llc.fits,4398,True,available,
6850504,KIC,Kepler-20,Kepler-20,Mixed-radius multi-planet system,Kepler-20 c,10.8540774,0.1051,3.7768,2.894,,pscomppars,2026-08-25T01:04:02.309843+00:00,data/raw/kepler/kic_6850504/mastDownload/Kepler/kplr006850504_lc_Q011111111111111111/kplr006850504-2010265121752_llc.fits,4398,True,available,
6850504,KIC,Kepler-20,Kepler-20,Mixed-radius multi-planet system,Kepler-20 f,19.578328,0.01156,3.744,0.952,,pscomppars,2026-08-25T01:04:02.309843+00:00,data/raw/kepler/kic_6850504/mastDownload/Kepler/kplr006850504_lc_Q011111111111111111/kplr006850504-2010265121752_llc.fits,4398,True,available,
6850504,KIC,Kepler-20,Kepler-20,Mixed-radius multi-planet system,Kepler-20 d,77.611455,0.08275,7.2566,2.606,,pscomppars,2026-08-25T01:04:02.309843+00:00,data/raw/kepler/kic_6850504/mastDownload/Kepler/kplr006850504_lc_Q011111111111111111/kplr006850504-2010265121752_llc.fits,4398,True,available,
6850504,KIC,Kepler-20,Kepler-20,Mixed-radius multi-planet system,Kepler-20 b,3.6961049,0.03967,2.463,1.773,,pscomppars,2026-08-25T01:04:02.309843+00:00,data/raw/kepler/kic_6850504/mastDownload/Kepler/kplr006850504_lc_Q011111111111111111/kplr006850504-2010355172524_llc.fits,4375,True,available,
6850504,KIC,Kepler-20,Kepler-20,Mixed-radius multi-planet system,Kepler-20 e,6.0984882,0.00748,2.9815,0.821,,pscomppars,2026-08-25T01:04:02.309843+00:00,data/raw/kepler/kic_6850504/mastDownload/Kepler/kplr006850504_lc_Q011111111111111111/kplr006850504-2010355172524_llc.fits,4375,True,available,
6850504,KIC,Kepler-20,Kepler-20,Mixed-radius multi-planet system,Kepler-20 c,10.8540774,0.1051,3.7768,2.894,,pscomppars,2026-08-25T01:04:02.309843+00:00,data/raw/kepler/kic_6850504/mastDownload/Kepler/kplr006850504_lc_Q011111111111111111/kplr006850504-2010355172524_llc.fits,4375,True,available,
6850504,KIC,Kepler-20,Kepler-20,Mixed-radius multi-planet system,Kepler-20 f,19.578328,0.01156,3.744,0.952,,pscomppars,2026-08-25T01:04:02.309843+00:00,data/raw/kepler/kic_6850504/mastDownload/Kepler/kplr006850504_lc_Q011111111111111111/kplr006850504-2010355172524_llc.fits,4375,True,available,
6850504,KIC,Kepler-20,Kepler-20,Mixed-radius multi-planet system,Kepler-20 d,77.611455,0.08275,7.2566,2.606,,pscomppars,2026-08-25T01:04:02.309843+00:00,data/raw/kepler/kic_6850504/mastDownload/Kepler/kplr006850504_lc_Q011111111111111111/kplr006850504-2010355172524_llc.fits,4375,True,available,
6850504,KIC,Kepler-20,Kepler-20,Mixed-radius multi-planet system,Kepler-20 b,3.6961049,0.03967,2.463,1.773,,pscomppars,2026-08-25T01:04:02.309843+00:00,data/raw/kepler/kic_6850504/mastDownload/Kepler/kplr006850504_lc_Q011111111111111111/kplr006850504-2011073133259_llc.fits,3279,True,available,
6850504,KIC,Kepler-20,Kepler-20,Mixed-radius multi-planet system,Kepler-20 e,6.0984882,0.00748,2.9815,0.821,,pscomppars,2026-08-25T01:04:02.309843+00:00,data/raw/kepler/kic_6850504/mastDownload/Kepler/kplr006850504_lc_Q011111111111111111/kplr006850504-2011073133259_llc.fits,3279,True,available,
6850504,KIC,Kepler-20,Kepler-20,Mixed-radius multi-planet system,Kepler-20 c,10.8540774,0.1051,3.7768,2.894,,pscomppars,2026-08-25T01:04:02.309843+00:00,data/raw/kepler/kic_6850504/mastDownload/Kepler/kplr006850504_lc_Q011111111111111111/kplr006850504-2011073133259_llc.fits,3279,True,available,
6850504,KIC,Kepler-20,Kepler-20,Mixed-radius multi-planet system,Kepler-20 f,19.578328,0.01156,3.744,0.952,,pscomppars,2026-08-25T01:04:02.309843+00:00,data/raw/kepler/kic_6850504/mastDownload/Kepler/kplr006850504_lc_Q011111111111111111/kplr006850504-2011073133259_llc.fits,3279,True,available,
6850504,KIC,Kepler-20,Kepler-20,Mixed-radius multi-planet system,Kepler-20 d,77.611455,0.08275,7.2566,2.606,,pscomppars,2026-08-25T01:04:02.309843+00:00,data/raw/kepler/kic_6850504/mastDownload/Kepler/kplr006850504_lc_Q011111111111111111/kplr006850504-2011073133259_llc.fits,3279,True,available,
6850504,KIC,Kepler-20,Kepler-20,Mixed-radius multi-planet system,Kepler-20 b,3.6961049,0.03967,2.463,1.773,,pscomppars,2026-08-25T01:04:02.309843+00:00,data/raw/kepler/kic_6850504/mastDownload/Kepler/kplr006850504_lc_Q011111111111111111/kplr006850504-2011177032512_llc.fits,4768,True,available,
6850504,KIC,Kepler-20,Kepler-20,Mixed-radius multi-planet system,Kepler-20 e,6.0984882,0.00748,2.9815,0.821,,pscomppars,2026-08-25T01:04:02.309843+00:00,data/raw/kepler/kic_6850504/mastDownload/Kepler/kplr006850504_lc_Q011111111111111111/kplr006850504-2011177032512_llc.fits,4768,True,available,
6850504,KIC,Kepler-20,Kepler-20,Mixed-radius multi-planet system,Kepler-20 c,10.8540774,0.1051,3.7768,2.894,,pscomppars,2026-08-25T01:04:02.309843+00:00,data/raw/kepler/kic_6850504/mastDownload/Kepler/kplr006850504_lc_Q011111111111111111/kplr006850504-2011177032512_llc.fits,4768,True,available,
6850504,KIC,Kepler-20,Kepler-20,Mixed-radius multi-planet system,Kepler-20 f,19.578328,0.01156,3.744,0.952,,pscomppars,2026-08-25T01:04:02.309843+00:00,data/raw/kepler/kic_6850504/mastDownload/Kepler/kplr006850504_lc_Q011111111111111111/kplr006850504-2011177032512_llc.fits,4768,True,available,
6850504,KIC,Kepler-20,Kepler-20,Mixed-radius multi-planet system,Kepler-20 d,77.611455,0.08275,7.2566,2.606,,pscomppars,2026-08-25T01:04:02.309843+00:00,data/raw/kepler/kic_6850504/mastDownload/Kepler/kplr006850504_lc_Q011111111111111111/kplr006850504-2011177032512_llc.fits,4768,True,available,
6850504,KIC,Kepler-20,Kepler-20,Mixed-radius multi-planet system,Kepler-20 b,3.6961049,0.03967,2.463,1.773,,pscomppars,2026-08-25T01:04:02.309843+00:00,data/raw/kepler/kic_6850504/mastDownload/Kepler/kplr006850504_lc_Q011111111111111111/kplr006850504-2011271113734_llc.fits,4573,True,available,
6850504,KIC,Kepler-20,Kepler-20,Mixed-radius multi-planet system,Kepler-20 e,6.0984882,0.00748,2.9815,0.821,,pscomppars,2026-08-25T01:04:02.309843+00:00,data/raw/kepler/kic_6850504/mastDownload/Kepler/kplr006850504_lc_Q011111111111111111/kplr006850504-2011271113734_llc.fits,4573,True,available,
6850504,KIC,Kepler-20,Kepler-20,Mixed-radius multi-planet system,Kepler-20 c,10.8540774,0.1051,3.7768,2.894,,pscomppars,2026-08-25T01:04:02.309843+00:00,data/raw/kepler/kic_6850504/mastDownload/Kepler/kplr006850504_lc_Q011111111111111111/kplr006850504-2011271113734_llc.fits,4573,True,available,
6850504,KIC,Kepler-20,Kepler-20,Mixed-radius multi-planet system,Kepler-20 f,19.578328,0.01156,3.744,0.952,,pscomppars,2026-08-25T01:04:02.309843+00:00,data/raw/kepler/kic_6850504/mastDownload/Kepler/kplr006850504_lc_Q011111111111111111/kplr006850504-2011271113734_llc.fits,4573,True,available,
6850504,KIC,Kepler-20,Kepler-20,Mixed-radius multi-planet system,Kepler-20 d,77.611455,0.08275,7.2566,2.606,,pscomppars,2026-08-25T01:04:02.309843+00:00,data/raw/kepler/kic_6850504/mastDownload/Kepler/kplr006850504_lc_Q011111111111111111/kplr006850504-2011271113734_llc.fits,4573,True,available,
6850504,KIC,Kepler-20,Kepler-20,Mixed-radius multi-planet system,Kepler-20 b,3.6961049,0.03967,2.463,1.773,,pscomppars,2026-08-25T01:04:02.309843+00:00,data/raw/kepler/kic_6850504/mastDownload/Kepler/kplr006850504_lc_Q011111111111111111/kplr006850504-2012004120508_llc.fits,4754,True,available,
6850504,KIC,Kepler-20,Kepler-20,Mixed-radius multi-planet system,Kepler-20 e,6.0984882,0.00748,2.9815,0.821,,pscomppars,2026-08-25T01:04:02.309843+00:00,data/raw/kepler/kic_6850504/mastDownload/Kepler/kplr006850504_lc_Q011111111111111111/kplr006850504-2012004120508_llc.fits,4754,True,available,
6850504,KIC,Kepler-20,Kepler-20,Mixed-radius multi-planet system,Kepler-20 c,10.8540774,0.1051,3.7768,2.894,,pscomppars,2026-08-25T01:04:02.309843+00:00,data/raw/kepler/kic_6850504/mastDownload/Kepler/kplr006850504_lc_Q011111111111111111/kplr006850504-2012004120508_llc.fits,4754,True,available,
6850504,KIC,Kepler-20,Kepler-20,Mixed-radius multi-planet system,Kepler-20 f,19.578328,0.01156,3.744,0.952,,pscomppars,2026-08-25T01:04:02.309843+00:00,data/raw/kepler/kic_6850504/mastDownload/Kepler/kplr006850504_lc_Q011111111111111111/kplr006850504-2012004120508_llc.fits,4754,True,available,
6850504,KIC,Kepler-20,Kepler-20,Mixed-radius multi-planet system,Kepler-20 d,77.611455,0.08275,7.2566,2.606,,pscomppars,2026-08-25T01:04:02.309843+00:00,data/raw/kepler/kic_6850504/mastDownload/Kepler/kplr006850504_lc_Q011111111111111111/kplr006850504-2012004120508_llc.fits,4754,True,available,
6850504,KIC,Kepler-20,Kepler-20,Mixed-radius multi-planet system,Kepler-20 b,3.6961049,0.03967,2.463,1.773,,pscomppars,2026-08-25T01:04:02.309843+00:00,data/raw/kepler/kic_6850504/mastDownload/Kepler/kplr006850504_lc_Q011111111111111111/kplr006850504-2012088054726_llc.fits,4044,True,available,
6850504,KIC,Kepler-20,Kepler-20,Mixed-radius multi-planet system,Kepler-20 e,6.0984882,0.00748,2.9815,0.821,,pscomppars,2026-08-25T01:04:02.309843+00:00,data/raw/kepler/kic_6850504/mastDownload/Kepler/kplr006850504_lc_Q011111111111111111/kplr006850504-2012088054726_llc.fits,4044,True,available,
6850504,KIC,Kepler-20,Kepler-20,Mixed-radius multi-planet system,Kepler-20 c,10.8540774,0.1051,3.7768,2.894,,pscomppars,2026-08-25T01:04:02.309843+00:00,data/raw/kepler/kic_6850504/mastDownload/Kepler/kplr006850504_lc_Q011111111111111111/kplr006850504-2012088054726_llc.fits,4044,True,available,
6850504,KIC,Kepler-20,Kepler-20,Mixed-radius multi-planet system,Kepler-20 f,19.578328,0.01156,3.744,0.952,,pscomppars,2026-08-25T01:04:02.309843+00:00,data/raw/kepler/kic_6850504/mastDownload/Kepler/kplr006850504_lc_Q011111111111111111/kplr006850504-2012088054726_llc.fits,4044,True,available,
6850504,KIC,Kepler-20,Kepler-20,Mixed-radius multi-planet system,Kepler-20 d,77.611455,0.08275,7.2566,2.606,,pscomppars,2026-08-25T01:04:02.309843+00:00,data/raw/kepler/kic_6850504/mastDownload/Kepler/kplr006850504_lc_Q011111111111111111/kplr006850504-2012088054726_llc.fits,4044,True,available,
6850504,KIC,Kepler-20,Kepler-20,Mixed-radius multi-planet system,Kepler-20 b,3.6961049,0.03967,2.463,1.773,,pscomppars,2026-08-25T01:04:02.309843+00:00,data/raw/kepler/kic_6850504/mastDownload/Kepler/kplr006850504_lc_Q011111111111111111/kplr006850504-2012179063303_llc.fits,4421,True,available,
6850504,KIC,Kepler-20,Kepler-20,Mixed-radius multi-planet system,Kepler-20 e,6.0984882,0.00748,2.9815,0.821,,pscomppars,2026-08-25T01:04:02.309843+00:00,data/raw/kepler/kic_6850504/mastDownload/Kepler/kplr006850504_lc_Q011111111111111111/kplr006850504-2012179063303_llc.fits,4421,True,available,
6850504,KIC,Kepler-20,Kepler-20,Mixed-radius multi-planet system,Kepler-20 c,10.8540774,0.1051,3.7768,2.894,,pscomppars,2026-08-25T01:04:02.309843+00:00,data/raw/kepler/kic_6850504/mastDownload/Kepler/kplr006850504_lc_Q011111111111111111/kplr006850504-2012179063303_llc.fits,4421,True,available,
6850504,KIC,Kepler-20,Kepler-20,Mixed-radius multi-planet system,Kepler-20 f,19.578328,0.01156,3.744,0.952,,pscomppars,2026-08-25T01:04:02.309843+00:00,data/raw/kepler/kic_6850504/mastDownload/Kepler/kplr006850504_lc_Q011111111111111111/kplr006850504-2012179063303_llc.fits,4421,True,available,
6850504,KIC,Kepler-20,Kepler-20,Mixed-radius multi-planet system,Kepler-20 d,77.611455,0.08275,7.2566,2.606,,pscomppars,2026-08-25T01:04:02.309843+00:00,data/raw/kepler/kic_6850504/mastDownload/Kepler/kplr006850504_lc_Q011111111111111111/kplr006850504-2012179063303_llc.fits,4421,True,available,
6850504,KIC,Kepler-20,Kepler-20,Mixed-radius multi-planet system,Kepler-20 b,3.6961049,0.03967,2.463,1.773,,pscomppars,2026-08-25T01:04:02.309843+00:00,data/raw/kepler/kic_6850504/mastDownload/Kepler/kplr006850504_lc_Q011111111111111111/kplr006850504-2012277125453_llc.fits,4757,True,available,
6850504,KIC,Kepler-20,Kepler-20,Mixed-radius multi-planet system,Kepler-20 e,6.0984882,0.00748,2.9815,0.821,,pscomppars,2026-08-25T01:04:02.309843+00:00,data/raw/kepler/kic_6850504/mastDownload/Kepler/kplr006850504_lc_Q011111111111111111/kplr006850504-2012277125453_llc.fits,4757,True,available,
6850504,KIC,Kepler-20,Kepler-20,Mixed-radius multi-planet system,Kepler-20 c,10.8540774,0.1051,3.7768,2.894,,pscomppars,2026-08-25T01:04:02.309843+00:00,data/raw/kepler/kic_6850504/mastDownload/Kepler/kplr006850504_lc_Q011111111111111111/kplr006850504-2012277125453_llc.fits,4757,True,available,
6850504,KIC,Kepler-20,Kepler-20,Mixed-radius multi-planet system,Kepler-20 f,19.578328,0.01156,3.744,0.952,,pscomppars,2026-08-25T01:04:02.309843+00:00,data/raw/kepler/kic_6850504/mastDownload/Kepler/kplr006850504_lc_Q011111111111111111/kplr006850504-2012277125453_llc.fits,4757,True,available,
6850504,KIC,Kepler-20,Kepler-20,Mixed-radius multi-planet system,Kepler-20 d,77.611455,0.08275,7.2566,2.606,,pscomppars,2026-08-25T01:04:02.309843+00:00,data/raw/kepler/kic_6850504/mastDownload/Kepler/kplr006850504_lc_Q011111111111111111/kplr006850504-2012277125453_llc.fits,4757,True,available,
6850504,KIC,Kepler-20,Kepler-20,Mixed-radius multi-planet system,Kepler-20 b,3.6961049,0.03967,2.463,1.773,,pscomppars,2026-08-25T01:04:02.309843+00:00,data/raw/kepler/kic_6850504/mastDownload/Kepler/kplr006850504_lc_Q011111111111111111/kplr006850504-2013011073258_llc.fits,4780,True,available,
6850504,KIC,Kepler-20,Kepler-20,Mixed-radius multi-planet system,Kepler-20 e,6.0984882,0.00748,2.9815,0.821,,pscomppars,2026-08-25T01:04:02.309843+00:00,data/raw/kepler/kic_6850504/mastDownload/Kepler/kplr006850504_lc_Q011111111111111111/kplr006850504-2013011073258_llc.fits,4780,True,available,
6850504,KIC,Kepler-20,Kepler-20,Mixed-radius multi-planet system,Kepler-20 c,10.8540774,0.1051,3.7768,2.894,,pscomppars,2026-08-25T01:04:02.309843+00:00,data/raw/kepler/kic_6850504/mastDownload/Kepler/kplr006850504_lc_Q011111111111111111/kplr006850504-2013011073258_llc.fits,4780,True,available,
6850504,KIC,Kepler-20,Kepler-20,Mixed-radius multi-planet system,Kepler-20 f,19.578328,0.01156,3.744,0.952,,pscomppars,2026-08-25T01:04:02.309843+00:00,data/raw/kepler/kic_6850504/mastDownload/Kepler/kplr006850504_lc_Q011111111111111111/kplr006850504-2013011073258_llc.fits,4780,True,available,
6850504,KIC,Kepler-20,Kepler-20,Mixed-radius multi-planet system,Kepler-20 d,77.611455,0.08275,7.2566,2.606,,pscomppars,2026-08-25T01:04:02.309843+00:00,data/raw/kepler/kic_6850504/mastDownload/Kepler/kplr006850504_lc_Q011111111111111111/kplr006850504-2013011073258_llc.fits,4780,True,available,
6850504,KIC,Kepler-20,Kepler-20,Mixed-radius multi-planet system,Kepler-20 b,3.6961049,0.03967,2.463,1.773,,pscomppars,2026-08-25T01:04:02.309843+00:00,data/raw/kepler/kic_6850504/mastDownload/Kepler/kplr006850504_lc_Q011111111111111111/kplr006850504-2013098041711_llc.fits,4203,True,available,
6850504,KIC,Kepler-20,Kepler-20,Mixed-radius multi-planet system,Kepler-20 e,6.0984882,0.00748,2.9815,0.821,,pscomppars,2026-08-25T01:04:02.309843+00:00,data/raw/kepler/kic_6850504/mastDownload/Kepler/kplr006850504_lc_Q011111111111111111/kplr006850504-2013098041711_llc.fits,4203,True,available,
6850504,KIC,Kepler-20,Kepler-20,Mixed-radius multi-planet system,Kepler-20 c,10.8540774,0.1051,3.7768,2.894,,pscomppars,2026-08-25T01:04:02.309843+00:00,data/raw/kepler/kic_6850504/mastDownload/Kepler/kplr006850504_lc_Q011111111111111111/kplr006850504-2013098041711_llc.fits,4203,True,available,
6850504,KIC,Kepler-20,Kepler-20,Mixed-radius multi-planet system,Kepler-20 f,19.578328,0.01156,3.744,0.952,,pscomppars,2026-08-25T01:04:02.309843+00:00,data/raw/kepler/kic_6850504/mastDownload/Kepler/kplr006850504_lc_Q011111111111111111/kplr006850504-2013098041711_llc.fits,4203,True,available,
6850504,KIC,Kepler-20,Kepler-20,Mixed-radius multi-planet system,Kepler-20 d,77.611455,0.08275,7.2566,2.606,,pscomppars,2026-08-25T01:04:02.309843+00:00,data/raw/kepler/kic_6850504/mastDownload/Kepler/kplr006850504_lc_Q011111111111111111/kplr006850504-2013098041711_llc.fits,4203,True,available,
6850504,KIC,Kepler-20,Kepler-20,Mixed-radius multi-planet system,Kepler-20 b,3.6961049,0.03967,2.463,1.773,,pscomppars,2026-08-25T01:04:02.309843+00:00,data/raw/kepler/kic_6850504/mastDownload/Kepler/kplr006850504_lc_Q011111111111111111/kplr006850504-2013131215648_llc.fits,1556,True,available,
6850504,KIC,Kepler-20,Kepler-20,Mixed-radius multi-planet system,Kepler-20 e,6.0984882,0.00748,2.9815,0.821,,pscomppars,2026-08-25T01:04:02.309843+00:00,data/raw/kepler/kic_6850504/mastDownload/Kepler/kplr006850504_lc_Q011111111111111111/kplr006850504-2013131215648_llc.fits,1556,True,available,
6850504,KIC,Kepler-20,Kepler-20,Mixed-radius multi-planet system,Kepler-20 c,10.8540774,0.1051,3.7768,2.894,,pscomppars,2026-08-25T01:04:02.309843+00:00,data/raw/kepler/kic_6850504/mastDownload/Kepler/kplr006850504_lc_Q011111111111111111/kplr006850504-2013131215648_llc.fits,1556,True,available,
6850504,KIC,Kepler-20,Kepler-20,Mixed-radius multi-planet system,Kepler-20 f,19.578328,0.01156,3.744,0.952,,pscomppars,2026-08-25T01:04:02.309843+00:00,data/raw/kepler/kic_6850504/mastDownload/Kepler/kplr006850504_lc_Q011111111111111111/kplr006850504-2013131215648_llc.fits,1556,True,available,
6850504,KIC,Kepler-20,Kepler-20,Mixed-radius multi-planet system,Kepler-20 d,77.611455,0.08275,7.2566,2.606,,pscomppars,2026-08-25T01:04:02.309843+00:00,data/raw/kepler/kic_6850504/mastDownload/Kepler/kplr006850504_lc_Q011111111111111111/kplr006850504-2013131215648_llc.fits,1556,True,available,
3632418,KIC,Kepler-21,Kepler-21,Bright star with shallow transit,Kepler-21 b,2.7858212,0.006217,3.4834,1.639,,pscomppars,2026-08-25T01:04:02.309843+00:00,data/raw/kepler/kic_3632418/mastDownload/Kepler/kplr003632418_lc_Q111111111111111111/kplr003632418-2009131105131_llc.fits,476,True,available,
3632418,KIC,Kepler-21,Kepler-21,Bright star with shallow transit,Kepler-21 b,2.7858212,0.006217,3.4834,1.639,,pscomppars,2026-08-25T01:04:02.309843+00:00,data/raw/kepler/kic_3632418/mastDownload/Kepler/kplr003632418_lc_Q111111111111111111/kplr003632418-2009166043257_llc.fits,1639,True,available,
3632418,KIC,Kepler-21,Kepler-21,Bright star with shallow transit,Kepler-21 b,2.7858212,0.006217,3.4834,1.639,,pscomppars,2026-08-25T01:04:02.309843+00:00,data/raw/kepler/kic_3632418/mastDownload/Kepler/kplr003632418_lc_Q111111111111111111/kplr003632418-2009259160929_llc.fits,4354,True,available,
3632418,KIC,Kepler-21,Kepler-21,Bright star with shallow transit,Kepler-21 b,2.7858212,0.006217,3.4834,1.639,,pscomppars,2026-08-25T01:04:02.309843+00:00,data/raw/kepler/kic_3632418/mastDownload/Kepler/kplr003632418_lc_Q111111111111111111/kplr003632418-2009350155506_llc.fits,4370,True,available,
3632418,KIC,Kepler-21,Kepler-21,Bright star with shallow transit,Kepler-21 b,2.7858212,0.006217,3.4834,1.639,,pscomppars,2026-08-25T01:04:02.309843+00:00,data/raw/kepler/kic_3632418/mastDownload/Kepler/kplr003632418_lc_Q111111111111111111/kplr003632418-2010078095331_llc.fits,4397,True,available,
3632418,KIC,Kepler-21,Kepler-21,Bright star with shallow transit,Kepler-21 b,2.7858212,0.006217,3.4834,1.639,,pscomppars,2026-08-25T01:04:02.309843+00:00,data/raw/kepler/kic_3632418/mastDownload/Kepler/kplr003632418_lc_Q111111111111111111/kplr003632418-2010174085026_llc.fits,4634,True,available,
3632418,KIC,Kepler-21,Kepler-21,Bright star with shallow transit,Kepler-21 b,2.7858212,0.006217,3.4834,1.639,,pscomppars,2026-08-25T01:04:02.309843+00:00,data/raw/kepler/kic_3632418/mastDownload/Kepler/kplr003632418_lc_Q111111111111111111/kplr003632418-2010265121752_llc.fits,4398,True,available,
3632418,KIC,Kepler-21,Kepler-21,Bright star with shallow transit,Kepler-21 b,2.7858212,0.006217,3.4834,1.639,,pscomppars,2026-08-25T01:04:02.309843+00:00,data/raw/kepler/kic_3632418/mastDownload/Kepler/kplr003632418_lc_Q111111111111111111/kplr003632418-2010355172524_llc.fits,4375,True,available,
3632418,KIC,Kepler-21,Kepler-21,Bright star with shallow transit,Kepler-21 b,2.7858212,0.006217,3.4834,1.639,,pscomppars,2026-08-25T01:04:02.309843+00:00,data/raw/kepler/kic_3632418/mastDownload/Kepler/kplr003632418_lc_Q111111111111111111/kplr003632418-2011073133259_llc.fits,3279,True,available,
3632418,KIC,Kepler-21,Kepler-21,Bright star with shallow transit,Kepler-21 b,2.7858212,0.006217,3.4834,1.639,,pscomppars,2026-08-25T01:04:02.309843+00:00,data/raw/kepler/kic_3632418/mastDownload/Kepler/kplr003632418_lc_Q111111111111111111/kplr003632418-2011177032512_llc.fits,4768,True,available,
3632418,KIC,Kepler-21,Kepler-21,Bright star with shallow transit,Kepler-21 b,2.7858212,0.006217,3.4834,1.639,,pscomppars,2026-08-25T01:04:02.309843+00:00,data/raw/kepler/kic_3632418/mastDownload/Kepler/kplr003632418_lc_Q111111111111111111/kplr003632418-2011271113734_llc.fits,4573,True,available,
3632418,KIC,Kepler-21,Kepler-21,Bright star with shallow transit,Kepler-21 b,2.7858212,0.006217,3.4834,1.639,,pscomppars,2026-08-25T01:04:02.309843+00:00,data/raw/kepler/kic_3632418/mastDownload/Kepler/kplr003632418_lc_Q111111111111111111/kplr003632418-2012004120508_llc.fits,4754,True,available,
3632418,KIC,Kepler-21,Kepler-21,Bright star with shallow transit,Kepler-21 b,2.7858212,0.006217,3.4834,1.639,,pscomppars,2026-08-25T01:04:02.309843+00:00,data/raw/kepler/kic_3632418/mastDownload/Kepler/kplr003632418_lc_Q111111111111111111/kplr003632418-2012088054726_llc.fits,4044,True,available,
3632418,KIC,Kepler-21,Kepler-21,Bright star with shallow transit,Kepler-21 b,2.7858212,0.006217,3.4834,1.639,,pscomppars,2026-08-25T01:04:02.309843+00:00,data/raw/kepler/kic_3632418/mastDownload/Kepler/kplr003632418_lc_Q111111111111111111/kplr003632418-2012179063303_llc.fits,4421,True,available,
3632418,KIC,Kepler-21,Kepler-21,Bright star with shallow transit,Kepler-21 b,2.7858212,0.006217,3.4834,1.639,,pscomppars,2026-08-25T01:04:02.309843+00:00,data/raw/kepler/kic_3632418/mastDownload/Kepler/kplr003632418_lc_Q111111111111111111/kplr003632418-2012277125453_llc.fits,4757,True,available,
3632418,KIC,Kepler-21,Kepler-21,Bright star with shallow transit,Kepler-21 b,2.7858212,0.006217,3.4834,1.639,,pscomppars,2026-08-25T01:04:02.309843+00:00,data/raw/kepler/kic_3632418/mastDownload/Kepler/kplr003632418_lc_Q111111111111111111/kplr003632418-2013011073258_llc.fits,4780,True,available,
3632418,KIC,Kepler-21,Kepler-21,Bright star with shallow transit,Kepler-21 b,2.7858212,0.006217,3.4834,1.639,,pscomppars,2026-08-25T01:04:02.309843+00:00,data/raw/kepler/kic_3632418/mastDownload/Kepler/kplr003632418_lc_Q111111111111111111/kplr003632418-2013098041711_llc.fits,4203,True,available,
3632418,KIC,Kepler-21,Kepler-21,Bright star with shallow transit,Kepler-21 b,2.7858212,0.006217,3.4834,1.639,,pscomppars,2026-08-25T01:04:02.309843+00:00,data/raw/kepler/kic_3632418/mastDownload/Kepler/kplr003632418_lc_Q111111111111111111/kplr003632418-2013131215648_llc.fits,1556,True,available,
4349452,KIC,Kepler-25,Kepler-25,Multi-planet system,Kepler-25 b,6.238297,0.04028,3.54393,2.748,,pscomppars,2026-08-25T01:04:02.309843+00:00,data/raw/kepler/kic_4349452/mastDownload/Kepler/kplr004349452_lc_Q111111111111111111/kplr004349452-2009131105131_llc.fits,476,True,available,
4349452,KIC,Kepler-25,Kepler-25,Multi-planet system,Kepler-25 c,12.7207,0.107,2.862,5.217,,pscomppars,2026-08-25T01:04:02.309843+00:00,data/raw/kepler/kic_4349452/mastDownload/Kepler/kplr004349452_lc_Q111111111111111111/kplr004349452-2009131105131_llc.fits,476,True,available,
4349452,KIC,Kepler-25,Kepler-25,Multi-planet system,Kepler-25 b,6.238297,0.04028,3.54393,2.748,,pscomppars,2026-08-25T01:04:02.309843+00:00,data/raw/kepler/kic_4349452/mastDownload/Kepler/kplr004349452_lc_Q111111111111111111/kplr004349452-2009166043257_llc.fits,1639,True,available,
4349452,KIC,Kepler-25,Kepler-25,Multi-planet system,Kepler-25 c,12.7207,0.107,2.862,5.217,,pscomppars,2026-08-25T01:04:02.309843+00:00,data/raw/kepler/kic_4349452/mastDownload/Kepler/kplr004349452_lc_Q111111111111111111/kplr004349452-2009166043257_llc.fits,1639,True,available,
4349452,KIC,Kepler-25,Kepler-25,Multi-planet system,Kepler-25 b,6.238297,0.04028,3.54393,2.748,,pscomppars,2026-08-25T01:04:02.309843+00:00,data/raw/kepler/kic_4349452/mastDownload/Kepler/kplr004349452_lc_Q111111111111111111/kplr004349452-2009259160929_llc.fits,4354,True,available,
4349452,KIC,Kepler-25,Kepler-25,Multi-planet system,Kepler-25 c,12.7207,0.107,2.862,5.217,,pscomppars,2026-08-25T01:04:02.309843+00:00,data/raw/kepler/kic_4349452/mastDownload/Kepler/kplr004349452_lc_Q111111111111111111/kplr004349452-2009259160929_llc.fits,4354,True,available,
4349452,KIC,Kepler-25,Kepler-25,Multi-planet system,Kepler-25 b,6.238297,0.04028,3.54393,2.748,,pscomppars,2026-08-25T01:04:02.309843+00:00,data/raw/kepler/kic_4349452/mastDownload/Kepler/kplr004349452_lc_Q111111111111111111/kplr004349452-2009350155506_llc.fits,4370,True,available,
4349452,KIC,Kepler-25,Kepler-25,Multi-planet system,Kepler-25 c,12.7207,0.107,2.862,5.217,,pscomppars,2026-08-25T01:04:02.309843+00:00,data/raw/kepler/kic_4349452/mastDownload/Kepler/kplr004349452_lc_Q111111111111111111/kplr004349452-2009350155506_llc.fits,4370,True,available,
4349452,KIC,Kepler-25,Kepler-25,Multi-planet system,Kepler-25 b,6.238297,0.04028,3.54393,2.748,,pscomppars,2026-08-25T01:04:02.309843+00:00,data/raw/kepler/kic_4349452/mastDownload/Kepler/kplr004349452_lc_Q111111111111111111/kplr004349452-2010078095331_llc.fits,4397,True,available,
4349452,KIC,Kepler-25,Kepler-25,Multi-planet system,Kepler-25 c,12.7207,0.107,2.862,5.217,,pscomppars,2026-08-25T01:04:02.309843+00:00,data/raw/kepler/kic_4349452/mastDownload/Kepler/kplr004349452_lc_Q111111111111111111/kplr004349452-2010078095331_llc.fits,4397,True,available,
4349452,KIC,Kepler-25,Kepler-25,Multi-planet system,Kepler-25 b,6.238297,0.04028,3.54393,2.748,,pscomppars,2026-08-25T01:04:02.309843+00:00,data/raw/kepler/kic_4349452/mastDownload/Kepler/kplr004349452_lc_Q111111111111111111/kplr004349452-2010174085026_llc.fits,4634,True,available,
4349452,KIC,Kepler-25,Kepler-25,Multi-planet system,Kepler-25 c,12.7207,0.107,2.862,5.217,,pscomppars,2026-08-25T01:04:02.309843+00:00,data/raw/kepler/kic_4349452/mastDownload/Kepler/kplr004349452_lc_Q111111111111111111/kplr004349452-2010174085026_llc.fits,4634,True,available,
4349452,KIC,Kepler-25,Kepler-25,Multi-planet system,Kepler-25 b,6.238297,0.04028,3.54393,2.748,,pscomppars,2026-08-25T01:04:02.309843+00:00,data/raw/kepler/kic_4349452/mastDownload/Kepler/kplr004349452_lc_Q111111111111111111/kplr004349452-2010265121752_llc.fits,4398,True,available,
4349452,KIC,Kepler-25,Kepler-25,Multi-planet system,Kepler-25 c,12.7207,0.107,2.862,5.217,,pscomppars,2026-08-25T01:04:02.309843+00:00,data/raw/kepler/kic_4349452/mastDownload/Kepler/kplr004349452_lc_Q111111111111111111/kplr004349452-2010265121752_llc.fits,4398,True,available,
4349452,KIC,Kepler-25,Kepler-25,Multi-planet system,Kepler-25 b,6.238297,0.04028,3.54393,2.748,,pscomppars,2026-08-25T01:04:02.309843+00:00,data/raw/kepler/kic_4349452/mastDownload/Kepler/kplr004349452_lc_Q111111111111111111/kplr004349452-2010355172524_llc.fits,4375,True,available,
4349452,KIC,Kepler-25,Kepler-25,Multi-planet system,Kepler-25 c,12.7207,0.107,2.862,5.217,,pscomppars,2026-08-25T01:04:02.309843+00:00,data/raw/kepler/kic_4349452/mastDownload/Kepler/kplr004349452_lc_Q111111111111111111/kplr004349452-2010355172524_llc.fits,4375,True,available,
4349452,KIC,Kepler-25,Kepler-25,Multi-planet system,Kepler-25 b,6.238297,0.04028,3.54393,2.748,,pscomppars,2026-08-25T01:04:02.309843+00:00,data/raw/kepler/kic_4349452/mastDownload/Kepler/kplr004349452_lc_Q111111111111111111/kplr004349452-2011073133259_llc.fits,3279,True,available,
4349452,KIC,Kepler-25,Kepler-25,Multi-planet system,Kepler-25 c,12.7207,0.107,2.862,5.217,,pscomppars,2026-08-25T01:04:02.309843+00:00,data/raw/kepler/kic_4349452/mastDownload/Kepler/kplr004349452_lc_Q111111111111111111/kplr004349452-2011073133259_llc.fits,3279,True,available,
4349452,KIC,Kepler-25,Kepler-25,Multi-planet system,Kepler-25 b,6.238297,0.04028,3.54393,2.748,,pscomppars,2026-08-25T01:04:02.309843+00:00,data/raw/kepler/kic_4349452/mastDownload/Kepler/kplr004349452_lc_Q111111111111111111/kplr004349452-2011177032512_llc.fits,4768,True,available,
4349452,KIC,Kepler-25,Kepler-25,Multi-planet system,Kepler-25 c,12.7207,0.107,2.862,5.217,,pscomppars,2026-08-25T01:04:02.309843+00:00,data/raw/kepler/kic_4349452/mastDownload/Kepler/kplr004349452_lc_Q111111111111111111/kplr004349452-2011177032512_llc.fits,4768,True,available,
4349452,KIC,Kepler-25,Kepler-25,Multi-planet system,Kepler-25 b,6.238297,0.04028,3.54393,2.748,,pscomppars,2026-08-25T01:04:02.309843+00:00,data/raw/kepler/kic_4349452/mastDownload/Kepler/kplr004349452_lc_Q111111111111111111/kplr004349452-2011271113734_llc.fits,4573,True,available,
4349452,KIC,Kepler-25,Kepler-25,Multi-planet system,Kepler-25 c,12.7207,0.107,2.862,5.217,,pscomppars,2026-08-25T01:04:02.309843+00:00,data/raw/kepler/kic_4349452/mastDownload/Kepler/kplr004349452_lc_Q111111111111111111/kplr004349452-2011271113734_llc.fits,4573,True,available,
4349452,KIC,Kepler-25,Kepler-25,Multi-planet system,Kepler-25 b,6.238297,0.04028,3.54393,2.748,,pscomppars,2026-08-25T01:04:02.309843+00:00,data/raw/kepler/kic_4349452/mastDownload/Kepler/kplr004349452_lc_Q111111111111111111/kplr004349452-2012004120508_llc.fits,4754,True,available,
4349452,KIC,Kepler-25,Kepler-25,Multi-planet system,Kepler-25 c,12.7207,0.107,2.862,5.217,,pscomppars,2026-08-25T01:04:02.309843+00:00,data/raw/kepler/kic_4349452/mastDownload/Kepler/kplr004349452_lc_Q111111111111111111/kplr004349452-2012004120508_llc.fits,4754,True,available,
4349452,KIC,Kepler-25,Kepler-25,Multi-planet system,Kepler-25 b,6.238297,0.04028,3.54393,2.748,,pscomppars,2026-08-25T01:04:02.309843+00:00,data/raw/kepler/kic_4349452/mastDownload/Kepler/kplr004349452_lc_Q111111111111111111/kplr004349452-2012088054726_llc.fits,4044,True,available,
4349452,KIC,Kepler-25,Kepler-25,Multi-planet system,Kepler-25 c,12.7207,0.107,2.862,5.217,,pscomppars,2026-08-25T01:04:02.309843+00:00,data/raw/kepler/kic_4349452/mastDownload/Kepler/kplr004349452_lc_Q111111111111111111/kplr004349452-2012088054726_llc.fits,4044,True,available,
4349452,KIC,Kepler-25,Kepler-25,Multi-planet system,Kepler-25 b,6.238297,0.04028,3.54393,2.748,,pscomppars,2026-08-25T01:04:02.309843+00:00,data/raw/kepler/kic_4349452/mastDownload/Kepler/kplr004349452_lc_Q111111111111111111/kplr004349452-2012179063303_llc.fits,4421,True,available,
4349452,KIC,Kepler-25,Kepler-25,Multi-planet system,Kepler-25 c,12.7207,0.107,2.862,5.217,,pscomppars,2026-08-25T01:04:02.309843+00:00,data/raw/kepler/kic_4349452/mastDownload/Kepler/kplr004349452_lc_Q111111111111111111/kplr004349452-2012179063303_llc.fits,4421,True,available,
4349452,KIC,Kepler-25,Kepler-25,Multi-planet system,Kepler-25 b,6.238297,0.04028,3.54393,2.748,,pscomppars,2026-08-25T01:04:02.309843+00:00,data/raw/kepler/kic_4349452/mastDownload/Kepler/kplr004349452_lc_Q111111111111111111/kplr004349452-2012277125453_llc.fits,4757,True,available,
4349452,KIC,Kepler-25,Kepler-25,Multi-planet system,Kepler-25 c,12.7207,0.107,2.862,5.217,,pscomppars,2026-08-25T01:04:02.309843+00:00,data/raw/kepler/kic_4349452/mastDownload/Kepler/kplr004349452_lc_Q111111111111111111/kplr004349452-2012277125453_llc.fits,4757,True,available,
4349452,KIC,Kepler-25,Kepler-25,Multi-planet system,Kepler-25 b,6.238297,0.04028,3.54393,2.748,,pscomppars,2026-08-25T01:04:02.309843+00:00,data/raw/kepler/kic_4349452/mastDownload/Kepler/kplr004349452_lc_Q111111111111111111/kplr004349452-2013011073258_llc.fits,4780,True,available,
4349452,KIC,Kepler-25,Kepler-25,Multi-planet system,Kepler-25 c,12.7207,0.107,2.862,5.217,,pscomppars,2026-08-25T01:04:02.309843+00:00,data/raw/kepler/kic_4349452/mastDownload/Kepler/kplr004349452_lc_Q111111111111111111/kplr004349452-2013011073258_llc.fits,4780,True,available,
4349452,KIC,Kepler-25,Kepler-25,Multi-planet system,Kepler-25 b,6.238297,0.04028,3.54393,2.748,,pscomppars,2026-08-25T01:04:02.309843+00:00,data/raw/kepler/kic_4349452/mastDownload/Kepler/kplr004349452_lc_Q111111111111111111/kplr004349452-2013098041711_llc.fits,4203,True,available,
4349452,KIC,Kepler-25,Kepler-25,Multi-planet system,Kepler-25 c,12.7207,0.107,2.862,5.217,,pscomppars,2026-08-25T01:04:02.309843+00:00,data/raw/kepler/kic_4349452/mastDownload/Kepler/kplr004349452_lc_Q111111111111111111/kplr004349452-2013098041711_llc.fits,4203,True,available,
4349452,KIC,Kepler-25,Kepler-25,Multi-planet system,Kepler-25 b,6.238297,0.04028,3.54393,2.748,,pscomppars,2026-08-25T01:04:02.309843+00:00,data/raw/kepler/kic_4349452/mastDownload/Kepler/kplr004349452_lc_Q111111111111111111/kplr004349452-2013131215648_llc.fits,1556,True,available,
4349452,KIC,Kepler-25,Kepler-25,Multi-planet system,Kepler-25 c,12.7207,0.107,2.862,5.217,,pscomppars,2026-08-25T01:04:02.309843+00:00,data/raw/kepler/kic_4349452/mastDownload/Kepler/kplr004349452_lc_Q111111111111111111/kplr004349452-2013131215648_llc.fits,1556,True,available,
11401755,KIC,Kepler-36,Kepler-36,Closely spaced planet periods,Kepler-36 b,13.86825,0.00846,7.2783,1.498,,pscomppars,2026-08-25T01:04:02.309843+00:00,data/raw/kepler/kic_11401755/mastDownload/Kepler/kplr011401755_lc_Q111111111111111111/kplr011401755-2009131105131_llc.fits,476,True,available,
11401755,KIC,Kepler-36,Kepler-36,Closely spaced planet periods,Kepler-36 c,16.21865,0.04253,7.46,3.679,,pscomppars,2026-08-25T01:04:02.309843+00:00,data/raw/kepler/kic_11401755/mastDownload/Kepler/kplr011401755_lc_Q111111111111111111/kplr011401755-2009131105131_llc.fits,476,True,available,
11401755,KIC,Kepler-36,Kepler-36,Closely spaced planet periods,Kepler-36 b,13.86825,0.00846,7.2783,1.498,,pscomppars,2026-08-25T01:04:02.309843+00:00,data/raw/kepler/kic_11401755/mastDownload/Kepler/kplr011401755_lc_Q111111111111111111/kplr011401755-2009166043257_llc.fits,1639,True,available,
11401755,KIC,Kepler-36,Kepler-36,Closely spaced planet periods,Kepler-36 c,16.21865,0.04253,7.46,3.679,,pscomppars,2026-08-25T01:04:02.309843+00:00,data/raw/kepler/kic_11401755/mastDownload/Kepler/kplr011401755_lc_Q111111111111111111/kplr011401755-2009166043257_llc.fits,1639,True,available,
11401755,KIC,Kepler-36,Kepler-36,Closely spaced planet periods,Kepler-36 b,13.86825,0.00846,7.2783,1.498,,pscomppars,2026-08-25T01:04:02.309843+00:00,data/raw/kepler/kic_11401755/mastDownload/Kepler/kplr011401755_lc_Q111111111111111111/kplr011401755-2009259160929_llc.fits,4354,True,available,
11401755,KIC,Kepler-36,Kepler-36,Closely spaced planet periods,Kepler-36 c,16.21865,0.04253,7.46,3.679,,pscomppars,2026-08-25T01:04:02.309843+00:00,data/raw/kepler/kic_11401755/mastDownload/Kepler/kplr011401755_lc_Q111111111111111111/kplr011401755-2009259160929_llc.fits,4354,True,available,
11401755,KIC,Kepler-36,Kepler-36,Closely spaced planet periods,Kepler-36 b,13.86825,0.00846,7.2783,1.498,,pscomppars,2026-08-25T01:04:02.309843+00:00,data/raw/kepler/kic_11401755/mastDownload/Kepler/kplr011401755_lc_Q111111111111111111/kplr011401755-2009350155506_llc.fits,4370,True,available,
11401755,KIC,Kepler-36,Kepler-36,Closely spaced planet periods,Kepler-36 c,16.21865,0.04253,7.46,3.679,,pscomppars,2026-08-25T01:04:02.309843+00:00,data/raw/kepler/kic_11401755/mastDownload/Kepler/kplr011401755_lc_Q111111111111111111/kplr011401755-2009350155506_llc.fits,4370,True,available,
11401755,KIC,Kepler-36,Kepler-36,Closely spaced planet periods,Kepler-36 b,13.86825,0.00846,7.2783,1.498,,pscomppars,2026-08-25T01:04:02.309843+00:00,data/raw/kepler/kic_11401755/mastDownload/Kepler/kplr011401755_lc_Q111111111111111111/kplr011401755-2010078095331_llc.fits,4397,True,available,
11401755,KIC,Kepler-36,Kepler-36,Closely spaced planet periods,Kepler-36 c,16.21865,0.04253,7.46,3.679,,pscomppars,2026-08-25T01:04:02.309843+00:00,data/raw/kepler/kic_11401755/mastDownload/Kepler/kplr011401755_lc_Q111111111111111111/kplr011401755-2010078095331_llc.fits,4397,True,available,
11401755,KIC,Kepler-36,Kepler-36,Closely spaced planet periods,Kepler-36 b,13.86825,0.00846,7.2783,1.498,,pscomppars,2026-08-25T01:04:02.309843+00:00,data/raw/kepler/kic_11401755/mastDownload/Kepler/kplr011401755_lc_Q111111111111111111/kplr011401755-2010174085026_llc.fits,4634,True,available,
11401755,KIC,Kepler-36,Kepler-36,Closely spaced planet periods,Kepler-36 c,16.21865,0.04253,7.46,3.679,,pscomppars,2026-08-25T01:04:02.309843+00:00,data/raw/kepler/kic_11401755/mastDownload/Kepler/kplr011401755_lc_Q111111111111111111/kplr011401755-2010174085026_llc.fits,4634,True,available,
11401755,KIC,Kepler-36,Kepler-36,Closely spaced planet periods,Kepler-36 b,13.86825,0.00846,7.2783,1.498,,pscomppars,2026-08-25T01:04:02.309843+00:00,data/raw/kepler/kic_11401755/mastDownload/Kepler/kplr011401755_lc_Q111111111111111111/kplr011401755-2010265121752_llc.fits,4398,True,available,
11401755,KIC,Kepler-36,Kepler-36,Closely spaced planet periods,Kepler-36 c,16.21865,0.04253,7.46,3.679,,pscomppars,2026-08-25T01:04:02.309843+00:00,data/raw/kepler/kic_11401755/mastDownload/Kepler/kplr011401755_lc_Q111111111111111111/kplr011401755-2010265121752_llc.fits,4398,True,available,
11401755,KIC,Kepler-36,Kepler-36,Closely spaced planet periods,Kepler-36 b,13.86825,0.00846,7.2783,1.498,,pscomppars,2026-08-25T01:04:02.309843+00:00,data/raw/kepler/kic_11401755/mastDownload/Kepler/kplr011401755_lc_Q111111111111111111/kplr011401755-2010355172524_llc.fits,4375,True,available,
11401755,KIC,Kepler-36,Kepler-36,Closely spaced planet periods,Kepler-36 c,16.21865,0.04253,7.46,3.679,,pscomppars,2026-08-25T01:04:02.309843+00:00,data/raw/kepler/kic_11401755/mastDownload/Kepler/kplr011401755_lc_Q111111111111111111/kplr011401755-2010355172524_llc.fits,4375,True,available,
11401755,KIC,Kepler-36,Kepler-36,Closely spaced planet periods,Kepler-36 b,13.86825,0.00846,7.2783,1.498,,pscomppars,2026-08-25T01:04:02.309843+00:00,data/raw/kepler/kic_11401755/mastDownload/Kepler/kplr011401755_lc_Q111111111111111111/kplr011401755-2011073133259_llc.fits,3279,True,available,
11401755,KIC,Kepler-36,Kepler-36,Closely spaced planet periods,Kepler-36 c,16.21865,0.04253,7.46,3.679,,pscomppars,2026-08-25T01:04:02.309843+00:00,data/raw/kepler/kic_11401755/mastDownload/Kepler/kplr011401755_lc_Q111111111111111111/kplr011401755-2011073133259_llc.fits,3279,True,available,
11401755,KIC,Kepler-36,Kepler-36,Closely spaced planet periods,Kepler-36 b,13.86825,0.00846,7.2783,1.498,,pscomppars,2026-08-25T01:04:02.309843+00:00,data/raw/kepler/kic_11401755/mastDownload/Kepler/kplr011401755_lc_Q111111111111111111/kplr011401755-2011177032512_llc.fits,4768,True,available,
11401755,KIC,Kepler-36,Kepler-36,Closely spaced planet periods,Kepler-36 c,16.21865,0.04253,7.46,3.679,,pscomppars,2026-08-25T01:04:02.309843+00:00,data/raw/kepler/kic_11401755/mastDownload/Kepler/kplr011401755_lc_Q111111111111111111/kplr011401755-2011177032512_llc.fits,4768,True,available,
11401755,KIC,Kepler-36,Kepler-36,Closely spaced planet periods,Kepler-36 b,13.86825,0.00846,7.2783,1.498,,pscomppars,2026-08-25T01:04:02.309843+00:00,data/raw/kepler/kic_11401755/mastDownload/Kepler/kplr011401755_lc_Q111111111111111111/kplr011401755-2011271113734_llc.fits,4573,True,available,
11401755,KIC,Kepler-36,Kepler-36,Closely spaced planet periods,Kepler-36 c,16.21865,0.04253,7.46,3.679,,pscomppars,2026-08-25T01:04:02.309843+00:00,data/raw/kepler/kic_11401755/mastDownload/Kepler/kplr011401755_lc_Q111111111111111111/kplr011401755-2011271113734_llc.fits,4573,True,available,
11401755,KIC,Kepler-36,Kepler-36,Closely spaced planet periods,Kepler-36 b,13.86825,0.00846,7.2783,1.498,,pscomppars,2026-08-25T01:04:02.309843+00:00,data/raw/kepler/kic_11401755/mastDownload/Kepler/kplr011401755_lc_Q111111111111111111/kplr011401755-2012004120508_llc.fits,4754,True,available,
11401755,KIC,Kepler-36,Kepler-36,Closely spaced planet periods,Kepler-36 c,16.21865,0.04253,7.46,3.679,,pscomppars,2026-08-25T01:04:02.309843+00:00,data/raw/kepler/kic_11401755/mastDownload/Kepler/kplr011401755_lc_Q111111111111111111/kplr011401755-2012004120508_llc.fits,4754,True,available,
11401755,KIC,Kepler-36,Kepler-36,Closely spaced planet periods,Kepler-36 b,13.86825,0.00846,7.2783,1.498,,pscomppars,2026-08-25T01:04:02.309843+00:00,data/raw/kepler/kic_11401755/mastDownload/Kepler/kplr011401755_lc_Q111111111111111111/kplr011401755-2012088054726_llc.fits,4044,True,available,
11401755,KIC,Kepler-36,Kepler-36,Closely spaced planet periods,Kepler-36 c,16.21865,0.04253,7.46,3.679,,pscomppars,2026-08-25T01:04:02.309843+00:00,data/raw/kepler/kic_11401755/mastDownload/Kepler/kplr011401755_lc_Q111111111111111111/kplr011401755-2012088054726_llc.fits,4044,True,available,
11401755,KIC,Kepler-36,Kepler-36,Closely spaced planet periods,Kepler-36 b,13.86825,0.00846,7.2783,1.498,,pscomppars,2026-08-25T01:04:02.309843+00:00,data/raw/kepler/kic_11401755/mastDownload/Kepler/kplr011401755_lc_Q111111111111111111/kplr011401755-2012179063303_llc.fits,4421,True,available,
11401755,KIC,Kepler-36,Kepler-36,Closely spaced planet periods,Kepler-36 c,16.21865,0.04253,7.46,3.679,,pscomppars,2026-08-25T01:04:02.309843+00:00,data/raw/kepler/kic_11401755/mastDownload/Kepler/kplr011401755_lc_Q111111111111111111/kplr011401755-2012179063303_llc.fits,4421,True,available,
11401755,KIC,Kepler-36,Kepler-36,Closely spaced planet periods,Kepler-36 b,13.86825,0.00846,7.2783,1.498,,pscomppars,2026-08-25T01:04:02.309843+00:00,data/raw/kepler/kic_11401755/mastDownload/Kepler/kplr011401755_lc_Q111111111111111111/kplr011401755-2012277125453_llc.fits,4757,True,available,
11401755,KIC,Kepler-36,Kepler-36,Closely spaced planet periods,Kepler-36 c,16.21865,0.04253,7.46,3.679,,pscomppars,2026-08-25T01:04:02.309843+00:00,data/raw/kepler/kic_11401755/mastDownload/Kepler/kplr011401755_lc_Q111111111111111111/kplr011401755-2012277125453_llc.fits,4757,True,available,
11401755,KIC,Kepler-36,Kepler-36,Closely spaced planet periods,Kepler-36 b,13.86825,0.00846,7.2783,1.498,,pscomppars,2026-08-25T01:04:02.309843+00:00,data/raw/kepler/kic_11401755/mastDownload/Kepler/kplr011401755_lc_Q111111111111111111/kplr011401755-2013011073258_llc.fits,4780,True,available,
11401755,KIC,Kepler-36,Kepler-36,Closely spaced planet periods,Kepler-36 c,16.21865,0.04253,7.46,3.679,,pscomppars,2026-08-25T01:04:02.309843+00:00,data/raw/kepler/kic_11401755/mastDownload/Kepler/kplr011401755_lc_Q111111111111111111/kplr011401755-2013011073258_llc.fits,4780,True,available,
11401755,KIC,Kepler-36,Kepler-36,Closely spaced planet periods,Kepler-36 b,13.86825,0.00846,7.2783,1.498,,pscomppars,2026-08-25T01:04:02.309843+00:00,data/raw/kepler/kic_11401755/mastDownload/Kepler/kplr011401755_lc_Q111111111111111111/kplr011401755-2013098041711_llc.fits,4203,True,available,
11401755,KIC,Kepler-36,Kepler-36,Closely spaced planet periods,Kepler-36 c,16.21865,0.04253,7.46,3.679,,pscomppars,2026-08-25T01:04:02.309843+00:00,data/raw/kepler/kic_11401755/mastDownload/Kepler/kplr011401755_lc_Q111111111111111111/kplr011401755-2013098041711_llc.fits,4203,True,available,
11401755,KIC,Kepler-36,Kepler-36,Closely spaced planet periods,Kepler-36 b,13.86825,0.00846,7.2783,1.498,,pscomppars,2026-08-25T01:04:02.309843+00:00,data/raw/kepler/kic_11401755/mastDownload/Kepler/kplr011401755_lc_Q111111111111111111/kplr011401755-2013131215648_llc.fits,1556,True,available,
11401755,KIC,Kepler-36,Kepler-36,Closely spaced planet periods,Kepler-36 c,16.21865,0.04253,7.46,3.679,,pscomppars,2026-08-25T01:04:02.309843+00:00,data/raw/kepler/kic_11401755/mastDownload/Kepler/kplr011401755_lc_Q111111111111111111/kplr011401755-2013131215648_llc.fits,1556,True,available,
9002278,KIC,Kepler-62,Kepler-62,"Multiple small, longer-period planets",Kepler-62 b,5.714932,0.043,2.31,1.31,,pscomppars,2026-08-25T01:04:02.309843+00:00,data/raw/kepler/kic_9002278/mastDownload/Kepler/kplr009002278_lc_Q011111111111111111/kplr009002278-2009166043257_llc.fits,1639,True,available,
9002278,KIC,Kepler-62,Kepler-62,"Multiple small, longer-period planets",Kepler-62 c,12.4417,0.007,3.02,0.54,,pscomppars,2026-08-25T01:04:02.309843+00:00,data/raw/kepler/kic_9002278/mastDownload/Kepler/kplr009002278_lc_Q011111111111111111/kplr009002278-2009166043257_llc.fits,1639,True,available,
9002278,KIC,Kepler-62,Kepler-62,"Multiple small, longer-period planets",Kepler-62 d,18.16406,0.092,2.97,1.95,,pscomppars,2026-08-25T01:04:02.309843+00:00,data/raw/kepler/kic_9002278/mastDownload/Kepler/kplr009002278_lc_Q011111111111111111/kplr009002278-2009166043257_llc.fits,1639,True,available,
9002278,KIC,Kepler-62,Kepler-62,"Multiple small, longer-period planets",Kepler-62 e,122.3874,0.07,6.92,1.61,,pscomppars,2026-08-25T01:04:02.309843+00:00,data/raw/kepler/kic_9002278/mastDownload/Kepler/kplr009002278_lc_Q011111111111111111/kplr009002278-2009166043257_llc.fits,1639,True,available,
9002278,KIC,Kepler-62,Kepler-62,"Multiple small, longer-period planets",Kepler-62 f,267.291,0.042,7.46,1.41,,pscomppars,2026-08-25T01:04:02.309843+00:00,data/raw/kepler/kic_9002278/mastDownload/Kepler/kplr009002278_lc_Q011111111111111111/kplr009002278-2009166043257_llc.fits,1639,True,available,
9002278,KIC,Kepler-62,Kepler-62,"Multiple small, longer-period planets",Kepler-62 b,5.714932,0.043,2.31,1.31,,pscomppars,2026-08-25T01:04:02.309843+00:00,data/raw/kepler/kic_9002278/mastDownload/Kepler/kplr009002278_lc_Q011111111111111111/kplr009002278-2009259160929_llc.fits,4354,True,available,
9002278,KIC,Kepler-62,Kepler-62,"Multiple small, longer-period planets",Kepler-62 c,12.4417,0.007,3.02,0.54,,pscomppars,2026-08-25T01:04:02.309843+00:00,data/raw/kepler/kic_9002278/mastDownload/Kepler/kplr009002278_lc_Q011111111111111111/kplr009002278-2009259160929_llc.fits,4354,True,available,
9002278,KIC,Kepler-62,Kepler-62,"Multiple small, longer-period planets",Kepler-62 d,18.16406,0.092,2.97,1.95,,pscomppars,2026-08-25T01:04:02.309843+00:00,data/raw/kepler/kic_9002278/mastDownload/Kepler/kplr009002278_lc_Q011111111111111111/kplr009002278-2009259160929_llc.fits,4354,True,available,
9002278,KIC,Kepler-62,Kepler-62,"Multiple small, longer-period planets",Kepler-62 e,122.3874,0.07,6.92,1.61,,pscomppars,2026-08-25T01:04:02.309843+00:00,data/raw/kepler/kic_9002278/mastDownload/Kepler/kplr009002278_lc_Q011111111111111111/kplr009002278-2009259160929_llc.fits,4354,True,available,
9002278,KIC,Kepler-62,Kepler-62,"Multiple small, longer-period planets",Kepler-62 f,267.291,0.042,7.46,1.41,,pscomppars,2026-08-25T01:04:02.309843+00:00,data/raw/kepler/kic_9002278/mastDownload/Kepler/kplr009002278_lc_Q011111111111111111/kplr009002278-2009259160929_llc.fits,4354,True,available,
9002278,KIC,Kepler-62,Kepler-62,"Multiple small, longer-period planets",Kepler-62 b,5.714932,0.043,2.31,1.31,,pscomppars,2026-08-25T01:04:02.309843+00:00,data/raw/kepler/kic_9002278/mastDownload/Kepler/kplr009002278_lc_Q011111111111111111/kplr009002278-2009350155506_llc.fits,4370,True,available,
9002278,KIC,Kepler-62,Kepler-62,"Multiple small, longer-period planets",Kepler-62 c,12.4417,0.007,3.02,0.54,,pscomppars,2026-08-25T01:04:02.309843+00:00,data/raw/kepler/kic_9002278/mastDownload/Kepler/kplr009002278_lc_Q011111111111111111/kplr009002278-2009350155506_llc.fits,4370,True,available,
9002278,KIC,Kepler-62,Kepler-62,"Multiple small, longer-period planets",Kepler-62 d,18.16406,0.092,2.97,1.95,,pscomppars,2026-08-25T01:04:02.309843+00:00,data/raw/kepler/kic_9002278/mastDownload/Kepler/kplr009002278_lc_Q011111111111111111/kplr009002278-2009350155506_llc.fits,4370,True,available,
9002278,KIC,Kepler-62,Kepler-62,"Multiple small, longer-period planets",Kepler-62 e,122.3874,0.07,6.92,1.61,,pscomppars,2026-08-25T01:04:02.309843+00:00,data/raw/kepler/kic_9002278/mastDownload/Kepler/kplr009002278_lc_Q011111111111111111/kplr009002278-2009350155506_llc.fits,4370,True,available,
9002278,KIC,Kepler-62,Kepler-62,"Multiple small, longer-period planets",Kepler-62 f,267.291,0.042,7.46,1.41,,pscomppars,2026-08-25T01:04:02.309843+00:00,data/raw/kepler/kic_9002278/mastDownload/Kepler/kplr009002278_lc_Q011111111111111111/kplr009002278-2009350155506_llc.fits,4370,True,available,
9002278,KIC,Kepler-62,Kepler-62,"Multiple small, longer-period planets",Kepler-62 b,5.714932,0.043,2.31,1.31,,pscomppars,2026-08-25T01:04:02.309843+00:00,data/raw/kepler/kic_9002278/mastDownload/Kepler/kplr009002278_lc_Q011111111111111111/kplr009002278-2010078095331_llc.fits,4397,True,available,
9002278,KIC,Kepler-62,Kepler-62,"Multiple small, longer-period planets",Kepler-62 c,12.4417,0.007,3.02,0.54,,pscomppars,2026-08-25T01:04:02.309843+00:00,data/raw/kepler/kic_9002278/mastDownload/Kepler/kplr009002278_lc_Q011111111111111111/kplr009002278-2010078095331_llc.fits,4397,True,available,
9002278,KIC,Kepler-62,Kepler-62,"Multiple small, longer-period planets",Kepler-62 d,18.16406,0.092,2.97,1.95,,pscomppars,2026-08-25T01:04:02.309843+00:00,data/raw/kepler/kic_9002278/mastDownload/Kepler/kplr009002278_lc_Q011111111111111111/kplr009002278-2010078095331_llc.fits,4397,True,available,
9002278,KIC,Kepler-62,Kepler-62,"Multiple small, longer-period planets",Kepler-62 e,122.3874,0.07,6.92,1.61,,pscomppars,2026-08-25T01:04:02.309843+00:00,data/raw/kepler/kic_9002278/mastDownload/Kepler/kplr009002278_lc_Q011111111111111111/kplr009002278-2010078095331_llc.fits,4397,True,available,
9002278,KIC,Kepler-62,Kepler-62,"Multiple small, longer-period planets",Kepler-62 f,267.291,0.042,7.46,1.41,,pscomppars,2026-08-25T01:04:02.309843+00:00,data/raw/kepler/kic_9002278/mastDownload/Kepler/kplr009002278_lc_Q011111111111111111/kplr009002278-2010078095331_llc.fits,4397,True,available,
9002278,KIC,Kepler-62,Kepler-62,"Multiple small, longer-period planets",Kepler-62 b,5.714932,0.043,2.31,1.31,,pscomppars,2026-08-25T01:04:02.309843+00:00,data/raw/kepler/kic_9002278/mastDownload/Kepler/kplr009002278_lc_Q011111111111111111/kplr009002278-2010174085026_llc.fits,4634,True,available,
9002278,KIC,Kepler-62,Kepler-62,"Multiple small, longer-period planets",Kepler-62 c,12.4417,0.007,3.02,0.54,,pscomppars,2026-08-25T01:04:02.309843+00:00,data/raw/kepler/kic_9002278/mastDownload/Kepler/kplr009002278_lc_Q011111111111111111/kplr009002278-2010174085026_llc.fits,4634,True,available,
9002278,KIC,Kepler-62,Kepler-62,"Multiple small, longer-period planets",Kepler-62 d,18.16406,0.092,2.97,1.95,,pscomppars,2026-08-25T01:04:02.309843+00:00,data/raw/kepler/kic_9002278/mastDownload/Kepler/kplr009002278_lc_Q011111111111111111/kplr009002278-2010174085026_llc.fits,4634,True,available,
9002278,KIC,Kepler-62,Kepler-62,"Multiple small, longer-period planets",Kepler-62 e,122.3874,0.07,6.92,1.61,,pscomppars,2026-08-25T01:04:02.309843+00:00,data/raw/kepler/kic_9002278/mastDownload/Kepler/kplr009002278_lc_Q011111111111111111/kplr009002278-2010174085026_llc.fits,4634,True,available,
9002278,KIC,Kepler-62,Kepler-62,"Multiple small, longer-period planets",Kepler-62 f,267.291,0.042,7.46,1.41,,pscomppars,2026-08-25T01:04:02.309843+00:00,data/raw/kepler/kic_9002278/mastDownload/Kepler/kplr009002278_lc_Q011111111111111111/kplr009002278-2010174085026_llc.fits,4634,True,available,
9002278,KIC,Kepler-62,Kepler-62,"Multiple small, longer-period planets",Kepler-62 b,5.714932,0.043,2.31,1.31,,pscomppars,2026-08-25T01:04:02.309843+00:00,data/raw/kepler/kic_9002278/mastDownload/Kepler/kplr009002278_lc_Q011111111111111111/kplr009002278-2010265121752_llc.fits,4398,True,available,
9002278,KIC,Kepler-62,Kepler-62,"Multiple small, longer-period planets",Kepler-62 c,12.4417,0.007,3.02,0.54,,pscomppars,2026-08-25T01:04:02.309843+00:00,data/raw/kepler/kic_9002278/mastDownload/Kepler/kplr009002278_lc_Q011111111111111111/kplr009002278-2010265121752_llc.fits,4398,True,available,
9002278,KIC,Kepler-62,Kepler-62,"Multiple small, longer-period planets",Kepler-62 d,18.16406,0.092,2.97,1.95,,pscomppars,2026-08-25T01:04:02.309843+00:00,data/raw/kepler/kic_9002278/mastDownload/Kepler/kplr009002278_lc_Q011111111111111111/kplr009002278-2010265121752_llc.fits,4398,True,available,
9002278,KIC,Kepler-62,Kepler-62,"Multiple small, longer-period planets",Kepler-62 e,122.3874,0.07,6.92,1.61,,pscomppars,2026-08-25T01:04:02.309843+00:00,data/raw/kepler/kic_9002278/mastDownload/Kepler/kplr009002278_lc_Q011111111111111111/kplr009002278-2010265121752_llc.fits,4398,True,available,
9002278,KIC,Kepler-62,Kepler-62,"Multiple small, longer-period planets",Kepler-62 f,267.291,0.042,7.46,1.41,,pscomppars,2026-08-25T01:04:02.309843+00:00,data/raw/kepler/kic_9002278/mastDownload/Kepler/kplr009002278_lc_Q011111111111111111/kplr009002278-2010265121752_llc.fits,4398,True,available,
9002278,KIC,Kepler-62,Kepler-62,"Multiple small, longer-period planets",Kepler-62 b,5.714932,0.043,2.31,1.31,,pscomppars,2026-08-25T01:04:02.309843+00:00,data/raw/kepler/kic_9002278/mastDownload/Kepler/kplr009002278_lc_Q011111111111111111/kplr009002278-2010355172524_llc.fits,4375,True,available,
9002278,KIC,Kepler-62,Kepler-62,"Multiple small, longer-period planets",Kepler-62 c,12.4417,0.007,3.02,0.54,,pscomppars,2026-08-25T01:04:02.309843+00:00,data/raw/kepler/kic_9002278/mastDownload/Kepler/kplr009002278_lc_Q011111111111111111/kplr009002278-2010355172524_llc.fits,4375,True,available,
9002278,KIC,Kepler-62,Kepler-62,"Multiple small, longer-period planets",Kepler-62 d,18.16406,0.092,2.97,1.95,,pscomppars,2026-08-25T01:04:02.309843+00:00,data/raw/kepler/kic_9002278/mastDownload/Kepler/kplr009002278_lc_Q011111111111111111/kplr009002278-2010355172524_llc.fits,4375,True,available,
9002278,KIC,Kepler-62,Kepler-62,"Multiple small, longer-period planets",Kepler-62 e,122.3874,0.07,6.92,1.61,,pscomppars,2026-08-25T01:04:02.309843+00:00,data/raw/kepler/kic_9002278/mastDownload/Kepler/kplr009002278_lc_Q011111111111111111/kplr009002278-2010355172524_llc.fits,4375,True,available,
9002278,KIC,Kepler-62,Kepler-62,"Multiple small, longer-period planets",Kepler-62 f,267.291,0.042,7.46,1.41,,pscomppars,2026-08-25T01:04:02.309843+00:00,data/raw/kepler/kic_9002278/mastDownload/Kepler/kplr009002278_lc_Q011111111111111111/kplr009002278-2010355172524_llc.fits,4375,True,available,
9002278,KIC,Kepler-62,Kepler-62,"Multiple small, longer-period planets",Kepler-62 b,5.714932,0.043,2.31,1.31,,pscomppars,2026-08-25T01:04:02.309843+00:00,data/raw/kepler/kic_9002278/mastDownload/Kepler/kplr009002278_lc_Q011111111111111111/kplr009002278-2011073133259_llc.fits,3279,True,available,
9002278,KIC,Kepler-62,Kepler-62,"Multiple small, longer-period planets",Kepler-62 c,12.4417,0.007,3.02,0.54,,pscomppars,2026-08-25T01:04:02.309843+00:00,data/raw/kepler/kic_9002278/mastDownload/Kepler/kplr009002278_lc_Q011111111111111111/kplr009002278-2011073133259_llc.fits,3279,True,available,
9002278,KIC,Kepler-62,Kepler-62,"Multiple small, longer-period planets",Kepler-62 d,18.16406,0.092,2.97,1.95,,pscomppars,2026-08-25T01:04:02.309843+00:00,data/raw/kepler/kic_9002278/mastDownload/Kepler/kplr009002278_lc_Q011111111111111111/kplr009002278-2011073133259_llc.fits,3279,True,available,
9002278,KIC,Kepler-62,Kepler-62,"Multiple small, longer-period planets",Kepler-62 e,122.3874,0.07,6.92,1.61,,pscomppars,2026-08-25T01:04:02.309843+00:00,data/raw/kepler/kic_9002278/mastDownload/Kepler/kplr009002278_lc_Q011111111111111111/kplr009002278-2011073133259_llc.fits,3279,True,available,
9002278,KIC,Kepler-62,Kepler-62,"Multiple small, longer-period planets",Kepler-62 f,267.291,0.042,7.46,1.41,,pscomppars,2026-08-25T01:04:02.309843+00:00,data/raw/kepler/kic_9002278/mastDownload/Kepler/kplr009002278_lc_Q011111111111111111/kplr009002278-2011073133259_llc.fits,3279,True,available,
9002278,KIC,Kepler-62,Kepler-62,"Multiple small, longer-period planets",Kepler-62 b,5.714932,0.043,2.31,1.31,,pscomppars,2026-08-25T01:04:02.309843+00:00,data/raw/kepler/kic_9002278/mastDownload/Kepler/kplr009002278_lc_Q011111111111111111/kplr009002278-2011177032512_llc.fits,4768,True,available,
9002278,KIC,Kepler-62,Kepler-62,"Multiple small, longer-period planets",Kepler-62 c,12.4417,0.007,3.02,0.54,,pscomppars,2026-08-25T01:04:02.309843+00:00,data/raw/kepler/kic_9002278/mastDownload/Kepler/kplr009002278_lc_Q011111111111111111/kplr009002278-2011177032512_llc.fits,4768,True,available,
9002278,KIC,Kepler-62,Kepler-62,"Multiple small, longer-period planets",Kepler-62 d,18.16406,0.092,2.97,1.95,,pscomppars,2026-08-25T01:04:02.309843+00:00,data/raw/kepler/kic_9002278/mastDownload/Kepler/kplr009002278_lc_Q011111111111111111/kplr009002278-2011177032512_llc.fits,4768,True,available,
9002278,KIC,Kepler-62,Kepler-62,"Multiple small, longer-period planets",Kepler-62 e,122.3874,0.07,6.92,1.61,,pscomppars,2026-08-25T01:04:02.309843+00:00,data/raw/kepler/kic_9002278/mastDownload/Kepler/kplr009002278_lc_Q011111111111111111/kplr009002278-2011177032512_llc.fits,4768,True,available,
9002278,KIC,Kepler-62,Kepler-62,"Multiple small, longer-period planets",Kepler-62 f,267.291,0.042,7.46,1.41,,pscomppars,2026-08-25T01:04:02.309843+00:00,data/raw/kepler/kic_9002278/mastDownload/Kepler/kplr009002278_lc_Q011111111111111111/kplr009002278-2011177032512_llc.fits,4768,True,available,
9002278,KIC,Kepler-62,Kepler-62,"Multiple small, longer-period planets",Kepler-62 b,5.714932,0.043,2.31,1.31,,pscomppars,2026-08-25T01:04:02.309843+00:00,data/raw/kepler/kic_9002278/mastDownload/Kepler/kplr009002278_lc_Q011111111111111111/kplr009002278-2011271113734_llc.fits,4573,True,available,
9002278,KIC,Kepler-62,Kepler-62,"Multiple small, longer-period planets",Kepler-62 c,12.4417,0.007,3.02,0.54,,pscomppars,2026-08-25T01:04:02.309843+00:00,data/raw/kepler/kic_9002278/mastDownload/Kepler/kplr009002278_lc_Q011111111111111111/kplr009002278-2011271113734_llc.fits,4573,True,available,
9002278,KIC,Kepler-62,Kepler-62,"Multiple small, longer-period planets",Kepler-62 d,18.16406,0.092,2.97,1.95,,pscomppars,2026-08-25T01:04:02.309843+00:00,data/raw/kepler/kic_9002278/mastDownload/Kepler/kplr009002278_lc_Q011111111111111111/kplr009002278-2011271113734_llc.fits,4573,True,available,
9002278,KIC,Kepler-62,Kepler-62,"Multiple small, longer-period planets",Kepler-62 e,122.3874,0.07,6.92,1.61,,pscomppars,2026-08-25T01:04:02.309843+00:00,data/raw/kepler/kic_9002278/mastDownload/Kepler/kplr009002278_lc_Q011111111111111111/kplr009002278-2011271113734_llc.fits,4573,True,available,
9002278,KIC,Kepler-62,Kepler-62,"Multiple small, longer-period planets",Kepler-62 f,267.291,0.042,7.46,1.41,,pscomppars,2026-08-25T01:04:02.309843+00:00,data/raw/kepler/kic_9002278/mastDownload/Kepler/kplr009002278_lc_Q011111111111111111/kplr009002278-2011271113734_llc.fits,4573,True,available,
9002278,KIC,Kepler-62,Kepler-62,"Multiple small, longer-period planets",Kepler-62 b,5.714932,0.043,2.31,1.31,,pscomppars,2026-08-25T01:04:02.309843+00:00,data/raw/kepler/kic_9002278/mastDownload/Kepler/kplr009002278_lc_Q011111111111111111/kplr009002278-2012004120508_llc.fits,4754,True,available,
9002278,KIC,Kepler-62,Kepler-62,"Multiple small, longer-period planets",Kepler-62 c,12.4417,0.007,3.02,0.54,,pscomppars,2026-08-25T01:04:02.309843+00:00,data/raw/kepler/kic_9002278/mastDownload/Kepler/kplr009002278_lc_Q011111111111111111/kplr009002278-2012004120508_llc.fits,4754,True,available,
9002278,KIC,Kepler-62,Kepler-62,"Multiple small, longer-period planets",Kepler-62 d,18.16406,0.092,2.97,1.95,,pscomppars,2026-08-25T01:04:02.309843+00:00,data/raw/kepler/kic_9002278/mastDownload/Kepler/kplr009002278_lc_Q011111111111111111/kplr009002278-2012004120508_llc.fits,4754,True,available,
9002278,KIC,Kepler-62,Kepler-62,"Multiple small, longer-period planets",Kepler-62 e,122.3874,0.07,6.92,1.61,,pscomppars,2026-08-25T01:04:02.309843+00:00,data/raw/kepler/kic_9002278/mastDownload/Kepler/kplr009002278_lc_Q011111111111111111/kplr009002278-2012004120508_llc.fits,4754,True,available,
9002278,KIC,Kepler-62,Kepler-62,"Multiple small, longer-period planets",Kepler-62 f,267.291,0.042,7.46,1.41,,pscomppars,2026-08-25T01:04:02.309843+00:00,data/raw/kepler/kic_9002278/mastDownload/Kepler/kplr009002278_lc_Q011111111111111111/kplr009002278-2012004120508_llc.fits,4754,True,available,
9002278,KIC,Kepler-62,Kepler-62,"Multiple small, longer-period planets",Kepler-62 b,5.714932,0.043,2.31,1.31,,pscomppars,2026-08-25T01:04:02.309843+00:00,data/raw/kepler/kic_9002278/mastDownload/Kepler/kplr009002278_lc_Q011111111111111111/kplr009002278-2012088054726_llc.fits,4044,True,available,
9002278,KIC,Kepler-62,Kepler-62,"Multiple small, longer-period planets",Kepler-62 c,12.4417,0.007,3.02,0.54,,pscomppars,2026-08-25T01:04:02.309843+00:00,data/raw/kepler/kic_9002278/mastDownload/Kepler/kplr009002278_lc_Q011111111111111111/kplr009002278-2012088054726_llc.fits,4044,True,available,
9002278,KIC,Kepler-62,Kepler-62,"Multiple small, longer-period planets",Kepler-62 d,18.16406,0.092,2.97,1.95,,pscomppars,2026-08-25T01:04:02.309843+00:00,data/raw/kepler/kic_9002278/mastDownload/Kepler/kplr009002278_lc_Q011111111111111111/kplr009002278-2012088054726_llc.fits,4044,True,available,
9002278,KIC,Kepler-62,Kepler-62,"Multiple small, longer-period planets",Kepler-62 e,122.3874,0.07,6.92,1.61,,pscomppars,2026-08-25T01:04:02.309843+00:00,data/raw/kepler/kic_9002278/mastDownload/Kepler/kplr009002278_lc_Q011111111111111111/kplr009002278-2012088054726_llc.fits,4044,True,available,
9002278,KIC,Kepler-62,Kepler-62,"Multiple small, longer-period planets",Kepler-62 f,267.291,0.042,7.46,1.41,,pscomppars,2026-08-25T01:04:02.309843+00:00,data/raw/kepler/kic_9002278/mastDownload/Kepler/kplr009002278_lc_Q011111111111111111/kplr009002278-2012088054726_llc.fits,4044,True,available,
9002278,KIC,Kepler-62,Kepler-62,"Multiple small, longer-period planets",Kepler-62 b,5.714932,0.043,2.31,1.31,,pscomppars,2026-08-25T01:04:02.309843+00:00,data/raw/kepler/kic_9002278/mastDownload/Kepler/kplr009002278_lc_Q011111111111111111/kplr009002278-2012179063303_llc.fits,4421,True,available,
9002278,KIC,Kepler-62,Kepler-62,"Multiple small, longer-period planets",Kepler-62 c,12.4417,0.007,3.02,0.54,,pscomppars,2026-08-25T01:04:02.309843+00:00,data/raw/kepler/kic_9002278/mastDownload/Kepler/kplr009002278_lc_Q011111111111111111/kplr009002278-2012179063303_llc.fits,4421,True,available,
9002278,KIC,Kepler-62,Kepler-62,"Multiple small, longer-period planets",Kepler-62 d,18.16406,0.092,2.97,1.95,,pscomppars,2026-08-25T01:04:02.309843+00:00,data/raw/kepler/kic_9002278/mastDownload/Kepler/kplr009002278_lc_Q011111111111111111/kplr009002278-2012179063303_llc.fits,4421,True,available,
9002278,KIC,Kepler-62,Kepler-62,"Multiple small, longer-period planets",Kepler-62 e,122.3874,0.07,6.92,1.61,,pscomppars,2026-08-25T01:04:02.309843+00:00,data/raw/kepler/kic_9002278/mastDownload/Kepler/kplr009002278_lc_Q011111111111111111/kplr009002278-2012179063303_llc.fits,4421,True,available,
9002278,KIC,Kepler-62,Kepler-62,"Multiple small, longer-period planets",Kepler-62 f,267.291,0.042,7.46,1.41,,pscomppars,2026-08-25T01:04:02.309843+00:00,data/raw/kepler/kic_9002278/mastDownload/Kepler/kplr009002278_lc_Q011111111111111111/kplr009002278-2012179063303_llc.fits,4421,True,available,
9002278,KIC,Kepler-62,Kepler-62,"Multiple small, longer-period planets",Kepler-62 b,5.714932,0.043,2.31,1.31,,pscomppars,2026-08-25T01:04:02.309843+00:00,data/raw/kepler/kic_9002278/mastDownload/Kepler/kplr009002278_lc_Q011111111111111111/kplr009002278-2012277125453_llc.fits,4757,True,available,
9002278,KIC,Kepler-62,Kepler-62,"Multiple small, longer-period planets",Kepler-62 c,12.4417,0.007,3.02,0.54,,pscomppars,2026-08-25T01:04:02.309843+00:00,data/raw/kepler/kic_9002278/mastDownload/Kepler/kplr009002278_lc_Q011111111111111111/kplr009002278-2012277125453_llc.fits,4757,True,available,
9002278,KIC,Kepler-62,Kepler-62,"Multiple small, longer-period planets",Kepler-62 d,18.16406,0.092,2.97,1.95,,pscomppars,2026-08-25T01:04:02.309843+00:00,data/raw/kepler/kic_9002278/mastDownload/Kepler/kplr009002278_lc_Q011111111111111111/kplr009002278-2012277125453_llc.fits,4757,True,available,
9002278,KIC,Kepler-62,Kepler-62,"Multiple small, longer-period planets",Kepler-62 e,122.3874,0.07,6.92,1.61,,pscomppars,2026-08-25T01:04:02.309843+00:00,data/raw/kepler/kic_9002278/mastDownload/Kepler/kplr009002278_lc_Q011111111111111111/kplr009002278-2012277125453_llc.fits,4757,True,available,
9002278,KIC,Kepler-62,Kepler-62,"Multiple small, longer-period planets",Kepler-62 f,267.291,0.042,7.46,1.41,,pscomppars,2026-08-25T01:04:02.309843+00:00,data/raw/kepler/kic_9002278/mastDownload/Kepler/kplr009002278_lc_Q011111111111111111/kplr009002278-2012277125453_llc.fits,4757,True,available,
9002278,KIC,Kepler-62,Kepler-62,"Multiple small, longer-period planets",Kepler-62 b,5.714932,0.043,2.31,1.31,,pscomppars,2026-08-25T01:04:02.309843+00:00,data/raw/kepler/kic_9002278/mastDownload/Kepler/kplr009002278_lc_Q011111111111111111/kplr009002278-2013011073258_llc.fits,4780,True,available,
9002278,KIC,Kepler-62,Kepler-62,"Multiple small, longer-period planets",Kepler-62 c,12.4417,0.007,3.02,0.54,,pscomppars,2026-08-25T01:04:02.309843+00:00,data/raw/kepler/kic_9002278/mastDownload/Kepler/kplr009002278_lc_Q011111111111111111/kplr009002278-2013011073258_llc.fits,4780,True,available,
9002278,KIC,Kepler-62,Kepler-62,"Multiple small, longer-period planets",Kepler-62 d,18.16406,0.092,2.97,1.95,,pscomppars,2026-08-25T01:04:02.309843+00:00,data/raw/kepler/kic_9002278/mastDownload/Kepler/kplr009002278_lc_Q011111111111111111/kplr009002278-2013011073258_llc.fits,4780,True,available,
9002278,KIC,Kepler-62,Kepler-62,"Multiple small, longer-period planets",Kepler-62 e,122.3874,0.07,6.92,1.61,,pscomppars,2026-08-25T01:04:02.309843+00:00,data/raw/kepler/kic_9002278/mastDownload/Kepler/kplr009002278_lc_Q011111111111111111/kplr009002278-2013011073258_llc.fits,4780,True,available,
9002278,KIC,Kepler-62,Kepler-62,"Multiple small, longer-period planets",Kepler-62 f,267.291,0.042,7.46,1.41,,pscomppars,2026-08-25T01:04:02.309843+00:00,data/raw/kepler/kic_9002278/mastDownload/Kepler/kplr009002278_lc_Q011111111111111111/kplr009002278-2013011073258_llc.fits,4780,True,available,
9002278,KIC,Kepler-62,Kepler-62,"Multiple small, longer-period planets",Kepler-62 b,5.714932,0.043,2.31,1.31,,pscomppars,2026-08-25T01:04:02.309843+00:00,data/raw/kepler/kic_9002278/mastDownload/Kepler/kplr009002278_lc_Q011111111111111111/kplr009002278-2013098041711_llc.fits,4203,True,available,
9002278,KIC,Kepler-62,Kepler-62,"Multiple small, longer-period planets",Kepler-62 c,12.4417,0.007,3.02,0.54,,pscomppars,2026-08-25T01:04:02.309843+00:00,data/raw/kepler/kic_9002278/mastDownload/Kepler/kplr009002278_lc_Q011111111111111111/kplr009002278-2013098041711_llc.fits,4203,True,available,
9002278,KIC,Kepler-62,Kepler-62,"Multiple small, longer-period planets",Kepler-62 d,18.16406,0.092,2.97,1.95,,pscomppars,2026-08-25T01:04:02.309843+00:00,data/raw/kepler/kic_9002278/mastDownload/Kepler/kplr009002278_lc_Q011111111111111111/kplr009002278-2013098041711_llc.fits,4203,True,available,
9002278,KIC,Kepler-62,Kepler-62,"Multiple small, longer-period planets",Kepler-62 e,122.3874,0.07,6.92,1.61,,pscomppars,2026-08-25T01:04:02.309843+00:00,data/raw/kepler/kic_9002278/mastDownload/Kepler/kplr009002278_lc_Q011111111111111111/kplr009002278-2013098041711_llc.fits,4203,True,available,
9002278,KIC,Kepler-62,Kepler-62,"Multiple small, longer-period planets",Kepler-62 f,267.291,0.042,7.46,1.41,,pscomppars,2026-08-25T01:04:02.309843+00:00,data/raw/kepler/kic_9002278/mastDownload/Kepler/kplr009002278_lc_Q011111111111111111/kplr009002278-2013098041711_llc.fits,4203,True,available,
9002278,KIC,Kepler-62,Kepler-62,"Multiple small, longer-period planets",Kepler-62 b,5.714932,0.043,2.31,1.31,,pscomppars,2026-08-25T01:04:02.309843+00:00,data/raw/kepler/kic_9002278/mastDownload/Kepler/kplr009002278_lc_Q011111111111111111/kplr009002278-2013131215648_llc.fits,1556,True,available,
9002278,KIC,Kepler-62,Kepler-62,"Multiple small, longer-period planets",Kepler-62 c,12.4417,0.007,3.02,0.54,,pscomppars,2026-08-25T01:04:02.309843+00:00,data/raw/kepler/kic_9002278/mastDownload/Kepler/kplr009002278_lc_Q011111111111111111/kplr009002278-2013131215648_llc.fits,1556,True,available,
9002278,KIC,Kepler-62,Kepler-62,"Multiple small, longer-period planets",Kepler-62 d,18.16406,0.092,2.97,1.95,,pscomppars,2026-08-25T01:04:02.309843+00:00,data/raw/kepler/kic_9002278/mastDownload/Kepler/kplr009002278_lc_Q011111111111111111/kplr009002278-2013131215648_llc.fits,1556,True,available,
9002278,KIC,Kepler-62,Kepler-62,"Multiple small, longer-period planets",Kepler-62 e,122.3874,0.07,6.92,1.61,,pscomppars,2026-08-25T01:04:02.309843+00:00,data/raw/kepler/kic_9002278/mastDownload/Kepler/kplr009002278_lc_Q011111111111111111/kplr009002278-2013131215648_llc.fits,1556,True,available,
9002278,KIC,Kepler-62,Kepler-62,"Multiple small, longer-period planets",Kepler-62 f,267.291,0.042,7.46,1.41,,pscomppars,2026-08-25T01:04:02.309843+00:00,data/raw/kepler/kic_9002278/mastDownload/Kepler/kplr009002278_lc_Q011111111111111111/kplr009002278-2013131215648_llc.fits,1556,True,available,
11442793,KIC,Kepler-90,KOI-351,High-multiplicity system; archive alias KOI-351,KOI-351 b,7.008151,0.01164,3.99,1.31,,pscomppars,2026-08-25T01:04:02.309843+00:00,data/raw/kepler/kic_11442793/mastDownload/Kepler/kplr011442793_lc_Q011111110111011101/kplr011442793-2009166043257_llc.fits,1639,True,available,
11442793,KIC,Kepler-90,KOI-351,High-multiplicity system; archive alias KOI-351,KOI-351 c,8.719375,0.01604,4.41,1.19,,pscomppars,2026-08-25T01:04:02.309843+00:00,data/raw/kepler/kic_11442793/mastDownload/Kepler/kplr011442793_lc_Q011111110111011101/kplr011442793-2009166043257_llc.fits,1639,True,available,
11442793,KIC,Kepler-90,KOI-351,High-multiplicity system; archive alias KOI-351,Kepler-90 i,14.44912,,2.8,1.32,transit_depth_percent,pscomppars,2026-08-25T01:04:02.309843+00:00,data/raw/kepler/kic_11442793/mastDownload/Kepler/kplr011442793_lc_Q011111110111011101/kplr011442793-2009166043257_llc.fits,1639,True,available,
11442793,KIC,Kepler-90,KOI-351,High-multiplicity system; archive alias KOI-351,KOI-351 d,59.73667,0.05664,8.4,2.87,,pscomppars,2026-08-25T01:04:02.309843+00:00,data/raw/kepler/kic_11442793/mastDownload/Kepler/kplr011442793_lc_Q011111110111011101/kplr011442793-2009166043257_llc.fits,1639,True,available,
11442793,KIC,Kepler-90,KOI-351,High-multiplicity system; archive alias KOI-351,KOI-351 e,91.93913,0.04829,9.71,2.66,,pscomppars,2026-08-25T01:04:02.309843+00:00,data/raw/kepler/kic_11442793/mastDownload/Kepler/kplr011442793_lc_Q011111110111011101/kplr011442793-2009166043257_llc.fits,1639,True,available,
11442793,KIC,Kepler-90,KOI-351,High-multiplicity system; archive alias KOI-351,KOI-351 f,124.9144,0.04987,10.94,2.88,,pscomppars,2026-08-25T01:04:02.309843+00:00,data/raw/kepler/kic_11442793/mastDownload/Kepler/kplr011442793_lc_Q011111110111011101/kplr011442793-2009166043257_llc.fits,1639,True,available,
11442793,KIC,Kepler-90,KOI-351,High-multiplicity system; archive alias KOI-351,KOI-351 g,210.73514,0.38,12.32,7.718,,pscomppars,2026-08-25T01:04:02.309843+00:00,data/raw/kepler/kic_11442793/mastDownload/Kepler/kplr011442793_lc_Q011111110111011101/kplr011442793-2009166043257_llc.fits,1639,True,available,
11442793,KIC,Kepler-90,KOI-351,High-multiplicity system; archive alias KOI-351,KOI-351 h,331.60296,0.83221,14.404,11.252,,pscomppars,2026-08-25T01:04:02.309843+00:00,data/raw/kepler/kic_11442793/mastDownload/Kepler/kplr011442793_lc_Q011111110111011101/kplr011442793-2009166043257_llc.fits,1639,True,available,
11442793,KIC,Kepler-90,KOI-351,High-multiplicity system; archive alias KOI-351,KOI-351 b,7.008151,0.01164,3.99,1.31,,pscomppars,2026-08-25T01:04:02.309843+00:00,data/raw/kepler/kic_11442793/mastDownload/Kepler/kplr011442793_lc_Q011111110111011101/kplr011442793-2009259160929_llc.fits,4354,True,available,
11442793,KIC,Kepler-90,KOI-351,High-multiplicity system; archive alias KOI-351,KOI-351 c,8.719375,0.01604,4.41,1.19,,pscomppars,2026-08-25T01:04:02.309843+00:00,data/raw/kepler/kic_11442793/mastDownload/Kepler/kplr011442793_lc_Q011111110111011101/kplr011442793-2009259160929_llc.fits,4354,True,available,
11442793,KIC,Kepler-90,KOI-351,High-multiplicity system; archive alias KOI-351,Kepler-90 i,14.44912,,2.8,1.32,transit_depth_percent,pscomppars,2026-08-25T01:04:02.309843+00:00,data/raw/kepler/kic_11442793/mastDownload/Kepler/kplr011442793_lc_Q011111110111011101/kplr011442793-2009259160929_llc.fits,4354,True,available,
11442793,KIC,Kepler-90,KOI-351,High-multiplicity system; archive alias KOI-351,KOI-351 d,59.73667,0.05664,8.4,2.87,,pscomppars,2026-08-25T01:04:02.309843+00:00,data/raw/kepler/kic_11442793/mastDownload/Kepler/kplr011442793_lc_Q011111110111011101/kplr011442793-2009259160929_llc.fits,4354,True,available,
11442793,KIC,Kepler-90,KOI-351,High-multiplicity system; archive alias KOI-351,KOI-351 e,91.93913,0.04829,9.71,2.66,,pscomppars,2026-08-25T01:04:02.309843+00:00,data/raw/kepler/kic_11442793/mastDownload/Kepler/kplr011442793_lc_Q011111110111011101/kplr011442793-2009259160929_llc.fits,4354,True,available,
11442793,KIC,Kepler-90,KOI-351,High-multiplicity system; archive alias KOI-351,KOI-351 f,124.9144,0.04987,10.94,2.88,,pscomppars,2026-08-25T01:04:02.309843+00:00,data/raw/kepler/kic_11442793/mastDownload/Kepler/kplr011442793_lc_Q011111110111011101/kplr011442793-2009259160929_llc.fits,4354,True,available,
11442793,KIC,Kepler-90,KOI-351,High-multiplicity system; archive alias KOI-351,KOI-351 g,210.73514,0.38,12.32,7.718,,pscomppars,2026-08-25T01:04:02.309843+00:00,data/raw/kepler/kic_11442793/mastDownload/Kepler/kplr011442793_lc_Q011111110111011101/kplr011442793-2009259160929_llc.fits,4354,True,available,
11442793,KIC,Kepler-90,KOI-351,High-multiplicity system; archive alias KOI-351,KOI-351 h,331.60296,0.83221,14.404,11.252,,pscomppars,2026-08-25T01:04:02.309843+00:00,data/raw/kepler/kic_11442793/mastDownload/Kepler/kplr011442793_lc_Q011111110111011101/kplr011442793-2009259160929_llc.fits,4354,True,available,
11442793,KIC,Kepler-90,KOI-351,High-multiplicity system; archive alias KOI-351,KOI-351 b,7.008151,0.01164,3.99,1.31,,pscomppars,2026-08-25T01:04:02.309843+00:00,data/raw/kepler/kic_11442793/mastDownload/Kepler/kplr011442793_lc_Q011111110111011101/kplr011442793-2009350155506_llc.fits,4370,True,available,
11442793,KIC,Kepler-90,KOI-351,High-multiplicity system; archive alias KOI-351,KOI-351 c,8.719375,0.01604,4.41,1.19,,pscomppars,2026-08-25T01:04:02.309843+00:00,data/raw/kepler/kic_11442793/mastDownload/Kepler/kplr011442793_lc_Q011111110111011101/kplr011442793-2009350155506_llc.fits,4370,True,available,
11442793,KIC,Kepler-90,KOI-351,High-multiplicity system; archive alias KOI-351,Kepler-90 i,14.44912,,2.8,1.32,transit_depth_percent,pscomppars,2026-08-25T01:04:02.309843+00:00,data/raw/kepler/kic_11442793/mastDownload/Kepler/kplr011442793_lc_Q011111110111011101/kplr011442793-2009350155506_llc.fits,4370,True,available,
11442793,KIC,Kepler-90,KOI-351,High-multiplicity system; archive alias KOI-351,KOI-351 d,59.73667,0.05664,8.4,2.87,,pscomppars,2026-08-25T01:04:02.309843+00:00,data/raw/kepler/kic_11442793/mastDownload/Kepler/kplr011442793_lc_Q011111110111011101/kplr011442793-2009350155506_llc.fits,4370,True,available,
11442793,KIC,Kepler-90,KOI-351,High-multiplicity system; archive alias KOI-351,KOI-351 e,91.93913,0.04829,9.71,2.66,,pscomppars,2026-08-25T01:04:02.309843+00:00,data/raw/kepler/kic_11442793/mastDownload/Kepler/kplr011442793_lc_Q011111110111011101/kplr011442793-2009350155506_llc.fits,4370,True,available,
11442793,KIC,Kepler-90,KOI-351,High-multiplicity system; archive alias KOI-351,KOI-351 f,124.9144,0.04987,10.94,2.88,,pscomppars,2026-08-25T01:04:02.309843+00:00,data/raw/kepler/kic_11442793/mastDownload/Kepler/kplr011442793_lc_Q011111110111011101/kplr011442793-2009350155506_llc.fits,4370,True,available,
11442793,KIC,Kepler-90,KOI-351,High-multiplicity system; archive alias KOI-351,KOI-351 g,210.73514,0.38,12.32,7.718,,pscomppars,2026-08-25T01:04:02.309843+00:00,data/raw/kepler/kic_11442793/mastDownload/Kepler/kplr011442793_lc_Q011111110111011101/kplr011442793-2009350155506_llc.fits,4370,True,available,
11442793,KIC,Kepler-90,KOI-351,High-multiplicity system; archive alias KOI-351,KOI-351 h,331.60296,0.83221,14.404,11.252,,pscomppars,2026-08-25T01:04:02.309843+00:00,data/raw/kepler/kic_11442793/mastDownload/Kepler/kplr011442793_lc_Q011111110111011101/kplr011442793-2009350155506_llc.fits,4370,True,available,
11442793,KIC,Kepler-90,KOI-351,High-multiplicity system; archive alias KOI-351,KOI-351 b,7.008151,0.01164,3.99,1.31,,pscomppars,2026-08-25T01:04:02.309843+00:00,data/raw/kepler/kic_11442793/mastDownload/Kepler/kplr011442793_lc_Q011111110111011101/kplr011442793-2010009091648_llc.fits,1021,True,available,
11442793,KIC,Kepler-90,KOI-351,High-multiplicity system; archive alias KOI-351,KOI-351 c,8.719375,0.01604,4.41,1.19,,pscomppars,2026-08-25T01:04:02.309843+00:00,data/raw/kepler/kic_11442793/mastDownload/Kepler/kplr011442793_lc_Q011111110111011101/kplr011442793-2010009091648_llc.fits,1021,True,available,
11442793,KIC,Kepler-90,KOI-351,High-multiplicity system; archive alias KOI-351,Kepler-90 i,14.44912,,2.8,1.32,transit_depth_percent,pscomppars,2026-08-25T01:04:02.309843+00:00,data/raw/kepler/kic_11442793/mastDownload/Kepler/kplr011442793_lc_Q011111110111011101/kplr011442793-2010009091648_llc.fits,1021,True,available,
11442793,KIC,Kepler-90,KOI-351,High-multiplicity system; archive alias KOI-351,KOI-351 d,59.73667,0.05664,8.4,2.87,,pscomppars,2026-08-25T01:04:02.309843+00:00,data/raw/kepler/kic_11442793/mastDownload/Kepler/kplr011442793_lc_Q011111110111011101/kplr011442793-2010009091648_llc.fits,1021,True,available,
11442793,KIC,Kepler-90,KOI-351,High-multiplicity system; archive alias KOI-351,KOI-351 e,91.93913,0.04829,9.71,2.66,,pscomppars,2026-08-25T01:04:02.309843+00:00,data/raw/kepler/kic_11442793/mastDownload/Kepler/kplr011442793_lc_Q011111110111011101/kplr011442793-2010009091648_llc.fits,1021,True,available,
11442793,KIC,Kepler-90,KOI-351,High-multiplicity system; archive alias KOI-351,KOI-351 f,124.9144,0.04987,10.94,2.88,,pscomppars,2026-08-25T01:04:02.309843+00:00,data/raw/kepler/kic_11442793/mastDownload/Kepler/kplr011442793_lc_Q011111110111011101/kplr011442793-2010009091648_llc.fits,1021,True,available,
11442793,KIC,Kepler-90,KOI-351,High-multiplicity system; archive alias KOI-351,KOI-351 g,210.73514,0.38,12.32,7.718,,pscomppars,2026-08-25T01:04:02.309843+00:00,data/raw/kepler/kic_11442793/mastDownload/Kepler/kplr011442793_lc_Q011111110111011101/kplr011442793-2010009091648_llc.fits,1021,True,available,
11442793,KIC,Kepler-90,KOI-351,High-multiplicity system; archive alias KOI-351,KOI-351 h,331.60296,0.83221,14.404,11.252,,pscomppars,2026-08-25T01:04:02.309843+00:00,data/raw/kepler/kic_11442793/mastDownload/Kepler/kplr011442793_lc_Q011111110111011101/kplr011442793-2010009091648_llc.fits,1021,True,available,
11442793,KIC,Kepler-90,KOI-351,High-multiplicity system; archive alias KOI-351,KOI-351 b,7.008151,0.01164,3.99,1.31,,pscomppars,2026-08-25T01:04:02.309843+00:00,data/raw/kepler/kic_11442793/mastDownload/Kepler/kplr011442793_lc_Q011111110111011101/kplr011442793-2010174085026_llc.fits,4634,True,available,
11442793,KIC,Kepler-90,KOI-351,High-multiplicity system; archive alias KOI-351,KOI-351 c,8.719375,0.01604,4.41,1.19,,pscomppars,2026-08-25T01:04:02.309843+00:00,data/raw/kepler/kic_11442793/mastDownload/Kepler/kplr011442793_lc_Q011111110111011101/kplr011442793-2010174085026_llc.fits,4634,True,available,
11442793,KIC,Kepler-90,KOI-351,High-multiplicity system; archive alias KOI-351,Kepler-90 i,14.44912,,2.8,1.32,transit_depth_percent,pscomppars,2026-08-25T01:04:02.309843+00:00,data/raw/kepler/kic_11442793/mastDownload/Kepler/kplr011442793_lc_Q011111110111011101/kplr011442793-2010174085026_llc.fits,4634,True,available,
11442793,KIC,Kepler-90,KOI-351,High-multiplicity system; archive alias KOI-351,KOI-351 d,59.73667,0.05664,8.4,2.87,,pscomppars,2026-08-25T01:04:02.309843+00:00,data/raw/kepler/kic_11442793/mastDownload/Kepler/kplr011442793_lc_Q011111110111011101/kplr011442793-2010174085026_llc.fits,4634,True,available,
11442793,KIC,Kepler-90,KOI-351,High-multiplicity system; archive alias KOI-351,KOI-351 e,91.93913,0.04829,9.71,2.66,,pscomppars,2026-08-25T01:04:02.309843+00:00,data/raw/kepler/kic_11442793/mastDownload/Kepler/kplr011442793_lc_Q011111110111011101/kplr011442793-2010174085026_llc.fits,4634,True,available,
11442793,KIC,Kepler-90,KOI-351,High-multiplicity system; archive alias KOI-351,KOI-351 f,124.9144,0.04987,10.94,2.88,,pscomppars,2026-08-25T01:04:02.309843+00:00,data/raw/kepler/kic_11442793/mastDownload/Kepler/kplr011442793_lc_Q011111110111011101/kplr011442793-2010174085026_llc.fits,4634,True,available,
11442793,KIC,Kepler-90,KOI-351,High-multiplicity system; archive alias KOI-351,KOI-351 g,210.73514,0.38,12.32,7.718,,pscomppars,2026-08-25T01:04:02.309843+00:00,data/raw/kepler/kic_11442793/mastDownload/Kepler/kplr011442793_lc_Q011111110111011101/kplr011442793-2010174085026_llc.fits,4634,True,available,
11442793,KIC,Kepler-90,KOI-351,High-multiplicity system; archive alias KOI-351,KOI-351 h,331.60296,0.83221,14.404,11.252,,pscomppars,2026-08-25T01:04:02.309843+00:00,data/raw/kepler/kic_11442793/mastDownload/Kepler/kplr011442793_lc_Q011111110111011101/kplr011442793-2010174085026_llc.fits,4634,True,available,
11442793,KIC,Kepler-90,KOI-351,High-multiplicity system; archive alias KOI-351,KOI-351 b,7.008151,0.01164,3.99,1.31,,pscomppars,2026-08-25T01:04:02.309843+00:00,data/raw/kepler/kic_11442793/mastDownload/Kepler/kplr011442793_lc_Q011111110111011101/kplr011442793-2010265121752_llc.fits,4398,True,available,
11442793,KIC,Kepler-90,KOI-351,High-multiplicity system; archive alias KOI-351,KOI-351 c,8.719375,0.01604,4.41,1.19,,pscomppars,2026-08-25T01:04:02.309843+00:00,data/raw/kepler/kic_11442793/mastDownload/Kepler/kplr011442793_lc_Q011111110111011101/kplr011442793-2010265121752_llc.fits,4398,True,available,
11442793,KIC,Kepler-90,KOI-351,High-multiplicity system; archive alias KOI-351,Kepler-90 i,14.44912,,2.8,1.32,transit_depth_percent,pscomppars,2026-08-25T01:04:02.309843+00:00,data/raw/kepler/kic_11442793/mastDownload/Kepler/kplr011442793_lc_Q011111110111011101/kplr011442793-2010265121752_llc.fits,4398,True,available,
11442793,KIC,Kepler-90,KOI-351,High-multiplicity system; archive alias KOI-351,KOI-351 d,59.73667,0.05664,8.4,2.87,,pscomppars,2026-08-25T01:04:02.309843+00:00,data/raw/kepler/kic_11442793/mastDownload/Kepler/kplr011442793_lc_Q011111110111011101/kplr011442793-2010265121752_llc.fits,4398,True,available,
11442793,KIC,Kepler-90,KOI-351,High-multiplicity system; archive alias KOI-351,KOI-351 e,91.93913,0.04829,9.71,2.66,,pscomppars,2026-08-25T01:04:02.309843+00:00,data/raw/kepler/kic_11442793/mastDownload/Kepler/kplr011442793_lc_Q011111110111011101/kplr011442793-2010265121752_llc.fits,4398,True,available,
11442793,KIC,Kepler-90,KOI-351,High-multiplicity system; archive alias KOI-351,KOI-351 f,124.9144,0.04987,10.94,2.88,,pscomppars,2026-08-25T01:04:02.309843+00:00,data/raw/kepler/kic_11442793/mastDownload/Kepler/kplr011442793_lc_Q011111110111011101/kplr011442793-2010265121752_llc.fits,4398,True,available,
11442793,KIC,Kepler-90,KOI-351,High-multiplicity system; archive alias KOI-351,KOI-351 g,210.73514,0.38,12.32,7.718,,pscomppars,2026-08-25T01:04:02.309843+00:00,data/raw/kepler/kic_11442793/mastDownload/Kepler/kplr011442793_lc_Q011111110111011101/kplr011442793-2010265121752_llc.fits,4398,True,available,
11442793,KIC,Kepler-90,KOI-351,High-multiplicity system; archive alias KOI-351,KOI-351 h,331.60296,0.83221,14.404,11.252,,pscomppars,2026-08-25T01:04:02.309843+00:00,data/raw/kepler/kic_11442793/mastDownload/Kepler/kplr011442793_lc_Q011111110111011101/kplr011442793-2010265121752_llc.fits,4398,True,available,
11442793,KIC,Kepler-90,KOI-351,High-multiplicity system; archive alias KOI-351,KOI-351 b,7.008151,0.01164,3.99,1.31,,pscomppars,2026-08-25T01:04:02.309843+00:00,data/raw/kepler/kic_11442793/mastDownload/Kepler/kplr011442793_lc_Q011111110111011101/kplr011442793-2010355172524_llc.fits,4375,True,available,
11442793,KIC,Kepler-90,KOI-351,High-multiplicity system; archive alias KOI-351,KOI-351 c,8.719375,0.01604,4.41,1.19,,pscomppars,2026-08-25T01:04:02.309843+00:00,data/raw/kepler/kic_11442793/mastDownload/Kepler/kplr011442793_lc_Q011111110111011101/kplr011442793-2010355172524_llc.fits,4375,True,available,
11442793,KIC,Kepler-90,KOI-351,High-multiplicity system; archive alias KOI-351,Kepler-90 i,14.44912,,2.8,1.32,transit_depth_percent,pscomppars,2026-08-25T01:04:02.309843+00:00,data/raw/kepler/kic_11442793/mastDownload/Kepler/kplr011442793_lc_Q011111110111011101/kplr011442793-2010355172524_llc.fits,4375,True,available,
11442793,KIC,Kepler-90,KOI-351,High-multiplicity system; archive alias KOI-351,KOI-351 d,59.73667,0.05664,8.4,2.87,,pscomppars,2026-08-25T01:04:02.309843+00:00,data/raw/kepler/kic_11442793/mastDownload/Kepler/kplr011442793_lc_Q011111110111011101/kplr011442793-2010355172524_llc.fits,4375,True,available,
11442793,KIC,Kepler-90,KOI-351,High-multiplicity system; archive alias KOI-351,KOI-351 e,91.93913,0.04829,9.71,2.66,,pscomppars,2026-08-25T01:04:02.309843+00:00,data/raw/kepler/kic_11442793/mastDownload/Kepler/kplr011442793_lc_Q011111110111011101/kplr011442793-2010355172524_llc.fits,4375,True,available,
11442793,KIC,Kepler-90,KOI-351,High-multiplicity system; archive alias KOI-351,KOI-351 f,124.9144,0.04987,10.94,2.88,,pscomppars,2026-08-25T01:04:02.309843+00:00,data/raw/kepler/kic_11442793/mastDownload/Kepler/kplr011442793_lc_Q011111110111011101/kplr011442793-2010355172524_llc.fits,4375,True,available,
11442793,KIC,Kepler-90,KOI-351,High-multiplicity system; archive alias KOI-351,KOI-351 g,210.73514,0.38,12.32,7.718,,pscomppars,2026-08-25T01:04:02.309843+00:00,data/raw/kepler/kic_11442793/mastDownload/Kepler/kplr011442793_lc_Q011111110111011101/kplr011442793-2010355172524_llc.fits,4375,True,available,
11442793,KIC,Kepler-90,KOI-351,High-multiplicity system; archive alias KOI-351,KOI-351 h,331.60296,0.83221,14.404,11.252,,pscomppars,2026-08-25T01:04:02.309843+00:00,data/raw/kepler/kic_11442793/mastDownload/Kepler/kplr011442793_lc_Q011111110111011101/kplr011442793-2010355172524_llc.fits,4375,True,available,
11442793,KIC,Kepler-90,KOI-351,High-multiplicity system; archive alias KOI-351,KOI-351 b,7.008151,0.01164,3.99,1.31,,pscomppars,2026-08-25T01:04:02.309843+00:00,data/raw/kepler/kic_11442793/mastDownload/Kepler/kplr011442793_lc_Q011111110111011101/kplr011442793-2011177032512_llc.fits,4768,True,available,
11442793,KIC,Kepler-90,KOI-351,High-multiplicity system; archive alias KOI-351,KOI-351 c,8.719375,0.01604,4.41,1.19,,pscomppars,2026-08-25T01:04:02.309843+00:00,data/raw/kepler/kic_11442793/mastDownload/Kepler/kplr011442793_lc_Q011111110111011101/kplr011442793-2011177032512_llc.fits,4768,True,available,
11442793,KIC,Kepler-90,KOI-351,High-multiplicity system; archive alias KOI-351,Kepler-90 i,14.44912,,2.8,1.32,transit_depth_percent,pscomppars,2026-08-25T01:04:02.309843+00:00,data/raw/kepler/kic_11442793/mastDownload/Kepler/kplr011442793_lc_Q011111110111011101/kplr011442793-2011177032512_llc.fits,4768,True,available,
11442793,KIC,Kepler-90,KOI-351,High-multiplicity system; archive alias KOI-351,KOI-351 d,59.73667,0.05664,8.4,2.87,,pscomppars,2026-08-25T01:04:02.309843+00:00,data/raw/kepler/kic_11442793/mastDownload/Kepler/kplr011442793_lc_Q011111110111011101/kplr011442793-2011177032512_llc.fits,4768,True,available,
11442793,KIC,Kepler-90,KOI-351,High-multiplicity system; archive alias KOI-351,KOI-351 e,91.93913,0.04829,9.71,2.66,,pscomppars,2026-08-25T01:04:02.309843+00:00,data/raw/kepler/kic_11442793/mastDownload/Kepler/kplr011442793_lc_Q011111110111011101/kplr011442793-2011177032512_llc.fits,4768,True,available,
11442793,KIC,Kepler-90,KOI-351,High-multiplicity system; archive alias KOI-351,KOI-351 f,124.9144,0.04987,10.94,2.88,,pscomppars,2026-08-25T01:04:02.309843+00:00,data/raw/kepler/kic_11442793/mastDownload/Kepler/kplr011442793_lc_Q011111110111011101/kplr011442793-2011177032512_llc.fits,4768,True,available,
11442793,KIC,Kepler-90,KOI-351,High-multiplicity system; archive alias KOI-351,KOI-351 g,210.73514,0.38,12.32,7.718,,pscomppars,2026-08-25T01:04:02.309843+00:00,data/raw/kepler/kic_11442793/mastDownload/Kepler/kplr011442793_lc_Q011111110111011101/kplr011442793-2011177032512_llc.fits,4768,True,available,
11442793,KIC,Kepler-90,KOI-351,High-multiplicity system; archive alias KOI-351,KOI-351 h,331.60296,0.83221,14.404,11.252,,pscomppars,2026-08-25T01:04:02.309843+00:00,data/raw/kepler/kic_11442793/mastDownload/Kepler/kplr011442793_lc_Q011111110111011101/kplr011442793-2011177032512_llc.fits,4768,True,available,
11442793,KIC,Kepler-90,KOI-351,High-multiplicity system; archive alias KOI-351,KOI-351 b,7.008151,0.01164,3.99,1.31,,pscomppars,2026-08-25T01:04:02.309843+00:00,data/raw/kepler/kic_11442793/mastDownload/Kepler/kplr011442793_lc_Q011111110111011101/kplr011442793-2011271113734_llc.fits,4573,True,available,
11442793,KIC,Kepler-90,KOI-351,High-multiplicity system; archive alias KOI-351,KOI-351 c,8.719375,0.01604,4.41,1.19,,pscomppars,2026-08-25T01:04:02.309843+00:00,data/raw/kepler/kic_11442793/mastDownload/Kepler/kplr011442793_lc_Q011111110111011101/kplr011442793-2011271113734_llc.fits,4573,True,available,
11442793,KIC,Kepler-90,KOI-351,High-multiplicity system; archive alias KOI-351,Kepler-90 i,14.44912,,2.8,1.32,transit_depth_percent,pscomppars,2026-08-25T01:04:02.309843+00:00,data/raw/kepler/kic_11442793/mastDownload/Kepler/kplr011442793_lc_Q011111110111011101/kplr011442793-2011271113734_llc.fits,4573,True,available,
11442793,KIC,Kepler-90,KOI-351,High-multiplicity system; archive alias KOI-351,KOI-351 d,59.73667,0.05664,8.4,2.87,,pscomppars,2026-08-25T01:04:02.309843+00:00,data/raw/kepler/kic_11442793/mastDownload/Kepler/kplr011442793_lc_Q011111110111011101/kplr011442793-2011271113734_llc.fits,4573,True,available,
11442793,KIC,Kepler-90,KOI-351,High-multiplicity system; archive alias KOI-351,KOI-351 e,91.93913,0.04829,9.71,2.66,,pscomppars,2026-08-25T01:04:02.309843+00:00,data/raw/kepler/kic_11442793/mastDownload/Kepler/kplr011442793_lc_Q011111110111011101/kplr011442793-2011271113734_llc.fits,4573,True,available,
11442793,KIC,Kepler-90,KOI-351,High-multiplicity system; archive alias KOI-351,KOI-351 f,124.9144,0.04987,10.94,2.88,,pscomppars,2026-08-25T01:04:02.309843+00:00,data/raw/kepler/kic_11442793/mastDownload/Kepler/kplr011442793_lc_Q011111110111011101/kplr011442793-2011271113734_llc.fits,4573,True,available,
11442793,KIC,Kepler-90,KOI-351,High-multiplicity system; archive alias KOI-351,KOI-351 g,210.73514,0.38,12.32,7.718,,pscomppars,2026-08-25T01:04:02.309843+00:00,data/raw/kepler/kic_11442793/mastDownload/Kepler/kplr011442793_lc_Q011111110111011101/kplr011442793-2011271113734_llc.fits,4573,True,available,
11442793,KIC,Kepler-90,KOI-351,High-multiplicity system; archive alias KOI-351,KOI-351 h,331.60296,0.83221,14.404,11.252,,pscomppars,2026-08-25T01:04:02.309843+00:00,data/raw/kepler/kic_11442793/mastDownload/Kepler/kplr011442793_lc_Q011111110111011101/kplr011442793-2011271113734_llc.fits,4573,True,available,
11442793,KIC,Kepler-90,KOI-351,High-multiplicity system; archive alias KOI-351,KOI-351 b,7.008151,0.01164,3.99,1.31,,pscomppars,2026-08-25T01:04:02.309843+00:00,data/raw/kepler/kic_11442793/mastDownload/Kepler/kplr011442793_lc_Q011111110111011101/kplr011442793-2012004120508_llc.fits,4754,True,available,
11442793,KIC,Kepler-90,KOI-351,High-multiplicity system; archive alias KOI-351,KOI-351 c,8.719375,0.01604,4.41,1.19,,pscomppars,2026-08-25T01:04:02.309843+00:00,data/raw/kepler/kic_11442793/mastDownload/Kepler/kplr011442793_lc_Q011111110111011101/kplr011442793-2012004120508_llc.fits,4754,True,available,
11442793,KIC,Kepler-90,KOI-351,High-multiplicity system; archive alias KOI-351,Kepler-90 i,14.44912,,2.8,1.32,transit_depth_percent,pscomppars,2026-08-25T01:04:02.309843+00:00,data/raw/kepler/kic_11442793/mastDownload/Kepler/kplr011442793_lc_Q011111110111011101/kplr011442793-2012004120508_llc.fits,4754,True,available,
11442793,KIC,Kepler-90,KOI-351,High-multiplicity system; archive alias KOI-351,KOI-351 d,59.73667,0.05664,8.4,2.87,,pscomppars,2026-08-25T01:04:02.309843+00:00,data/raw/kepler/kic_11442793/mastDownload/Kepler/kplr011442793_lc_Q011111110111011101/kplr011442793-2012004120508_llc.fits,4754,True,available,
11442793,KIC,Kepler-90,KOI-351,High-multiplicity system; archive alias KOI-351,KOI-351 e,91.93913,0.04829,9.71,2.66,,pscomppars,2026-08-25T01:04:02.309843+00:00,data/raw/kepler/kic_11442793/mastDownload/Kepler/kplr011442793_lc_Q011111110111011101/kplr011442793-2012004120508_llc.fits,4754,True,available,
11442793,KIC,Kepler-90,KOI-351,High-multiplicity system; archive alias KOI-351,KOI-351 f,124.9144,0.04987,10.94,2.88,,pscomppars,2026-08-25T01:04:02.309843+00:00,data/raw/kepler/kic_11442793/mastDownload/Kepler/kplr011442793_lc_Q011111110111011101/kplr011442793-2012004120508_llc.fits,4754,True,available,
11442793,KIC,Kepler-90,KOI-351,High-multiplicity system; archive alias KOI-351,KOI-351 g,210.73514,0.38,12.32,7.718,,pscomppars,2026-08-25T01:04:02.309843+00:00,data/raw/kepler/kic_11442793/mastDownload/Kepler/kplr011442793_lc_Q011111110111011101/kplr011442793-2012004120508_llc.fits,4754,True,available,
11442793,KIC,Kepler-90,KOI-351,High-multiplicity system; archive alias KOI-351,KOI-351 h,331.60296,0.83221,14.404,11.252,,pscomppars,2026-08-25T01:04:02.309843+00:00,data/raw/kepler/kic_11442793/mastDownload/Kepler/kplr011442793_lc_Q011111110111011101/kplr011442793-2012004120508_llc.fits,4754,True,available,
11442793,KIC,Kepler-90,KOI-351,High-multiplicity system; archive alias KOI-351,KOI-351 b,7.008151,0.01164,3.99,1.31,,pscomppars,2026-08-25T01:04:02.309843+00:00,data/raw/kepler/kic_11442793/mastDownload/Kepler/kplr011442793_lc_Q011111110111011101/kplr011442793-2012179063303_llc.fits,4421,True,available,
11442793,KIC,Kepler-90,KOI-351,High-multiplicity system; archive alias KOI-351,KOI-351 c,8.719375,0.01604,4.41,1.19,,pscomppars,2026-08-25T01:04:02.309843+00:00,data/raw/kepler/kic_11442793/mastDownload/Kepler/kplr011442793_lc_Q011111110111011101/kplr011442793-2012179063303_llc.fits,4421,True,available,
11442793,KIC,Kepler-90,KOI-351,High-multiplicity system; archive alias KOI-351,Kepler-90 i,14.44912,,2.8,1.32,transit_depth_percent,pscomppars,2026-08-25T01:04:02.309843+00:00,data/raw/kepler/kic_11442793/mastDownload/Kepler/kplr011442793_lc_Q011111110111011101/kplr011442793-2012179063303_llc.fits,4421,True,available,
11442793,KIC,Kepler-90,KOI-351,High-multiplicity system; archive alias KOI-351,KOI-351 d,59.73667,0.05664,8.4,2.87,,pscomppars,2026-08-25T01:04:02.309843+00:00,data/raw/kepler/kic_11442793/mastDownload/Kepler/kplr011442793_lc_Q011111110111011101/kplr011442793-2012179063303_llc.fits,4421,True,available,
11442793,KIC,Kepler-90,KOI-351,High-multiplicity system; archive alias KOI-351,KOI-351 e,91.93913,0.04829,9.71,2.66,,pscomppars,2026-08-25T01:04:02.309843+00:00,data/raw/kepler/kic_11442793/mastDownload/Kepler/kplr011442793_lc_Q011111110111011101/kplr011442793-2012179063303_llc.fits,4421,True,available,
11442793,KIC,Kepler-90,KOI-351,High-multiplicity system; archive alias KOI-351,KOI-351 f,124.9144,0.04987,10.94,2.88,,pscomppars,2026-08-25T01:04:02.309843+00:00,data/raw/kepler/kic_11442793/mastDownload/Kepler/kplr011442793_lc_Q011111110111011101/kplr011442793-2012179063303_llc.fits,4421,True,available,
11442793,KIC,Kepler-90,KOI-351,High-multiplicity system; archive alias KOI-351,KOI-351 g,210.73514,0.38,12.32,7.718,,pscomppars,2026-08-25T01:04:02.309843+00:00,data/raw/kepler/kic_11442793/mastDownload/Kepler/kplr011442793_lc_Q011111110111011101/kplr011442793-2012179063303_llc.fits,4421,True,available,
11442793,KIC,Kepler-90,KOI-351,High-multiplicity system; archive alias KOI-351,KOI-351 h,331.60296,0.83221,14.404,11.252,,pscomppars,2026-08-25T01:04:02.309843+00:00,data/raw/kepler/kic_11442793/mastDownload/Kepler/kplr011442793_lc_Q011111110111011101/kplr011442793-2012179063303_llc.fits,4421,True,available,
11442793,KIC,Kepler-90,KOI-351,High-multiplicity system; archive alias KOI-351,KOI-351 b,7.008151,0.01164,3.99,1.31,,pscomppars,2026-08-25T01:04:02.309843+00:00,data/raw/kepler/kic_11442793/mastDownload/Kepler/kplr011442793_lc_Q011111110111011101/kplr011442793-2012277125453_llc.fits,4757,True,available,
11442793,KIC,Kepler-90,KOI-351,High-multiplicity system; archive alias KOI-351,KOI-351 c,8.719375,0.01604,4.41,1.19,,pscomppars,2026-08-25T01:04:02.309843+00:00,data/raw/kepler/kic_11442793/mastDownload/Kepler/kplr011442793_lc_Q011111110111011101/kplr011442793-2012277125453_llc.fits,4757,True,available,
11442793,KIC,Kepler-90,KOI-351,High-multiplicity system; archive alias KOI-351,Kepler-90 i,14.44912,,2.8,1.32,transit_depth_percent,pscomppars,2026-08-25T01:04:02.309843+00:00,data/raw/kepler/kic_11442793/mastDownload/Kepler/kplr011442793_lc_Q011111110111011101/kplr011442793-2012277125453_llc.fits,4757,True,available,
11442793,KIC,Kepler-90,KOI-351,High-multiplicity system; archive alias KOI-351,KOI-351 d,59.73667,0.05664,8.4,2.87,,pscomppars,2026-08-25T01:04:02.309843+00:00,data/raw/kepler/kic_11442793/mastDownload/Kepler/kplr011442793_lc_Q011111110111011101/kplr011442793-2012277125453_llc.fits,4757,True,available,
11442793,KIC,Kepler-90,KOI-351,High-multiplicity system; archive alias KOI-351,KOI-351 e,91.93913,0.04829,9.71,2.66,,pscomppars,2026-08-25T01:04:02.309843+00:00,data/raw/kepler/kic_11442793/mastDownload/Kepler/kplr011442793_lc_Q011111110111011101/kplr011442793-2012277125453_llc.fits,4757,True,available,
11442793,KIC,Kepler-90,KOI-351,High-multiplicity system; archive alias KOI-351,KOI-351 f,124.9144,0.04987,10.94,2.88,,pscomppars,2026-08-25T01:04:02.309843+00:00,data/raw/kepler/kic_11442793/mastDownload/Kepler/kplr011442793_lc_Q011111110111011101/kplr011442793-2012277125453_llc.fits,4757,True,available,
11442793,KIC,Kepler-90,KOI-351,High-multiplicity system; archive alias KOI-351,KOI-351 g,210.73514,0.38,12.32,7.718,,pscomppars,2026-08-25T01:04:02.309843+00:00,data/raw/kepler/kic_11442793/mastDownload/Kepler/kplr011442793_lc_Q011111110111011101/kplr011442793-2012277125453_llc.fits,4757,True,available,
11442793,KIC,Kepler-90,KOI-351,High-multiplicity system; archive alias KOI-351,KOI-351 h,331.60296,0.83221,14.404,11.252,,pscomppars,2026-08-25T01:04:02.309843+00:00,data/raw/kepler/kic_11442793/mastDownload/Kepler/kplr011442793_lc_Q011111110111011101/kplr011442793-2012277125453_llc.fits,4757,True,available,
11442793,KIC,Kepler-90,KOI-351,High-multiplicity system; archive alias KOI-351,KOI-351 b,7.008151,0.01164,3.99,1.31,,pscomppars,2026-08-25T01:04:02.309843+00:00,data/raw/kepler/kic_11442793/mastDownload/Kepler/kplr011442793_lc_Q011111110111011101/kplr011442793-2013011073258_llc.fits,4780,True,available,
11442793,KIC,Kepler-90,KOI-351,High-multiplicity system; archive alias KOI-351,KOI-351 c,8.719375,0.01604,4.41,1.19,,pscomppars,2026-08-25T01:04:02.309843+00:00,data/raw/kepler/kic_11442793/mastDownload/Kepler/kplr011442793_lc_Q011111110111011101/kplr011442793-2013011073258_llc.fits,4780,True,available,
11442793,KIC,Kepler-90,KOI-351,High-multiplicity system; archive alias KOI-351,Kepler-90 i,14.44912,,2.8,1.32,transit_depth_percent,pscomppars,2026-08-25T01:04:02.309843+00:00,data/raw/kepler/kic_11442793/mastDownload/Kepler/kplr011442793_lc_Q011111110111011101/kplr011442793-2013011073258_llc.fits,4780,True,available,
11442793,KIC,Kepler-90,KOI-351,High-multiplicity system; archive alias KOI-351,KOI-351 d,59.73667,0.05664,8.4,2.87,,pscomppars,2026-08-25T01:04:02.309843+00:00,data/raw/kepler/kic_11442793/mastDownload/Kepler/kplr011442793_lc_Q011111110111011101/kplr011442793-2013011073258_llc.fits,4780,True,available,
11442793,KIC,Kepler-90,KOI-351,High-multiplicity system; archive alias KOI-351,KOI-351 e,91.93913,0.04829,9.71,2.66,,pscomppars,2026-08-25T01:04:02.309843+00:00,data/raw/kepler/kic_11442793/mastDownload/Kepler/kplr011442793_lc_Q011111110111011101/kplr011442793-2013011073258_llc.fits,4780,True,available,
11442793,KIC,Kepler-90,KOI-351,High-multiplicity system; archive alias KOI-351,KOI-351 f,124.9144,0.04987,10.94,2.88,,pscomppars,2026-08-25T01:04:02.309843+00:00,data/raw/kepler/kic_11442793/mastDownload/Kepler/kplr011442793_lc_Q011111110111011101/kplr011442793-2013011073258_llc.fits,4780,True,available,
11442793,KIC,Kepler-90,KOI-351,High-multiplicity system; archive alias KOI-351,KOI-351 g,210.73514,0.38,12.32,7.718,,pscomppars,2026-08-25T01:04:02.309843+00:00,data/raw/kepler/kic_11442793/mastDownload/Kepler/kplr011442793_lc_Q011111110111011101/kplr011442793-2013011073258_llc.fits,4780,True,available,
11442793,KIC,Kepler-90,KOI-351,High-multiplicity system; archive alias KOI-351,KOI-351 h,331.60296,0.83221,14.404,11.252,,pscomppars,2026-08-25T01:04:02.309843+00:00,data/raw/kepler/kic_11442793/mastDownload/Kepler/kplr011442793_lc_Q011111110111011101/kplr011442793-2013011073258_llc.fits,4780,True,available,
11442793,KIC,Kepler-90,KOI-351,High-multiplicity system; archive alias KOI-351,KOI-351 b,7.008151,0.01164,3.99,1.31,,pscomppars,2026-08-25T01:04:02.309843+00:00,data/raw/kepler/kic_11442793/mastDownload/Kepler/kplr011442793_lc_Q011111110111011101/kplr011442793-2013131215648_llc.fits,1556,True,available,
11442793,KIC,Kepler-90,KOI-351,High-multiplicity system; archive alias KOI-351,KOI-351 c,8.719375,0.01604,4.41,1.19,,pscomppars,2026-08-25T01:04:02.309843+00:00,data/raw/kepler/kic_11442793/mastDownload/Kepler/kplr011442793_lc_Q011111110111011101/kplr011442793-2013131215648_llc.fits,1556,True,available,
11442793,KIC,Kepler-90,KOI-351,High-multiplicity system; archive alias KOI-351,Kepler-90 i,14.44912,,2.8,1.32,transit_depth_percent,pscomppars,2026-08-25T01:04:02.309843+00:00,data/raw/kepler/kic_11442793/mastDownload/Kepler/kplr011442793_lc_Q011111110111011101/kplr011442793-2013131215648_llc.fits,1556,True,available,
11442793,KIC,Kepler-90,KOI-351,High-multiplicity system; archive alias KOI-351,KOI-351 d,59.73667,0.05664,8.4,2.87,,pscomppars,2026-08-25T01:04:02.309843+00:00,data/raw/kepler/kic_11442793/mastDownload/Kepler/kplr011442793_lc_Q011111110111011101/kplr011442793-2013131215648_llc.fits,1556,True,available,
11442793,KIC,Kepler-90,KOI-351,High-multiplicity system; archive alias KOI-351,KOI-351 e,91.93913,0.04829,9.71,2.66,,pscomppars,2026-08-25T01:04:02.309843+00:00,data/raw/kepler/kic_11442793/mastDownload/Kepler/kplr011442793_lc_Q011111110111011101/kplr011442793-2013131215648_llc.fits,1556,True,available,
11442793,KIC,Kepler-90,KOI-351,High-multiplicity system; archive alias KOI-351,KOI-351 f,124.9144,0.04987,10.94,2.88,,pscomppars,2026-08-25T01:04:02.309843+00:00,data/raw/kepler/kic_11442793/mastDownload/Kepler/kplr011442793_lc_Q011111110111011101/kplr011442793-2013131215648_llc.fits,1556,True,available,
11442793,KIC,Kepler-90,KOI-351,High-multiplicity system; archive alias KOI-351,KOI-351 g,210.73514,0.38,12.32,7.718,,pscomppars,2026-08-25T01:04:02.309843+00:00,data/raw/kepler/kic_11442793/mastDownload/Kepler/kplr011442793_lc_Q011111110111011101/kplr011442793-2013131215648_llc.fits,1556,True,available,
11442793,KIC,Kepler-90,KOI-351,High-multiplicity system; archive alias KOI-351,KOI-351 h,331.60296,0.83221,14.404,11.252,,pscomppars,2026-08-25T01:04:02.309843+00:00,data/raw/kepler/kic_11442793/mastDownload/Kepler/kplr011442793_lc_Q011111110111011101/kplr011442793-2013131215648_llc.fits,1556,True,available,
