threshold,precision,recall,meets_review_recall_floor
0.0,0.101930848675348,1.0,True
3.726981834262233e-09,0.10197663971248877,1.0,True
2.0020692659272754e-08,0.10202247191011236,1.0,True
1.2267422278000595e-07,0.10206834532374101,1.0,True
1.3213496004027547e-06,0.10211426000899686,1.0,True
1.3724891232413938e-06,0.10216021602160216,1.0,True
1.7336318478555768e-06,0.10220621341737957,1.0,True
1.947180862771347e-06,0.10225225225225225,1.0,True
2.8446163469197927e-06,0.10229833258224426,1.0,True
3.0222902296372922e-06,0.10234445446348062,1.0,True
3.266475005148095e-06,0.10239061795218764,1.0,True
3.4840911666833563e-06,0.10243682310469314,1.0,True
3.696499788929941e-06,0.10248306997742664,1.0,True
5.6395706451439764e-06,0.1025293586269196,1.0,True
5.734983005822869e-06,0.10257568910980569,1.0,True
7.405232736346079e-06,0.10262206148282098,1.0,True
8.120828169921879e-06,0.10266847580280417,1.0,True
8.868291843100451e-06,0.10271493212669683,1.0,True
9.525095265416894e-06,0.10276143051154368,1.0,True
1.0427436791360378e-05,0.10280797101449275,1.0,True
1.1283374988124706e-05,0.10285455369279566,1.0,True
1.1460469977464527e-05,0.10290117860380779,1.0,True
1.2114798664697446e-05,0.10294784580498866,1.0,True
1.2834472727263346e-05,0.10299455535390199,1.0,True
1.4974239093135111e-05,0.10304130730821606,1.0,True
1.5474161045858636e-05,0.1030881017257039,1.0,True
1.589579005667474e-05,0.10313493866424353,1.0,True
1.6366540876333602e-05,0.10318181818181818,1.0,True
1.701640576357022e-05,0.10322874033651659,1.0,True
1.8544687918620184e-05,0.10327570518653321,1.0,True
2.1163037672522478e-05,0.10332271279016841,1.0,True
2.130988650606014e-05,0.10336976320582877,1.0,True
2.138186937372666e-05,0.10341685649202734,1.0,True
2.1504625692614354e-05,0.10346399270738377,1.0,True
2.2296160750556737e-05,0.10351117191062471,1.0,True
2.3649468857911415e-05,0.10355839416058395,1.0,True
2.4759923689998686e-05,0.10360565951620265,1.0,True
2.5584389732102863e-05,0.10365296803652968,1.0,True
2.924391628766898e-05,0.10370031978072179,1.0,True
3.148428368149325e-05,0.10374771480804387,1.0,True
3.99437194573693e-05,0.10379515317786922,1.0,True
4.186420846963301e-05,0.10384263494967978,1.0,True
4.451164568308741e-05,0.10389016018306636,1.0,True
4.4523359974846244e-05,0.10393772893772894,1.0,True
4.537575659924187e-05,0.10398534127347686,1.0,True
4.588723095366731e-05,0.10403299725022915,1.0,True
4.641430132323876e-05,0.10408069692801467,1.0,True
4.7240817366400734e-05,0.10412844036697248,1.0,True
4.780854578712024e-05,0.104176227627352,1.0,True
4.8334539314964786e-05,0.10422405876951331,1.0,True
5.132700607646257e-05,0.10427193385392743,1.0,True
5.3324834880186245e-05,0.10431985294117647,1.0,True
5.490345574798994e-05,0.10436781609195403,1.0,True
5.6013559515122324e-05,0.10441582336706531,1.0,True
5.6646778830327094e-05,0.10446387482742751,1.0,True
5.9265035815769807e-05,0.10451197053406998,1.0,True
6.001913789077662e-05,0.1045601105481345,1.0,True
6.35959513601847e-05,0.10460829493087558,1.0,True
6.997484888415784e-05,0.10465652374366068,1.0,True
7.079909119056538e-05,0.10470479704797048,1.0,True
7.473467849195004e-05,0.10475311490539917,1.0,True
7.500434730900452e-05,0.10480147737765466,1.0,True
7.715325045865029e-05,0.1048498845265589,1.0,True
7.800682942615822e-05,0.10489833641404805,1.0,True
7.858815661165863e-05,0.10494683310217291,1.0,True
7.877108146203682e-05,0.10499537465309898,1.0,True
7.892341818660498e-05,0.1050439611291069,1.0,True
7.953205931698903e-05,0.1050925925925926,1.0,True
8.049335156101733e-05,0.10514126910606762,1.0,True
8.29011041787453e-05,0.10518999073215941,1.0,True
8.495131623931229e-05,0.10523875753361149,1.0,True
8.720012556295842e-05,0.10528756957328386,1.0,True
9.20925522223115e-05,0.10533642691415314,1.0,True
9.391589992446825e-05,0.1053853296193129,1.0,True
9.875246178125963e-05,0.10543427775197399,1.0,True
9.904311446007341e-05,0.10548327137546469,1.0,True
0.00010405216016806662,0.10553231055323105,1.0,True
0.00011853735486511141,0.1055813953488372,1.0,True
0.00012146032531745732,0.10563052582596556,1.0,True
0.00012292963219806552,0.10567970204841713,1.0,True
0.00012466704356484115,0.10572892408011178,1.0,True
0.0001332398533122614,0.10577819198508853,1.0,True
0.0001344833435723558,0.10582750582750583,1.0,True
0.00014034716878086329,0.10587686567164178,1.0,True
0.00014291738625615835,0.10592627158189453,1.0,True
0.00014528677274938673,0.10597572362278244,1.0,True
0.00014843455574009567,0.10602522185894442,1.0,True
0.0001521040830994025,0.10607476635514018,1.0,True
0.00015243890811689198,0.10612435717625059,1.0,True
0.00016191162285394967,0.10617399438727783,1.0,True
0.0001629614271223545,0.10622367805334582,1.0,True
0.00016328977653756738,0.10627340823970037,1.0,True
0.0001642070710659027,0.1063231850117096,1.0,True
0.000186490171472542,0.10637300843486411,1.0,True
0.0002029627503361553,0.10642287857477731,1.0,True
0.00020701454195659608,0.10647279549718575,1.0,True
0.00020914353081025183,0.10652275926794932,1.0,True
0.00021066397312097251,0.10657276995305165,1.0,True
0.00022006183280609548,0.10662282761860029,1.0,True
0.00022856790747027844,0.10667293233082707,1.0,True
0.0002285938389832154,0.10672308415608839,1.0,True
0.00023069976305123419,0.10677328316086547,1.0,True
0.00024322218087036163,0.1068235294117647,1.0,True
0.0002473611384630203,0.1068738229755179,1.0,True
0.000250438810326159,0.10692416391898257,1.0,True
0.0002615755656734109,0.10697455230914232,1.0,True
0.0002719206386245787,0.10702498821310702,1.0,True
0.00027614127611741424,0.10707547169811321,1.0,True
0.00029852997977286577,0.1071260028315243,1.0,True
0.00030028322362340987,0.10717658168083097,1.0,True
0.0003015986876562238,0.10722720831365139,1.0,True
0.00031764479354023933,0.10727788279773157,1.0,True
0.000322512787533924,0.10732860520094563,1.0,True
0.00032681229640729725,0.10737937559129612,1.0,True
0.00034823224996216595,0.10743019403691434,1.0,True
0.0003567524254322052,0.10748106060606061,1.0,True
0.00038060592487454414,0.10753197536712458,1.0,True
0.00038528675213456154,0.10758293838862559,1.0,True
0.00038597971433773637,0.10763394973921289,1.0,True
0.0003884666075464338,0.10768500948766603,1.0,True
0.00043366249883547425,0.10773611770289511,1.0,True
0.00044158994569443166,0.10778727445394112,1.0,True
0.00044363332563079894,0.10783847980997625,1.0,True
0.0004542972892522812,0.10788973384030419,1.0,True
0.00045495864469558,0.10794103661436044,1.0,True
0.00046548651880584657,0.10799238820171266,1.0,True
0.00046937388833612204,0.10804378867206092,1.0,True
0.0005613369285129011,0.10809523809523809,1.0,True
0.0005815571057610214,0.1081467365412101,1.0,True
0.00058335269568488,0.10819828408007626,1.0,True
0.0006359594408422709,0.10824988078206962,1.0,True
0.0006419873679988086,0.10830152671755726,1.0,True
0.000649256631731987,0.10835322195704057,1.0,True
0.0006500912713818252,0.10840496657115568,1.0,True
0.0006655675242654979,0.10845676063067368,1.0,True
0.00069163937587291,0.10850860420650095,1.0,True
0.0007113280007615685,0.10856049736967958,1.0,True
0.0007529613794758916,0.10861244019138756,1.0,True
0.000757373112719506,0.1086644327429392,1.0,True
0.0008129675406962633,0.10871647509578544,1.0,True
0.0008202349417842925,0.10876856732151413,1.0,True
0.0008805856923572719,0.10882070949185044,1.0,True
0.0009048277279362082,0.10887290167865707,1.0,True
0.0009123673080466688,0.10892514395393474,1.0,True
0.0009124751086346805,0.10897743638982237,1.0,True
0.0009319005184806883,0.10902977905859751,1.0,True
0.0009505285415798426,0.1090821720326766,1.0,True
0.0009656146867200732,0.10913461538461539,1.0,True
0.0010118609061464667,0.1091871091871092,1.0,True
0.0010586213320493698,0.10923965351299326,1.0,True
0.0010741781443357468,0.10929224843524314,1.0,True
0.0011606008047237992,0.10934489402697495,1.0,True
0.0011728761019185185,0.10939759036144578,1.0,True
0.0011831523152068257,0.109450337512054,1.0,True
0.001201936393044889,0.1095031355523396,1.0,True
0.0012867694022133946,0.10955598455598456,1.0,True
0.0013545042602345347,0.10960888459681313,1.0,True
0.001394636812619865,0.10966183574879228,1.0,True
0.0014062330592423677,0.1097148380860319,1.0,True
0.001452665776014328,0.10976789168278529,1.0,True
0.0014702610205858946,0.10982099661344945,1.0,True
0.0014847205020487309,0.10987415295256535,1.0,True
0.001558904885314405,0.1099273607748184,1.0,True
0.0015731225721538067,0.10998062015503876,1.0,True
0.0015770482132211328,0.11003393116820165,1.0,True
0.0017152627697214484,0.11008729388942774,1.0,True
0.0017255832208320498,0.1101407083939835,1.0,True
0.0018139646854251623,0.11019417475728155,1.0,True
0.001826900988817215,0.11024769305488101,1.0,True
0.0018422103021293879,0.11030126336248786,1.0,True
0.001872179564088583,0.11035488575595527,1.0,True
0.0018836053786799312,0.11040856031128404,1.0,True
0.00202248920686543,0.11046228710462287,1.0,True
0.00203448417596519,0.11051606621226874,1.0,True
0.0021352546755224466,0.11056989771066732,1.0,True
0.00215010903775692,0.11062378167641325,1.0,True
0.002178516238927841,0.1106777181862506,1.0,True
0.0022276348900049925,0.11073170731707317,1.0,True
0.0022448694799095392,0.11078574914592484,1.0,True
0.002250795252621174,0.11083984375,1.0,True
0.0022920919582247734,0.11089399120664387,1.0,True
0.002321224892511964,0.11094819159335288,1.0,True
0.002361919032409787,0.11100244498777506,1.0,True
0.0023706250358372927,0.11105675146771037,1.0,True
0.0023921155370771885,0.1111111111111111,1.0,True
0.0024113617837429047,0.11116552399608227,1.0,True
0.002448011189699173,0.11121999020088193,1.0,True
0.0024732197634875774,0.11127450980392156,1.0,True
0.0024964537005871534,0.11132908288376656,1.0,True
0.002533277031034231,0.11138370951913641,1.0,True
0.0027064287569373846,0.11143838978890526,1.0,True
0.0029114435892552137,0.11149312377210216,1.0,True
0.002915021264925599,0.11154791154791155,1.0,True
0.003168902825564146,0.11160275319567355,1.0,True
0.0031787718180567026,0.1116576487948844,1.0,True
0.0031799671705812216,0.11171259842519685,1.0,True
0.003244029590860009,0.11176760216642048,1.0,True
0.0033897508401423693,0.11182266009852217,1.0,True
0.003531329333782196,0.11187777230162642,1.0,True
0.003726779483258724,0.11193293885601578,1.0,True
0.003732284065335989,0.11198815984213123,1.0,True
0.0037485870998352766,0.11204343534057255,1.0,True
0.003759690560400486,0.11209876543209876,1.0,True
0.003770887851715088,0.11215415019762846,1.0,True
0.003825143212452531,0.11220958971824024,1.0,True
0.004044134635478258,0.11226508407517309,1.0,True
0.004085981287062168,0.11232063334982682,1.0,True
0.004234545864164829,0.11237623762376238,1.0,True
0.00424292404204607,0.11243189697870233,1.0,True
0.004243269097059965,0.11248761149653122,1.0,True
0.004360874183475971,0.11254338125929599,1.0,True
0.004774265922605991,0.11259920634920635,1.0,True
0.004792507737874985,0.11265508684863523,1.0,True
0.005091469269245863,0.11271102284011916,1.0,True
0.005191119387745857,0.11276701440635867,1.0,True
0.00524575961753726,0.11282306163021869,1.0,True
0.005272564012557268,0.11287916459472899,1.0,True
0.005291057284921408,0.11293532338308458,1.0,True
0.005297905765473843,0.11299153807864609,1.0,True
0.0054719774052500725,0.11304780876494024,1.0,True
0.005650414619594812,0.11310413552566019,1.0,True
0.005733092315495014,0.113160518444666,1.0,True
0.005751896183937788,0.11321695760598503,1.0,True
0.005766438320279121,0.11327345309381237,1.0,True
0.005815735086798668,0.11333000499251124,1.0,True
0.0058652604930102825,0.11338661338661339,1.0,True
0.00592968100681901,0.11344327836081959,1.0,True
0.006046605296432972,0.1135,1.0,True
0.006151872221380472,0.1135567783891946,1.0,True
0.00621209479868412,0.11361361361361362,1.0,True
0.0062774172984063625,0.11367050575863796,1.0,True
0.006326121278107166,0.11372745490981964,1.0,True
0.0065959482453763485,0.11378446115288221,1.0,True
0.006605678703635931,0.11384152457372117,1.0,True
0.006805845070630312,0.11389864525840442,1.0,True
0.006839833687990904,0.11395582329317269,1.0,True
0.006857678759843111,0.11401305876443998,1.0,True
0.007000508718192577,0.11407035175879397,1.0,True
0.007142471615225077,0.11412770236299648,1.0,True
0.007687670178711414,0.1141851106639839,1.0,True
0.007943417876958847,0.11424257674886763,1.0,True
0.008058656007051468,0.11430010070493454,1.0,True
0.008158466778695583,0.11435768261964735,1.0,True
0.008218126371502876,0.11441532258064516,1.0,True
0.008288172073662281,0.11447302067574382,1.0,True
0.008386029861867428,0.11453077699293643,1.0,True
0.008945112116634846,0.11458859162039374,1.0,True
0.00902397558093071,0.11464646464646465,1.0,True
0.009187228046357632,0.1147043961596766,1.0,True
0.009282872080802917,0.1147623862487361,1.0,True
0.009354524314403534,0.11482043500252909,1.0,True
0.009531771764159203,0.11487854251012146,1.0,True
0.009730488993227482,0.11493670886075949,1.0,True
0.009801086038351059,0.11499493414387031,1.0,True
0.00987139344215393,0.11505321844906234,1.0,True
0.009910543449223042,0.11511156186612576,1.0,True
0.01010940968990326,0.11516996448503297,1.0,True
0.010172332637012005,0.11522842639593908,1.0,True
0.01050740946084261,0.11528694768918232,1.0,True
0.010871579870581627,0.11534552845528455,1.0,True
0.011014292016625404,0.1154041687849517,1.0,True
0.011144324205815792,0.11546286876907426,1.0,True
0.011715728789567947,0.11552162849872774,1.0,True
0.011717800050973892,0.11558044806517312,1.0,True
0.01185731589794159,0.11563932755985736,1.0,True
0.012059936299920082,0.11569826707441386,1.0,True
0.012196269817650318,0.11575726670066293,1.0,True
0.012505670078098774,0.11581632653061225,1.0,True
0.012597190216183662,0.11587544665645738,1.0,True
0.012925744988024235,0.11593462717058223,1.0,True
0.013458281755447388,0.11599386816555952,1.0,True
0.013969246298074722,0.11605316973415133,1.0,True
0.014742370694875717,0.11611253196930946,1.0,True
0.014785852283239365,0.11617195496417605,1.0,True
0.014897437766194344,0.11623143881208398,1.0,True
0.015448495745658875,0.11629098360655737,1.0,True
0.015675591304898262,0.11635058944131214,1.0,True
0.01569974236190319,0.11641025641025642,1.0,True
0.01618456467986107,0.11646998460749101,1.0,True
0.0162009559571743,0.11652977412731007,1.0,True
0.016321836039423943,0.11658962506420134,1.0,True
0.016412295401096344,0.11664953751284686,1.0,True
0.016831958666443825,0.1167095115681234,1.0,True
0.0169554203748703,0.11676954732510288,1.0,True
0.017260948196053505,0.11682964487905301,1.0,True
0.017398253083229065,0.11688980432543769,1.0,True
0.017613345757126808,0.11695002575991757,1.0,True
0.017755405977368355,0.11701030927835052,1.0,True
0.01799723133444786,0.11707065497679216,1.0,True
0.0188546571880579,0.11713106295149639,1.0,True
0.01977013237774372,0.11719153329891585,1.0,True
0.019887777045369148,0.11725206611570248,1.0,True
0.01996176317334175,0.117312661498708,1.0,True
0.020350201055407524,0.11737331954498449,1.0,True
0.0205837395042181,0.11743404035178479,1.0,True
0.02068321406841278,0.11749482401656315,1.0,True
0.021526508033275604,0.11755567063697565,1.0,True
0.022394675761461258,0.11761658031088083,1.0,True
0.02263455279171467,0.11767755313634007,1.0,True
0.02271595597267151,0.11773858921161826,1.0,True
0.022802017629146576,0.11779968863518422,1.0,True
0.023249417543411255,0.11786085150571132,1.0,True
0.023403538390994072,0.11792207792207793,1.0,True
0.024251798167824745,0.11798336798336799,1.0,True
0.025019172579050064,0.11804472178887156,1.0,True
0.02530335821211338,0.11810613943808533,1.0,True
0.025337573140859604,0.11816762103071317,1.0,True
0.025821354240179062,0.11822916666666666,1.0,True
0.026191337034106255,0.11829077644606566,1.0,True
0.026742052286863327,0.11835245046923878,1.0,True
0.02843679115176201,0.11841418883672405,1.0,True
0.02884247712790966,0.11847599164926931,1.0,True
0.028955431655049324,0.1185378590078329,1.0,True
0.030463123694062233,0.11859979101358412,1.0,True
0.03051729127764702,0.11866178776790381,1.0,True
0.03063204139471054,0.11872384937238493,1.0,True
0.031104497611522675,0.11878597592883307,1.0,True
0.03165411949157715,0.11884816753926701,1.0,True
0.03201960027217865,0.11891042430591933,1.0,True
0.03343338519334793,0.1189727463312369,1.0,True
0.03360702097415924,0.11851074986890404,0.9955947136563876,True
0.03441106900572777,0.11857292759706191,0.9955947136563876,True
0.03481696918606758,0.11863517060367454,0.9955947136563876,True
0.036150623112916946,0.11869747899159663,0.9955947136563876,True
0.03884546086192131,0.1187598528638991,0.9955947136563876,True
0.03969486057758331,0.11882229232386961,0.9955947136563876,True
0.04002232849597931,0.11888479747501315,0.9955947136563876,True
0.040454499423503876,0.11894736842105263,0.9955947136563876,True
0.04066869989037514,0.11901000526592943,0.9955947136563876,True
0.04086178168654442,0.11907270811380401,0.9955947136563876,True
0.041174404323101044,0.1191354770690564,0.9955947136563876,True
0.04166075587272644,0.11919831223628692,0.9955947136563876,True
0.044133082032203674,0.11926121372031662,0.9955947136563876,True
0.044365253299474716,0.11932418162618796,0.9955947136563876,True
0.044666845351457596,0.11938721605916534,0.9955947136563876,True
0.046166859567165375,0.11945031712473574,0.9955947136563876,True
0.04646123945713043,0.1195134849286092,0.9955947136563876,True
0.04791032522916794,0.11957671957671957,0.9955947136563876,True
0.049350202083587646,0.11964002117522499,0.9955947136563876,True
0.0497090183198452,0.11970338983050847,0.9955947136563876,True
0.04978594928979874,0.1197668256491786,0.9955947136563876,True
0.051666509360075,0.11983032873807,0.9955947136563876,True
0.05193708837032318,0.11989389920424404,0.9955947136563876,True
0.052331749349832535,0.11995753715498939,0.9955947136563876,True
0.05351720750331879,0.12002124269782262,0.9955947136563876,True
0.05429046228528023,0.12008501594048884,0.9955947136563876,True
0.054827041923999786,0.12014885699096226,0.9955947136563876,True
0.05533751845359802,0.1202127659574468,0.9955947136563876,True
0.05574774369597435,0.1202767429483768,0.9955947136563876,True
0.05582797899842262,0.12034078807241747,0.9955947136563876,True
0.05651535466313362,0.12040490143846563,0.9955947136563876,True
0.0589032843708992,0.12046908315565032,0.9955947136563876,True
0.05892447009682655,0.12053333333333334,0.9955947136563876,True
0.05899984389543533,0.12059765208110992,0.9955947136563876,True
0.06044086441397667,0.1206620395088094,0.9955947136563876,True
0.0605146661400795,0.12072649572649573,0.9955947136563876,True
0.06168496981263161,0.1207910208444682,0.9955947136563876,True
0.062015220522880554,0.12085561497326203,0.9955947136563876,True
0.06226770207285881,0.12092027822364901,0.9955947136563876,True
0.06271892786026001,0.12098501070663811,0.9955947136563876,True
0.06365196406841278,0.12104981253347616,0.9955947136563876,True
0.06426800042390823,0.12111468381564845,0.9955947136563876,True
0.06504954397678375,0.12117962466487936,0.9955947136563876,True
0.06543426215648651,0.12124463519313304,0.9955947136563876,True
0.06619106978178024,0.12130971551261406,0.9955947136563876,True
0.06647057086229324,0.12083780880773362,0.9911894273127754,True
0.06751032173633575,0.12090274046211714,0.9911894273127754,True
0.06755409389734268,0.12096774193548387,0.9911894273127754,True
0.06783049553632736,0.12103281334050565,0.9911894273127754,True
0.06871726363897324,0.12109795479009688,0.9911894273127754,True
0.06872565299272537,0.12116316639741519,0.9911894273127754,True
0.06994509696960449,0.12122844827586207,0.9911894273127754,True
0.07006829977035522,0.12129380053908356,0.9911894273127754,True
0.07057665288448334,0.12135922330097088,0.9911894273127754,True
0.07073348760604858,0.12142471667566108,0.9911894273127754,True
0.07224014401435852,0.12149028077753779,0.9911894273127754,True
0.07247019559144974,0.12155591572123177,0.9911894273127754,True
0.07272951304912567,0.12162162162162163,0.9911894273127754,True
0.07366138696670532,0.12168739859383451,0.9911894273127754,True
0.07403558492660522,0.12175324675324675,0.9911894273127754,True
0.07477070391178131,0.12181916621548457,0.9911894273127754,True
0.07498051971197128,0.1218851570964247,0.9911894273127754,True
0.0756879672408104,0.12195121951219512,0.9911894273127754,True
0.07628544420003891,0.1220173535791757,0.9911894273127754,True
0.0768665000796318,0.12208355941399891,0.9911894273127754,True
0.07705767452716827,0.12214983713355049,0.9911894273127754,True
0.07769559323787689,0.12221618685497013,0.9911894273127754,True
0.07786440849304199,0.12228260869565218,0.9911894273127754,True
0.07797430455684662,0.12234910277324633,0.9911894273127754,True
0.07813303917646408,0.12241566920565833,0.9911894273127754,True
0.07883714139461517,0.12248230811105063,0.9911894273127754,True
0.0788857713341713,0.12254901960784313,0.9911894273127754,True
0.07932417839765549,0.1226158038147139,0.9911894273127754,True
0.07988081127405167,0.12268266085059978,0.9911894273127754,True
0.07994557917118073,0.12274959083469722,0.9911894273127754,True
0.08034223318099976,0.12281659388646288,0.9911894273127754,True
0.08036104589700699,0.12288367012561442,0.9911894273127754,True
0.0807705894112587,0.12295081967213115,0.9911894273127754,True
0.08110938221216202,0.12301804264625478,0.9911894273127754,True
0.0814671441912651,0.12308533916849015,0.9911894273127754,True
0.0814765989780426,0.12315270935960591,0.9911894273127754,True
0.0816478431224823,0.12322015334063527,0.9911894273127754,True
0.08198417723178864,0.1232876712328767,0.9911894273127754,True
0.08204086869955063,0.12335526315789473,0.9911894273127754,True
0.08255358040332794,0.12342292923752057,0.9911894273127754,True
0.08257395774126053,0.12349066959385291,0.9911894273127754,True
0.08270685374736786,0.12355848434925865,0.9911894273127754,True
0.08271114528179169,0.12362637362637363,0.9911894273127754,True
0.08284833282232285,0.12369433754810336,0.9911894273127754,True
0.08312927186489105,0.12376237623762376,0.9911894273127754,True
0.08343211561441422,0.12383048981838195,0.9911894273127754,True
0.08345991373062134,0.12389867841409692,0.9911894273127754,True
0.08357370644807816,0.12396694214876033,0.9911894273127754,True
0.08360141515731812,0.12403528114663727,0.9911894273127754,True
0.08385489135980606,0.12410369553226697,0.9911894273127754,True
0.08464187383651733,0.12417218543046357,0.9911894273127754,True
0.08505770564079285,0.12424075096631695,0.9911894273127754,True
0.08553458750247955,0.12430939226519337,0.9911894273127754,True
0.08561263233423233,0.12437810945273632,0.9911894273127754,True
0.08566193282604218,0.12444690265486726,0.9911894273127754,True
0.08591873198747635,0.12451577199778639,0.9911894273127754,True
0.08627305924892426,0.12458471760797342,0.9911894273127754,True
0.08751334995031357,0.12465373961218837,0.9911894273127754,True
0.08765299618244171,0.12472283813747229,0.9911894273127754,True
0.08772993832826614,0.12479201331114809,0.9911894273127754,True
0.08795858919620514,0.12486126526082131,0.9911894273127754,True
0.0888768658041954,0.1249305941143809,0.9911894273127754,True
0.0894407406449318,0.125,0.9911894273127754,True
0.09070804715156555,0.12506948304613674,0.9911894273127754,True
0.09116993099451065,0.12513904338153503,0.9911894273127754,True
0.09134887158870697,0.12520868113522537,0.9911894273127754,True
0.09185519814491272,0.1252783964365256,0.9911894273127754,True
0.09271995723247528,0.12534818941504178,0.9911894273127754,True
0.09336791932582855,0.1254180602006689,0.9911894273127754,True
0.0934496521949768,0.12548800892359174,0.9911894273127754,True
0.0940287858247757,0.12555803571428573,0.9911894273127754,True
0.09462291747331619,0.12562814070351758,0.9911894273127754,True
0.09462708979845047,0.12569832402234637,0.9911894273127754,True
0.09487490355968475,0.1257685858021241,0.9911894273127754,True
0.09504745155572891,0.12583892617449666,0.9911894273127754,True
0.09507454186677933,0.1259093452714046,0.9911894273127754,True
0.09529026597738266,0.125979843225084,0.9911894273127754,True
0.09553118050098419,0.12605042016806722,0.9911894273127754,True
0.09565460681915283,0.12612107623318386,0.9911894273127754,True
0.09592597931623459,0.1261918115535614,0.9911894273127754,True
0.09620089828968048,0.12626262626262627,0.9911894273127754,True
0.09642139822244644,0.12633352049410443,0.9911894273127754,True
0.09679660201072693,0.1258426966292135,0.986784140969163,True
0.096815325319767,0.1259134345137718,0.986784140969163,True
0.09684400260448456,0.12598425196850394,0.986784140969163,True
0.09708833694458008,0.12605514912774338,0.986784140969163,True
0.09716988354921341,0.12612612612612611,0.986784140969163,True
0.09734900295734406,0.12619718309859154,0.986784140969163,True
0.09798546135425568,0.1262683201803833,0.986784140969163,True
0.0991838201880455,0.1263395375070502,0.986784140969163,True
0.09923059493303299,0.12641083521444696,0.986784140969163,True
0.0995284840464592,0.12648221343873517,0.986784140969163,True
0.09969507902860641,0.12655367231638417,0.986784140969163,True
0.10050246864557266,0.12662521198417184,0.986784140969163,True
0.10094290226697922,0.12669683257918551,0.986784140969163,True
0.10185487568378448,0.12676853423882287,0.986784140969163,True
0.10192480683326721,0.12684031710079274,0.986784140969163,True
0.10193071514368057,0.12691218130311616,0.986784140969163,True
0.10195470601320267,0.12698412698412698,0.986784140969163,True
0.10225164145231247,0.12705615428247305,0.986784140969163,True
0.10225996375083923,0.1271282633371169,0.986784140969163,True
0.102387435734272,0.12720045428733673,0.986784140969163,True
0.10239473730325699,0.12727272727272726,0.986784140969163,True
0.10368198156356812,0.1273450824332007,0.986784140969163,True
0.10387445986270905,0.12741751990898748,0.986784140969163,True
0.10497494041919708,0.12749003984063745,0.986784140969163,True
0.10510890185832977,0.1275626423690205,0.986784140969163,True
0.10514918714761734,0.12763532763532764,0.986784140969163,True
0.10578708350658417,0.12770809578107184,0.986784140969163,True
0.10638803243637085,0.127780946948089,0.986784140969163,True
0.10680555552244186,0.1278538812785388,0.986784140969163,True
0.10682045668363571,0.12792689891490577,0.986784140969163,True
0.10685579478740692,0.128,0.986784140969163,True
0.10710882395505905,0.12807318467695827,0.986784140969163,True
0.10782846808433533,0.12814645308924486,0.986784140969163,True
0.1082349419593811,0.12821980538065256,0.986784140969163,True
0.10862749814987183,0.12829324169530354,0.986784140969163,True
0.10874646157026291,0.12836676217765042,0.986784140969163,True
0.1093021035194397,0.12844036697247707,0.986784140969163,True
0.1094152182340622,0.1285140562248996,0.986784140969163,True
0.1094897910952568,0.1285878300803674,0.986784140969163,True
0.10970853269100189,0.128661688684664,0.986784140969163,True
0.1098485141992569,0.12873563218390804,0.986784140969163,True
0.10991251468658447,0.12880966072455435,0.986784140969163,True
0.11046987026929855,0.12888377445339472,0.986784140969163,True
0.11140137910842896,0.128957973517559,0.986784140969163,True
0.11146228760480881,0.12903225806451613,0.986784140969163,True
0.11193671077489853,0.12910662824207492,0.986784140969163,True
0.1123431846499443,0.12918108419838523,0.986784140969163,True
0.11241085827350616,0.12925562608193883,0.986784140969163,True
0.11270365864038467,0.12933025404157045,0.986784140969163,True
0.1133970245718956,0.1294049682264587,0.986784140969163,True
0.11362453550100327,0.12947976878612716,0.986784140969163,True
0.11392053216695786,0.12955465587044535,0.986784140969163,True
0.11431688070297241,0.12962962962962962,0.986784140969163,True
0.1143803521990776,0.12970469021424436,0.986784140969163,True
0.11462167650461197,0.12977983777520277,0.986784140969163,True
0.11479158699512482,0.12985507246376812,0.986784140969163,True
0.11523044109344482,0.12993039443155452,0.986784140969163,True
0.11581488698720932,0.13000580383052815,0.986784140969163,True
0.1159256249666214,0.13008130081300814,0.986784140969163,True
0.1161702573299408,0.13015688553166763,0.986784140969163,True
0.11628853529691696,0.13023255813953488,0.986784140969163,True
0.11678501218557358,0.1303083187899942,0.986784140969163,True
0.11694778501987457,0.13038416763678695,0.986784140969163,True
0.11721361428499222,0.13046010483401282,0.986784140969163,True
0.11722749471664429,0.13053613053613053,0.986784140969163,True
0.11796128749847412,0.1306122448979592,0.986784140969163,True
0.1181010827422142,0.1306884480746791,0.986784140969163,True
0.11837138235569,0.13076474022183304,0.986784140969163,True
0.11943858116865158,0.1308411214953271,0.986784140969163,True
0.12029705196619034,0.1309175920514319,0.986784140969163,True
0.12043792009353638,0.13099415204678364,0.986784140969163,True
0.12061653286218643,0.13107080163838503,0.986784140969163,True
0.12206336855888367,0.13114754098360656,0.986784140969163,True
0.122344471514225,0.13122437024018746,0.986784140969163,True
0.12271639704704285,0.13130128956623682,0.986784140969163,True
0.12312336266040802,0.1313782991202346,0.986784140969163,True
0.1237468495965004,0.13145539906103287,0.986784140969163,True
0.12445936352014542,0.1315325895478567,0.986784140969163,True
0.12462418526411057,0.13160987074030553,0.986784140969163,True
0.12535406649112701,0.13168724279835392,0.986784140969163,True
0.125791996717453,0.13176470588235295,0.986784140969163,True
0.12589676678180695,0.1318422601530312,0.986784140969163,True
0.12600532174110413,0.13191990577149587,0.986784140969163,True
0.12743879854679108,0.13199764289923394,0.986784140969163,True
0.12759017944335938,0.1320754716981132,0.986784140969163,True
0.12787051498889923,0.13215339233038348,0.986784140969163,True
0.12826456129550934,0.1322314049586777,0.986784140969163,True
0.12865237891674042,0.132309509746013,0.986784140969163,True
0.1289547234773636,0.13238770685579196,0.986784140969163,True
0.12902483344078064,0.13246599645180368,0.986784140969163,True
0.12951970100402832,0.13254437869822486,0.986784140969163,True
0.13060802221298218,0.13262285375962107,0.986784140969163,True
0.13134577870368958,0.13270142180094788,0.986784140969163,True
0.13160476088523865,0.13278008298755187,0.986784140969163,True
0.1317564696073532,0.132858837485172,0.986784140969163,True
0.13198739290237427,0.13293768545994064,0.986784140969163,True
0.13310401141643524,0.1330166270783848,0.986784140969163,True
0.13369125127792358,0.13309566250742721,0.986784140969163,True
0.1337302029132843,0.13317479191438764,0.986784140969163,True
0.1343890130519867,0.13325401546698393,0.986784140969163,True
0.134813591837883,0.13333333333333333,0.986784140969163,True
0.13532893359661102,0.13341274568195355,0.986784140969163,True
0.1358146369457245,0.133492252681764,0.986784140969163,True
0.13701461255550385,0.13357185450208706,0.986784140969163,True
0.13707156479358673,0.13365155131264916,0.986784140969163,True
0.13784846663475037,0.13373134328358208,0.986784140969163,True
0.1392490118741989,0.13381123058542413,0.986784140969163,True
0.1393463909626007,0.13389121338912133,0.986784140969163,True
0.1394924819469452,0.1339712918660287,0.986784140969163,True
0.13957801461219788,0.13405146618791142,0.986784140969163,True
0.1398530900478363,0.1341317365269461,0.986784140969163,True
0.14036300778388977,0.13421210305572198,0.986784140969163,True
0.14062409102916718,0.1342925659472422,0.986784140969163,True
0.14189893007278442,0.13437312537492502,0.986784140969163,True
0.14275231957435608,0.13445378151260504,0.986784140969163,True
0.1432127058506012,0.13453453453453454,0.986784140969163,True
0.14414674043655396,0.1346153846153846,0.986784140969163,True
0.14453379809856415,0.13469633193024655,0.986784140969163,True
0.14467112720012665,0.13477737665463296,0.986784140969163,True
0.14637281000614166,0.13485851896447923,0.986784140969163,True
0.14640222489833832,0.13433734939759037,0.9823788546255506,True
0.1474163681268692,0.13441832429174203,0.9823788546255506,True
0.14754772186279297,0.1344993968636912,0.9823788546255506,True
0.14789584279060364,0.13458056729028364,0.9823788546255506,True
0.14844493567943573,0.13466183574879226,0.9823788546255506,True
0.14910314977169037,0.13474320241691842,0.9823788546255506,True
0.14924024045467377,0.13482466747279323,0.9823788546255506,True
0.14951729774475098,0.13490623109497882,0.9823788546255506,True
0.15048456192016602,0.13498789346246973,0.9823788546255506,True
0.15102322399616241,0.13506965475469412,0.9823788546255506,True
0.15172100067138672,0.13515151515151516,0.9823788546255506,True
0.15229524672031403,0.13523347483323225,0.9823788546255506,True
0.15263162553310394,0.13531553398058252,0.9823788546255506,True
0.15320396423339844,0.13539769277474195,0.9823788546255506,True
0.153604656457901,0.13547995139732685,0.9823788546255506,True
0.15403489768505096,0.13556231003039515,0.9823788546255506,True
0.15459762513637543,0.1356447688564477,0.9823788546255506,True
0.15480943024158478,0.1357273280584297,0.9823788546255506,True
0.15551047027111053,0.13580998781973203,0.9823788546255506,True
0.15620452165603638,0.13589274832419257,0.9823788546255506,True
0.15652646124362946,0.13597560975609757,0.9823788546255506,True
0.15662024915218353,0.13605857230018303,0.9823788546255506,True
0.15666289627552032,0.13614163614163613,0.9823788546255506,True
0.15672169625759125,0.13622480146609653,0.9823788546255506,True
0.15691353380680084,0.1363080684596577,0.9823788546255506,True
0.15713149309158325,0.1363914373088685,0.9823788546255506,True
0.15852990746498108,0.13586291309669524,0.9779735682819384,True
0.15876717865467072,0.1359461114513166,0.9779735682819384,True
0.15900278091430664,0.13602941176470587,0.9779735682819384,True
0.15919668972492218,0.13611281422440222,0.9779735682819384,True
0.16005094349384308,0.1361963190184049,0.9779735682819384,True
0.16019679605960846,0.13627992633517497,0.9779735682819384,True
0.16090020537376404,0.13636363636363635,0.9779735682819384,True
0.16091302037239075,0.13644744929317762,0.9779735682819384,True
0.16259251534938812,0.13653136531365315,0.9779735682819384,True
0.1631612926721573,0.1366153846153846,0.9779735682819384,True
0.1637764424085617,0.13669950738916256,0.9779735682819384,True
0.1647496223449707,0.1367837338262477,0.9779735682819384,True
0.16489584743976593,0.13686806411837238,0.9779735682819384,True
0.1657942831516266,0.13695249845774213,0.9779735682819384,True
0.1659136712551117,0.13703703703703704,0.9779735682819384,True
0.16711536049842834,0.13712168004941322,0.9779735682819384,True
0.16729390621185303,0.13720642768850433,0.9779735682819384,True
0.1673915535211563,0.137291280148423,0.9779735682819384,True
0.16758783161640167,0.1373762376237624,0.9779735682819384,True
0.16785775125026703,0.13746130030959752,0.9779735682819384,True
0.16833633184432983,0.137546468401487,0.9779735682819384,True
0.1684848517179489,0.13763174209547427,0.9779735682819384,True
0.16855362057685852,0.13771712158808933,0.9779735682819384,True
0.16860812902450562,0.1378026070763501,0.9779735682819384,True
0.16862733662128448,0.13788819875776398,0.9779735682819384,True
0.17074085772037506,0.1379738968303294,0.9779735682819384,True
0.1709928959608078,0.13805970149253732,0.9779735682819384,True
0.17101921141147614,0.13814561294337274,0.9779735682819384,True
0.17113259434700012,0.1382316313823163,0.9779735682819384,True
0.17119750380516052,0.1383177570093458,0.9779735682819384,True
0.17124654352664948,0.13840399002493767,0.9779735682819384,True
0.1722993701696396,0.13849033063006863,0.9779735682819384,True
0.1723255068063736,0.13857677902621723,0.9779735682819384,True
0.1723511517047882,0.1386633354153654,0.9779735682819384,True
0.17236773669719696,0.13875,0.9779735682819384,True
0.17271360754966736,0.13883677298311445,0.9779735682819384,True
0.17330056428909302,0.13892365456821026,0.9779735682819384,True
0.17443421483039856,0.13901064495929868,0.9779735682819384,True
0.1753152757883072,0.13909774436090225,0.9779735682819384,True
0.17629247903823853,0.13918495297805641,0.9779735682819384,True
0.17631420493125916,0.13927227101631118,0.9779735682819384,True
0.17657168209552765,0.1393596986817326,0.9779735682819384,True
0.1771068274974823,0.13944723618090452,0.9779735682819384,True
0.1775425672531128,0.13953488372093023,0.9779735682819384,True
0.17826175689697266,0.13962264150943396,0.9779735682819384,True
0.17923849821090698,0.13971050975456262,0.9779735682819384,True
0.17929519712924957,0.13916876574307305,0.973568281938326,True
0.1796427071094513,0.13925645872715817,0.973568281938326,True
0.179671511054039,0.13934426229508196,0.973568281938326,True
0.17969216406345367,0.13943217665615143,0.973568281938326,True
0.17973607778549194,0.13952020202020202,0.973568281938326,True
0.17990893125534058,0.1396083385975995,0.973568281938326,True
0.180082768201828,0.13969658659924147,0.973568281938326,True
0.18017783761024475,0.13978494623655913,0.973568281938326,True
0.18026144802570343,0.13987341772151898,0.973568281938326,True
0.18227697908878326,0.13996200126662445,0.973568281938326,True
0.1828307956457138,0.14005069708491763,0.973568281938326,True
0.18316690623760223,0.140139505389981,0.973568281938326,True
0.18467918038368225,0.14022842639593908,0.973568281938326,True
0.18491590023040771,0.1403174603174603,0.973568281938326,True
0.18547886610031128,0.14040660736975857,0.973568281938326,True
0.18551351130008698,0.14049586776859505,0.973568281938326,True
0.1855449229478836,0.1405852417302799,0.973568281938326,True
0.18609780073165894,0.1406747294716741,0.973568281938326,True
0.18690380454063416,0.14076433121019108,0.973568281938326,True
0.1875898689031601,0.1408540471637986,0.973568281938326,True
0.18917562067508698,0.14094387755102042,0.973568281938326,True
0.18927128612995148,0.1410338225909381,0.973568281938326,True
0.18956494331359863,0.14112388250319285,0.973568281938326,True
0.18979714810848236,0.1412140575079872,0.973568281938326,True
0.19065804779529572,0.14130434782608695,0.973568281938326,True
0.19227999448776245,0.1413947536788228,0.973568281938326,True
0.19295179843902588,0.14148527528809218,0.973568281938326,True
0.19355148077011108,0.14157591287636132,0.973568281938326,True
0.1941208839416504,0.14166666666666666,0.973568281938326,True
0.1948937624692917,0.14175753688261705,0.973568281938326,True
0.19576357305049896,0.14184852374839538,0.973568281938326,True
0.19612380862236023,0.14193962748876043,0.973568281938326,True
0.19715610146522522,0.14203084832904883,0.973568281938326,True
0.19724488258361816,0.14212218649517686,0.973568281938326,True
0.19809319078922272,0.14221364221364222,0.973568281938326,True
0.19927068054676056,0.14230521571152607,0.973568281938326,True
0.20145659148693085,0.14239690721649484,0.973568281938326,True
0.20160940289497375,0.14248871695680207,0.973568281938326,True
0.20186232030391693,0.14258064516129032,0.973568281938326,True
0.20304304361343384,0.14267269205939315,0.973568281938326,True
0.20349808037281036,0.14276485788113696,0.973568281938326,True
0.20370234549045563,0.14285714285714285,0.973568281938326,True
0.20372043550014496,0.1429495472186287,0.973568281938326,True
0.20521126687526703,0.143042071197411,0.973568281938326,True
0.20534217357635498,0.14313471502590674,0.973568281938326,True
0.20543061196804047,0.14322747893713544,0.973568281938326,True
0.20634274184703827,0.14332036316472113,0.973568281938326,True
0.20696327090263367,0.14341336794289422,0.973568281938326,True
0.20719623565673828,0.1435064935064935,0.973568281938326,True
0.20819145441055298,0.14359974009096815,0.973568281938326,True
0.2084057480096817,0.14369310793237972,0.973568281938326,True
0.20853577554225922,0.14378659726740403,0.973568281938326,True
0.20857298374176025,0.14388020833333334,0.973568281938326,True
0.20943109691143036,0.14397394136807817,0.973568281938326,True
0.20989081263542175,0.1440677966101695,0.973568281938326,True
0.21069973707199097,0.1441617742987606,0.973568281938326,True
0.21083834767341614,0.14425587467362924,0.973568281938326,True
0.21151858568191528,0.14435009797517961,0.973568281938326,True
0.2118978202342987,0.14444444444444443,0.973568281938326,True
0.21259042620658875,0.144538914323087,0.973568281938326,True
0.21285775303840637,0.14463350785340315,0.973568281938326,True
0.21310146152973175,0.14472822527832352,0.973568281938326,True
0.2152259647846222,0.14482306684141547,0.973568281938326,True
0.21755966544151306,0.14491803278688525,0.973568281938326,True
0.2177361249923706,0.14501312335958005,0.973568281938326,True
0.21930252015590668,0.14510833880499016,0.973568281938326,True
0.21978971362113953,0.145203679369251,0.973568281938326,True
0.22016462683677673,0.1452991452991453,0.973568281938326,True
0.2202981859445572,0.14539473684210527,0.973568281938326,True
0.22038736939430237,0.14549045424621462,0.973568281938326,True
0.22258710861206055,0.14558629776021081,0.973568281938326,True
0.22275082767009735,0.14568226763348716,0.973568281938326,True
0.22281871736049652,0.145778364116095,0.973568281938326,True
0.22416187822818756,0.14587458745874587,0.973568281938326,True
0.22452564537525177,0.14597093791281374,0.973568281938326,True
0.22650936245918274,0.14606741573033707,0.973568281938326,True
0.22784705460071564,0.14616402116402116,0.973568281938326,True
0.2283506542444229,0.14626075446724024,0.973568281938326,True
0.22908265888690948,0.14635761589403973,0.973568281938326,True
0.2296638786792755,0.1464546056991385,0.973568281938326,True
0.22974510490894318,0.14655172413793102,0.973568281938326,True
0.22992952167987823,0.14664897146648972,0.973568281938326,True
0.22995546460151672,0.14674634794156707,0.973568281938326,True
0.23039117455482483,0.146843853820598,0.973568281938326,True
0.23109330236911774,0.14694148936170212,0.973568281938326,True
0.23197302222251892,0.14703925482368596,0.973568281938326,True
0.23249711096286774,0.14713715046604528,0.973568281938326,True
0.2326786369085312,0.14723517654896737,0.973568281938326,True
0.23352579772472382,0.14733333333333334,0.973568281938326,True
0.23410627245903015,0.14743162108072047,0.973568281938326,True
0.23594912886619568,0.14753004005340453,0.973568281938326,True
0.2364228218793869,0.14762859051436206,0.973568281938326,True
0.23654191195964813,0.14772727272727273,0.973568281938326,True
0.23692144453525543,0.14782608695652175,0.973568281938326,True
0.23720932006835938,0.14792503346720215,0.973568281938326,True
0.2374301701784134,0.1480241125251172,0.973568281938326,True
0.2383231371641159,0.14812332439678283,0.973568281938326,True
0.24037398397922516,0.1482226693494299,0.973568281938326,True
0.24075183272361755,0.1483221476510067,0.973568281938326,True
0.24076884984970093,0.14842175957018133,0.973568281938326,True
0.2407931536436081,0.1485215053763441,0.973568281938326,True
0.24106042087078094,0.14862138533960995,0.973568281938326,True
0.24150289595127106,0.148721399730821,0.973568281938326,True
0.2415291965007782,0.14882154882154883,0.973568281938326,True
0.2436431646347046,0.14892183288409702,0.973568281938326,True
0.24393999576568604,0.1490222521915037,0.973568281938326,True
0.2444526106119156,0.14912280701754385,0.973568281938326,True
0.2454722821712494,0.14922349763673193,0.973568281938326,True
0.24798306822776794,0.14932432432432433,0.973568281938326,True
0.24823756515979767,0.14942528735632185,0.973568281938326,True
0.24855798482894897,0.14952638700947227,0.973568281938326,True
0.24905821681022644,0.14962762356127285,0.973568281938326,True
0.24975046515464783,0.1497289972899729,0.973568281938326,True
0.25085172057151794,0.14983050847457627,0.973568281938326,True
0.25124815106391907,0.14993215739484397,0.973568281938326,True
0.2514471709728241,0.1500339443312967,0.973568281938326,True
0.25206655263900757,0.15013586956521738,0.973568281938326,True
0.2523115277290344,0.150237933378654,0.973568281938326,True
0.2523660361766815,0.15034013605442176,0.973568281938326,True
0.25335583090782166,0.1504424778761062,0.973568281938326,True
0.25353285670280457,0.1505449591280654,0.973568281938326,True
0.25401267409324646,0.15064758009543286,0.973568281938326,True
0.25511661171913147,0.15075034106412005,0.973568281938326,True
0.25524142384529114,0.15085324232081912,0.973568281938326,True
0.2566295564174652,0.15095628415300547,0.973568281938326,True
0.2587342858314514,0.15105946684894053,0.973568281938326,True
0.2610001862049103,0.15047879616963064,0.9691629955947136,True
0.26111671328544617,0.15058179329226556,0.9691629955947136,True
0.2613098919391632,0.1506849315068493,0.9691629955947136,True
0.2619417905807495,0.15078821110349555,0.9691629955947136,True
0.26212793588638306,0.15089163237311384,0.9691629955947136,True
0.2631341516971588,0.15099519560741248,0.9691629955947136,True
0.2631801664829254,0.1510989010989011,0.9691629955947136,True
0.2637295424938202,0.15120274914089346,0.9691629955947136,True
0.26386886835098267,0.15130674002751032,0.9691629955947136,True
0.2642814815044403,0.15141087405368203,0.9691629955947136,True
0.26528334617614746,0.15151515151515152,0.9691629955947136,True
0.26615047454833984,0.15161957270847692,0.9691629955947136,True
0.26693522930145264,0.15172413793103448,0.9691629955947136,True
0.26763617992401123,0.1518288474810214,0.9691629955947136,True
0.26854825019836426,0.15193370165745856,0.9691629955947136,True
0.26943135261535645,0.1520387007601935,0.9691629955947136,True
0.27017050981521606,0.15214384508990317,0.9691629955947136,True
0.2704964578151703,0.1522491349480969,0.9691629955947136,True
0.2707020044326782,0.1523545706371191,0.9691629955947136,True
0.27103063464164734,0.15246015246015246,0.9691629955947136,True
0.2724457085132599,0.15256588072122051,0.9691629955947136,True
0.2727005183696747,0.15267175572519084,0.9691629955947136,True
0.27324578166007996,0.1527777777777778,0.9691629955947136,True
0.27379125356674194,0.15288394718554552,0.9691629955947136,True
0.2739589512348175,0.15299026425591097,0.9691629955947136,True
0.27499401569366455,0.15309672929714682,0.9691629955947136,True
0.2754043638706207,0.1532033426183844,0.9691629955947136,True
0.27549031376838684,0.15331010452961671,0.9691629955947136,True
0.2761786878108978,0.15341701534170155,0.9691629955947136,True
0.2765592932701111,0.15352407536636428,0.9691629955947136,True
0.2771715819835663,0.15363128491620112,0.9691629955947136,True
0.277385950088501,0.15373864430468204,0.9691629955947136,True
0.278453528881073,0.15384615384615385,0.9691629955947136,True
0.27890217304229736,0.15395381385584325,0.9691629955947136,True
0.2789422869682312,0.15406162464985995,0.9691629955947136,True
0.27959775924682617,0.15416958654519972,0.9691629955947136,True
0.2796421945095062,0.15427769985974754,0.9691629955947136,True
0.28064167499542236,0.1543859649122807,0.9691629955947136,True
0.28101322054862976,0.1544943820224719,0.9691629955947136,True
0.28110286593437195,0.15460295151089248,0.9691629955947136,True
0.2819811701774597,0.15471167369901548,0.9691629955947136,True
0.28221988677978516,0.15482054890921887,0.9691629955947136,True
0.28244903683662415,0.15492957746478872,0.9691629955947136,True
0.2830740809440613,0.15503875968992248,0.9691629955947136,True
0.2838854491710663,0.15514809590973203,0.9691629955947136,True
0.28390735387802124,0.155257586450247,0.9691629955947136,True
0.28481143712997437,0.1553672316384181,0.9691629955947136,True
0.28842872381210327,0.15547703180212014,0.9691629955947136,True
0.2889745831489563,0.15558698727015557,0.9691629955947136,True
0.28986266255378723,0.15569709837225762,0.9691629955947136,True
0.29017287492752075,0.1558073654390935,0.9691629955947136,True
0.2901943624019623,0.1559177888022679,0.9691629955947136,True
0.29093584418296814,0.15602836879432624,0.9691629955947136,True
0.29133060574531555,0.15613910574875797,0.9691629955947136,True
0.2919742166996002,0.15625,0.9691629955947136,True
0.29237428307533264,0.15636105188343993,0.9691629955947136,True
0.29263797402381897,0.15647226173541964,0.9691629955947136,True
0.29319360852241516,0.15658362989323843,0.9691629955947136,True
0.2933815121650696,0.15669515669515668,0.9691629955947136,True
0.2939212918281555,0.15680684248039914,0.9691629955947136,True
0.2945030629634857,0.15691868758915833,0.9691629955947136,True
0.29463958740234375,0.15703069236259815,0.9691629955947136,True
0.29464495182037354,0.15714285714285714,0.9691629955947136,True
0.2949759364128113,0.15725518227305219,0.9691629955947136,True
0.2957984507083893,0.15736766809728184,0.9691629955947136,True
0.2960730791091919,0.15748031496062992,0.9691629955947136,True
0.29608476161956787,0.15759312320916904,0.9691629955947136,True
0.2961747944355011,0.15770609318996415,0.9691629955947136,True
0.2964612543582916,0.15781922525107603,0.9691629955947136,True
0.2965770363807678,0.15793251974156497,0.9691629955947136,True
0.2966713607311249,0.15804597701149425,0.9691629955947136,True
0.2974194884300232,0.15815959741193386,0.9691629955947136,True
0.29800155758857727,0.15827338129496402,0.9691629955947136,True
0.2983144521713257,0.1583873290136789,0.9691629955947136,True
0.29969608783721924,0.1585014409221902,0.9691629955947136,True
0.30059337615966797,0.15861571737563085,0.9691629955947136,True
0.3007378876209259,0.15873015873015872,0.9691629955947136,True
0.30079635977745056,0.1588447653429603,0.9691629955947136,True
0.3015182614326477,0.15895953757225434,0.9691629955947136,True
0.3021962344646454,0.15907447577729572,0.9691629955947136,True
0.30283278226852417,0.15918958031837915,0.9691629955947136,True
0.302842378616333,0.15930485155684287,0.9691629955947136,True
0.30319371819496155,0.15942028985507245,0.9691629955947136,True
0.30392971634864807,0.15881073241479332,0.9647577092511013,True
0.3041004538536072,0.15892597968069666,0.9647577092511013,True
0.3043626844882965,0.15904139433551198,0.9647577092511013,True
0.30488479137420654,0.15915697674418605,0.9647577092511013,True
0.30502963066101074,0.15927272727272726,0.9647577092511013,True
0.30511659383773804,0.15938864628820962,0.9647577092511013,True
0.3052438795566559,0.1595047341587764,0.9647577092511013,True
0.3053930401802063,0.15962099125364432,0.9647577092511013,True
0.30539610981941223,0.15973741794310722,0.9647577092511013,True
0.30543044209480286,0.1591240875912409,0.960352422907489,True
0.30573058128356934,0.15924032140248356,0.960352422907489,True
0.3057307302951813,0.15935672514619884,0.960352422907489,True
0.3061777949333191,0.15947329919531822,0.960352422907489,True
0.3065662384033203,0.1595900439238653,0.960352422907489,True
0.30668333172798157,0.1597069597069597,0.960352422907489,True
0.30709636211395264,0.1598240469208211,0.960352422907489,True
0.30745893716812134,0.15994130594277328,0.960352422907489,True
0.30817312002182007,0.16005873715124816,0.960352422907489,True
0.30834347009658813,0.16017634092578986,0.960352422907489,True
0.3094438910484314,0.16029411764705884,0.960352422907489,True
0.31006479263305664,0.1604120676968359,0.960352422907489,True
0.3105299770832062,0.16053019145802652,0.960352422907489,True
0.31178832054138184,0.1606484893146647,0.960352422907489,True
0.3124483823776245,0.1607669616519174,0.960352422907489,True
0.3132070302963257,0.16088560885608857,0.960352422907489,True
0.3132639229297638,0.16100443131462333,0.960352422907489,True
0.3135112226009369,0.16112342941611235,0.960352422907489,True
0.31352096796035767,0.16124260355029585,0.960352422907489,True
0.31374672055244446,0.16136195410806808,0.960352422907489,True
0.31396883726119995,0.16148148148148148,0.960352422907489,True
0.31402766704559326,0.16160118606375093,0.960352422907489,True
0.3146413564682007,0.16172106824925817,0.960352422907489,True
0.31538110971450806,0.16184112843355605,0.960352422907489,True
0.31555262207984924,0.16196136701337296,0.960352422907489,True
0.31582921743392944,0.1620817843866171,0.960352422907489,True
0.3163329064846039,0.16220238095238096,0.960352422907489,True
0.31640759110450745,0.16232315711094564,0.960352422907489,True
0.31684282422065735,0.16244411326378538,0.960352422907489,True
0.3170219659805298,0.16256524981357195,0.960352422907489,True
0.31757932901382446,0.1626865671641791,0.960352422907489,True
0.31772005558013916,0.16280806572068707,0.960352422907489,True
0.31780925393104553,0.16292974588938713,0.960352422907489,True
0.31827807426452637,0.1630516080777861,0.960352422907489,True
0.3183263838291168,0.1631736526946108,0.960352422907489,True
0.3183646500110626,0.16329588014981272,0.960352422907489,True
0.3188381493091583,0.1634182908545727,0.960352422907489,True
0.3189791440963745,0.16354088522130533,0.960352422907489,True
0.3190319538116455,0.16366366366366367,0.960352422907489,True
0.3191274106502533,0.16378662659654394,0.960352422907489,True
0.31925493478775024,0.16390977443609023,0.960352422907489,True
0.31950125098228455,0.16403310759969902,0.960352422907489,True
0.3198036253452301,0.16415662650602408,0.960352422907489,True
0.31987348198890686,0.16428033157498115,0.960352422907489,True
0.32031869888305664,0.16440422322775264,0.960352422907489,True
0.3206080198287964,0.16452830188679246,0.960352422907489,True
0.32078713178634644,0.1646525679758308,0.960352422907489,True
0.3208691477775574,0.16477702191987906,0.960352422907489,True
0.32115647196769714,0.1649016641452345,0.960352422907489,True
0.32142776250839233,0.16502649507948525,0.960352422907489,True
0.32178181409835815,0.16515151515151516,0.960352422907489,True
0.3223634958267212,0.1652767247915087,0.960352422907489,True
0.32253125309944153,0.165402124430956,0.960352422907489,True
0.3228771388530731,0.16552771450265755,0.960352422907489,True
0.3230683207511902,0.16489361702127658,0.9559471365638766,True
0.3232327103614807,0.1650190114068441,0.9559471365638766,True
0.32351088523864746,0.16514459665144596,0.9559471365638766,True
0.32369446754455566,0.16527037319116528,0.9559471365638766,True
0.32386571168899536,0.16539634146341464,0.9559471365638766,True
0.3242386281490326,0.16552250190694126,0.9559471365638766,True
0.3246171474456787,0.16564885496183207,0.9559471365638766,True
0.3246341347694397,0.1657754010695187,0.9559471365638766,True
0.32480546832084656,0.1659021406727829,0.9559471365638766,True
0.32485416531562805,0.1660290742157613,0.9559471365638766,True
0.32493603229522705,0.166156202143951,0.9559471365638766,True
0.3259034752845764,0.16628352490421455,0.9559471365638766,True
0.3259231448173523,0.1664110429447853,0.9559471365638766,True
0.3260640501976013,0.16653875671527243,0.9559471365638766,True
0.32620012760162354,0.16666666666666666,0.9559471365638766,True
0.32633891701698303,0.16679477325134512,0.9559471365638766,True
0.326353520154953,0.16692307692307692,0.9559471365638766,True
0.32647085189819336,0.16705157813702848,0.9559471365638766,True
0.3265523612499237,0.16718027734976887,0.9559471365638766,True
0.32678812742233276,0.16730917501927525,0.9559471365638766,True
0.3267957270145416,0.16743827160493827,0.9559471365638766,True
0.327221542596817,0.16756756756756758,0.9559471365638766,True
0.32746249437332153,0.16769706336939721,0.9559471365638766,True
0.3274845480918884,0.16782675947409126,0.9559471365638766,True
0.32770681381225586,0.16795665634674922,0.9559471365638766,True
0.3278023898601532,0.1680867544539117,0.9559471365638766,True
0.3282327651977539,0.1682170542635659,0.9559471365638766,True
0.32837003469467163,0.16834755624515127,0.9559471365638766,True
0.3287583291530609,0.16847826086956522,0.9559471365638766,True
0.32882097363471985,0.1686091686091686,0.9559471365638766,True
0.32906490564346313,0.16874027993779162,0.9559471365638766,True
0.32918840646743774,0.1688715953307393,0.9559471365638766,True
0.3297386169433594,0.1690031152647975,0.9559471365638766,True
0.32998549938201904,0.1691348402182385,0.9559471365638766,True
0.330210417509079,0.16926677067082682,0.9559471365638766,True
0.330332487821579,0.16939890710382513,0.9559471365638766,True
0.33049437403678894,0.16953125,0.9559471365638766,True
0.33052727580070496,0.16966379984362784,0.9559471365638766,True
0.3311914801597595,0.1697965571205008,0.9559471365638766,True
0.3313775658607483,0.16914643696162882,0.9515418502202643,True
0.3314998745918274,0.16927899686520376,0.9515418502202643,True
0.3317452669143677,0.16941176470588235,0.9515418502202643,True
0.33205100893974304,0.1695447409733124,0.9515418502202643,True
0.332393079996109,0.16967792615868027,0.9515418502202643,True
0.3328661024570465,0.16981132075471697,0.9515418502202643,True
0.3330206274986267,0.16994492525570418,0.9515418502202643,True
0.33312463760375977,0.1700787401574803,0.9515418502202643,True
0.33363398909568787,0.1702127659574468,0.9515418502202643,True
0.3343338668346405,0.17034700315457413,0.9515418502202643,True
0.3348088562488556,0.17048145224940806,0.9515418502202643,True
0.33569881319999695,0.17061611374407584,0.9515418502202643,True
0.33622074127197266,0.1707509881422925,0.9515418502202643,True
0.33657729625701904,0.17088607594936708,0.9515418502202643,True
0.336635947227478,0.171021377672209,0.9515418502202643,True
0.3366442322731018,0.17115689381933438,0.9515418502202643,True
0.33667054772377014,0.17129262490087233,0.9515418502202643,True
0.33701789379119873,0.17142857142857143,0.9515418502202643,True
0.33717477321624756,0.1715647339158062,0.9515418502202643,True
0.3372705578804016,0.17170111287758347,0.9515418502202643,True
0.3376149535179138,0.1718377088305489,0.9515418502202643,True
0.3377849757671356,0.17197452229299362,0.9515418502202643,True
0.337980717420578,0.17211155378486057,0.9515418502202643,True
0.33824774622917175,0.1722488038277512,0.9515418502202643,True
0.3382496237754822,0.17238627294493217,0.9515418502202643,True
0.3383027911186218,0.17252396166134185,0.9515418502202643,True
0.3384888768196106,0.1718625099920064,0.947136563876652,True
0.3392944037914276,0.172,0.947136563876652,True
0.3405080735683441,0.1721377101681345,0.947136563876652,True
0.3406207263469696,0.17227564102564102,0.947136563876652,True
0.34158584475517273,0.1724137931034483,0.947136563876652,True
0.34168338775634766,0.1725521669341894,0.947136563876652,True
0.34177616238594055,0.17269076305220885,0.947136563876652,True
0.3418373167514801,0.1720257234726688,0.9427312775330396,True
0.3420935273170471,0.17216411906677392,0.9427312775330396,True
0.34211644530296326,0.1723027375201288,0.9427312775330396,True
0.3421381115913391,0.1724415793714746,0.9427312775330396,True
0.3430445194244385,0.17258064516129032,0.9427312775330396,True
0.3431127965450287,0.17271993543179984,0.9427312775330396,True
0.3433520197868347,0.172859450726979,0.9427312775330396,True
0.34339526295661926,0.17299919159256266,0.9427312775330396,True
0.3445199131965637,0.17313915857605178,0.9427312775330396,True
0.34494301676750183,0.17327935222672064,0.9427312775330396,True
0.34514856338500977,0.17341977309562398,0.9427312775330396,True
0.34534522891044617,0.1735604217356042,0.9427312775330396,True
0.345576673746109,0.1737012987012987,0.9427312775330396,True
0.34586769342422485,0.17384240454914704,0.9427312775330396,True
0.3460262715816498,0.17398373983739837,0.9427312775330396,True
0.346721887588501,0.1741253051261188,0.9427312775330396,True
0.34716978669166565,0.1742671009771987,0.9427312775330396,True
0.3478873670101166,0.17440912795436023,0.9427312775330396,True
0.34794414043426514,0.17455138662316477,0.9427312775330396,True
0.34800902009010315,0.17469387755102042,0.9427312775330396,True
0.34802746772766113,0.17483660130718953,0.9427312775330396,True
0.34822267293930054,0.1749795584627964,0.9427312775330396,True
0.34867390990257263,0.1751227495908347,0.9427312775330396,True
0.34881100058555603,0.17526617526617527,0.9427312775330396,True
0.34915584325790405,0.17540983606557378,0.9427312775330396,True
0.349393367767334,0.17555373256767842,0.9427312775330396,True
0.3495638072490692,0.17569786535303777,0.9427312775330396,True
0.3497487008571625,0.17584223500410848,0.9427312775330396,True
0.35002487897872925,0.17598684210526316,0.9427312775330396,True
0.3502371609210968,0.17613168724279835,0.9427312775330396,True
0.35078465938568115,0.17627677100494235,0.9427312775330396,True
0.35104402899742126,0.17642209398186315,0.9427312775330396,True
0.35120442509651184,0.17656765676567657,0.9427312775330396,True
0.35141220688819885,0.17671345995045418,0.9427312775330396,True
0.3517293930053711,0.1768595041322314,0.9427312775330396,True
0.35177382826805115,0.17700578990901572,0.9427312775330396,True
0.35177668929100037,0.1771523178807947,0.9427312775330396,True
0.3518035113811493,0.17729908864954433,0.9427312775330396,True
0.35249829292297363,0.17661691542288557,0.9383259911894273,True
0.35294121503829956,0.17676348547717843,0.9383259911894273,True
0.3530316948890686,0.17691029900332225,0.9383259911894273,True
0.3531591594219208,0.1770573566084788,0.9383259911894273,True
0.3532381057739258,0.1772046589018303,0.9383259911894273,True
0.3533351719379425,0.17735220649458786,0.9383259911894273,True
0.3533473312854767,0.1775,0.9383259911894273,True
0.3536740839481354,0.17764804003336113,0.9383259911894273,True
0.3538771867752075,0.17779632721202004,0.9383259911894273,True
0.3546106219291687,0.17794486215538846,0.9383259911894273,True
0.3546163737773895,0.17809364548494983,0.9383259911894273,True
0.3548484444618225,0.17824267782426778,0.9383259911894273,True
0.35524970293045044,0.17839195979899497,0.9383259911894273,True
0.3553341031074524,0.1785414920368818,0.9383259911894273,True
0.35545051097869873,0.17869127516778524,0.9383259911894273,True
0.35555359721183777,0.17884130982367757,0.9383259911894273,True
0.35557299852371216,0.1781512605042017,0.933920704845815,True
0.35575082898139954,0.17830109335576114,0.933920704845815,True
0.3560919463634491,0.17845117845117844,0.933920704845815,True
0.3566434681415558,0.17860151642796968,0.933920704845815,True
0.356906533241272,0.178752107925801,0.933920704845815,True
0.3571235239505768,0.17890295358649788,0.933920704845815,True
0.35764405131340027,0.17905405405405406,0.933920704845815,True
0.3579196631908417,0.17920540997464074,0.933920704845815,True
0.35809525847435,0.1793570219966159,0.933920704845815,True
0.3585464060306549,0.17950889077053345,0.933920704845815,True
0.3587277829647064,0.17966101694915254,0.933920704845815,True
0.35874143242836,0.179813401187447,0.933920704845815,True
0.3587896525859833,0.1799660441426146,0.933920704845815,True
0.3589124083518982,0.18011894647408666,0.933920704845815,True
0.3598245084285736,0.18027210884353742,0.933920704845815,True
0.36074161529541016,0.1804255319148936,0.933920704845815,True
0.36121809482574463,0.18057921635434412,0.933920704845815,True
0.3612362742424011,0.18073316283034954,0.933920704845815,True
0.3619217872619629,0.18088737201365188,0.933920704845815,True
0.3619741201400757,0.18104184457728437,0.933920704845815,True
0.3626243770122528,0.1811965811965812,0.933920704845815,True
0.3631612956523895,0.18135158254918735,0.933920704845815,True
0.36321842670440674,0.1815068493150685,0.933920704845815,True
0.36324355006217957,0.181662382176521,0.933920704845815,True
0.363281786441803,0.18181818181818182,0.933920704845815,True
0.36358484625816345,0.18197424892703862,0.933920704845815,True
0.36450812220573425,0.18213058419243985,0.933920704845815,True
0.364759624004364,0.1822871883061049,0.933920704845815,True
0.36513474583625793,0.18244406196213425,0.933920704845815,True
0.3653283417224884,0.1826012058570198,0.933920704845815,True
0.3654504120349884,0.18275862068965518,0.933920704845815,True
0.36614274978637695,0.182916307161346,0.933920704845815,True
0.366167277097702,0.18307426597582038,0.933920704845815,True
0.36630919575691223,0.18323249783923942,0.933920704845815,True
0.3671283423900604,0.18339100346020762,0.933920704845815,True
0.36778542399406433,0.18354978354978355,0.933920704845815,True
0.36783984303474426,0.18370883882149047,0.933920704845815,True
0.36837297677993774,0.18386816999132696,0.933920704845815,True
0.3689311742782593,0.1840277777777778,0.933920704845815,True
0.36950841546058655,0.1841876629018245,0.933920704845815,True
0.36995023488998413,0.18347826086956523,0.9295154185022027,True
0.3706686794757843,0.1836379460400348,0.9295154185022027,True
0.37087830901145935,0.1837979094076655,0.9295154185022027,True
0.37111371755599976,0.1839581517000872,0.9295154185022027,True
0.371280312538147,0.18411867364746945,0.9295154185022027,True
0.37136319279670715,0.18427947598253275,0.9295154185022027,True
0.3714136481285095,0.18444055944055945,0.9295154185022027,True
0.3715773820877075,0.18460192475940507,0.9295154185022027,True
0.3715955317020416,0.18476357267950963,0.9295154185022027,True
0.3719922602176666,0.18492550394390886,0.9295154185022027,True
0.3722092807292938,0.1850877192982456,0.9295154185022027,True
0.37247923016548157,0.18525021949078138,0.9295154185022027,True
0.37300753593444824,0.18541300527240773,0.9295154185022027,True
0.3735651969909668,0.18557607739665788,0.9295154185022027,True
0.37357044219970703,0.1857394366197183,0.9295154185022027,True
0.37362030148506165,0.18590308370044054,0.9295154185022027,True
0.3736579716205597,0.18606701940035272,0.9295154185022027,True
0.37369516491889954,0.18623124448367168,0.9295154185022027,True
0.37380385398864746,0.18639575971731448,0.9295154185022027,True
0.37397435307502747,0.1865605658709107,0.9295154185022027,True
0.37406280636787415,0.18672566371681415,0.9295154185022027,True
0.3743208050727844,0.18689105403011513,0.9295154185022027,True
0.3750753104686737,0.1870567375886525,0.9295154185022027,True
0.37512460350990295,0.18722271517302574,0.9295154185022027,True
0.3752070665359497,0.18738898756660746,0.9295154185022027,True
0.3752073347568512,0.18755555555555556,0.9295154185022027,True
0.37540051341056824,0.18772241992882563,0.9295154185022027,True
0.37552574276924133,0.18699910952804988,0.9251101321585903,True
0.3756161332130432,0.18716577540106952,0.9251101321585903,True
0.37571582198143005,0.1873327386262266,0.9251101321585903,True
0.3757712244987488,0.1875,0.9251101321585903,True
0.3758620619773865,0.1876675603217158,0.9251101321585903,True
0.37590786814689636,0.18694096601073346,0.920704845814978,True
0.37606140971183777,0.18710832587287377,0.920704845814978,True
0.3761644959449768,0.18727598566308243,0.920704845814978,True
0.3762913644313812,0.18744394618834082,0.920704845814978,True
0.3765347898006439,0.18761220825852784,0.920704845814978,True
0.37711361050605774,0.18778077268643306,0.920704845814978,True
0.37780147790908813,0.18794964028776978,0.920704845814978,True
0.3778577446937561,0.18811881188118812,0.920704845814978,True
0.3781508207321167,0.1873873873873874,0.9162995594713657,True
0.37816253304481506,0.18755635707844906,0.9162995594713657,True
0.37816816568374634,0.18772563176895307,0.9162995594713657,True
0.37869471311569214,0.1878952122854562,0.9162995594713657,True
0.37882065773010254,0.18806509945750452,0.9162995594713657,True
0.3793725073337555,0.18823529411764706,0.9162995594713657,True
0.3794795572757721,0.18840579710144928,0.9162995594713657,True
0.380084365606308,0.1885766092475068,0.9162995594713657,True
0.38054582476615906,0.18874773139745918,0.9162995594713657,True
0.38068634271621704,0.18891916439600362,0.9162995594713657,True
0.3806971311569214,0.1890909090909091,0.9162995594713657,True
0.38194742798805237,0.18926296633303002,0.9162995594713657,True
0.38226476311683655,0.1894353369763206,0.9162995594713657,True
0.3822805881500244,0.18960802187784867,0.9162995594713657,True
0.38244011998176575,0.1897810218978102,0.9162995594713657,True
0.3826904296875,0.18995433789954339,0.9162995594713657,True
0.3828376829624176,0.19012797074954296,0.9162995594713657,True
0.3829190135002136,0.19030192131747484,0.9162995594713657,True
0.3837534487247467,0.19047619047619047,0.9162995594713657,True
0.38379669189453125,0.19065077910174152,0.9162995594713657,True
0.38405612111091614,0.1908256880733945,0.9162995594713657,True
0.3840638995170593,0.19100091827364554,0.9162995594713657,True
0.38429129123687744,0.19117647058823528,0.9162995594713657,True
0.3853342831134796,0.19135234590616376,0.9162995594713657,True
0.3853854238986969,0.19152854511970535,0.9162995594713657,True
0.38605937361717224,0.19170506912442398,0.9162995594713657,True
0.3863195478916168,0.1918819188191882,0.9162995594713657,True
0.3865331709384918,0.19205909510618652,0.9162995594713657,True
0.38654014468193054,0.1922365988909427,0.9162995594713657,True
0.3868434429168701,0.19241443108233117,0.9162995594713657,True
0.3871718943119049,0.1925925925925926,0.9162995594713657,True
0.3878181576728821,0.1927710843373494,0.9162995594713657,True
0.38793832063674927,0.19202226345083487,0.9118942731277533,True
0.3879415690898895,0.19220055710306408,0.9118942731277533,True
0.3879978060722351,0.19237918215613384,0.9118942731277533,True
0.3880513906478882,0.1925581395348837,0.9118942731277533,True
0.38853681087493896,0.19273743016759776,0.9118942731277533,True
0.38907918334007263,0.1929170549860205,0.9118942731277533,True
0.3893984854221344,0.19309701492537312,0.9118942731277533,True
0.38941633701324463,0.19327731092436976,0.9118942731277533,True
0.38947126269340515,0.19345794392523363,0.9118942731277533,True
0.38989922404289246,0.19363891487371376,0.9118942731277533,True
0.39007365703582764,0.19382022471910113,0.9118942731277533,True
0.3904591500759125,0.19400187441424555,0.9118942731277533,True
0.3905527889728546,0.19418386491557224,0.9118942731277533,True
0.39087554812431335,0.19436619718309858,0.9118942731277533,True
0.3909803628921509,0.19454887218045114,0.9118942731277533,True
0.3912217617034912,0.1947318908748824,0.9118942731277533,True
0.3913617730140686,0.19491525423728814,0.9118942731277533,True
0.3923027813434601,0.1950989632422243,0.9118942731277533,True
0.3926275074481964,0.19528301886792454,0.9118942731277533,True
0.3926967680454254,0.1954674220963173,0.9118942731277533,True
0.39281609654426575,0.1956521739130435,0.9118942731277533,True
0.393025666475296,0.195837275307474,0.9118942731277533,True
0.39335840940475464,0.19602272727272727,0.9118942731277533,True
0.39390406012535095,0.1962085308056872,0.9118942731277533,True
0.39408954977989197,0.19639468690702086,0.9118942731277533,True
0.39410021901130676,0.19658119658119658,0.9118942731277533,True
0.39412498474121094,0.1967680608365019,0.9118942731277533,True
0.3942781090736389,0.19695528068506185,0.9118942731277533,True
0.39436063170433044,0.19714285714285715,0.9118942731277533,True
0.39446428418159485,0.19733079122974262,0.9118942731277533,True
0.3947727680206299,0.19751908396946566,0.9118942731277533,True
0.3948031961917877,0.1977077363896848,0.9118942731277533,True
0.3948197066783905,0.19694072657743786,0.9074889867841409,True
0.39492425322532654,0.19712918660287082,0.9074889867841409,True
0.39493033289909363,0.19731800766283525,0.9074889867841409,True
0.39500299096107483,0.1965484180249281,0.9030837004405287,True
0.39508676528930664,0.1967370441458733,0.9030837004405287,True
0.3953072726726532,0.19692603266090297,0.9030837004405287,True
0.3953137993812561,0.19615384615384615,0.8986784140969163,False
0.3953423798084259,0.19634263715110684,0.8986784140969163,False
0.3961067497730255,0.19653179190751446,0.8986784140969163,False
0.39615604281425476,0.19672131147540983,0.8986784140969163,False
0.39664241671562195,0.1969111969111969,0.8986784140969163,False
0.39671051502227783,0.19710144927536233,0.8986784140969163,False
0.3967924118041992,0.19729206963249515,0.8986784140969163,False
0.3969919681549072,0.19748305905130686,0.8986784140969163,False
0.39732930064201355,0.19767441860465115,0.8986784140969163,False
0.3976014256477356,0.19786614936954414,0.8986784140969163,False
0.3978441059589386,0.19805825242718447,0.8986784140969163,False
0.39863064885139465,0.19825072886297376,0.8986784140969163,False
0.3986396789550781,0.19844357976653695,0.8986784140969163,False
0.3987627625465393,0.19863680623174293,0.8986784140969163,False
0.3988514244556427,0.19883040935672514,0.8986784140969163,False
0.39887693524360657,0.19902439024390245,0.8986784140969163,False
0.3991125226020813,0.19921875,0.8986784140969163,False
0.3992500901222229,0.19941348973607037,0.8986784140969163,False
0.39942467212677,0.19863013698630136,0.8942731277533039,False
0.39947596192359924,0.19882468168462292,0.8942731277533039,False
0.39948445558547974,0.1980392156862745,0.8898678414096917,False
0.3996392488479614,0.19823356231599606,0.8898678414096917,False
0.4001350402832031,0.19842829076620824,0.8898678414096917,False
0.40017014741897583,0.19862340216322516,0.8898678414096917,False
0.40019476413726807,0.19881889763779528,0.8898678414096917,False
0.400285542011261,0.19901477832512315,0.8898678414096917,False
0.40032878518104553,0.1992110453648915,0.8898678414096917,False
0.400536447763443,0.19940769990128332,0.8898678414096917,False
0.4009073078632355,0.19960474308300397,0.8898678414096917,False
0.4013151228427887,0.19980217606330367,0.8898678414096917,False
0.401562362909317,0.2,0.8898678414096917,False
0.40172943472862244,0.2001982160555005,0.8898678414096917,False
0.4019499719142914,0.2003968253968254,0.8898678414096917,False
0.40200862288475037,0.2005958291956306,0.8898678414096917,False
0.4020366966724396,0.20079522862823063,0.8898678414096917,False
0.4021003842353821,0.2009950248756219,0.8898678414096917,False
0.40213972330093384,0.20119521912350596,0.8898678414096917,False
0.4021609425544739,0.20139581256231306,0.8898678414096917,False
0.40237173438072205,0.20159680638722555,0.8898678414096917,False
0.40249836444854736,0.2017982017982018,0.8898678414096917,False
0.4025115668773651,0.202,0.8898678414096917,False
0.4031851589679718,0.2012012012012012,0.8854625550660793,False
0.4031902551651001,0.20140280561122245,0.8854625550660793,False
0.40338024497032166,0.20060180541624875,0.8810572687224669,False
0.40338727831840515,0.20080321285140562,0.8810572687224669,False
0.4035780727863312,0.20100502512562815,0.8810572687224669,False
0.4036279618740082,0.20020120724346077,0.8766519823788547,False
0.4037228524684906,0.19939577039274925,0.8722466960352423,False
0.4043163061141968,0.19959677419354838,0.8722466960352423,False
0.4043521583080292,0.19979818365287588,0.8722466960352423,False
0.4050183594226837,0.2,0.8722466960352423,False
0.40515467524528503,0.20020222446916078,0.8722466960352423,False
0.4053489863872528,0.20040485829959515,0.8722466960352423,False
0.40553051233291626,0.2006079027355623,0.8722466960352423,False
0.4058280289173126,0.20081135902636918,0.8722466960352423,False
0.40586113929748535,0.20101522842639594,0.8722466960352423,False
0.40633031725883484,0.20121951219512196,0.8722466960352423,False
0.4064110517501831,0.20142421159715157,0.8722466960352423,False
0.4065832197666168,0.20162932790224034,0.8722466960352423,False
0.40674886107444763,0.2018348623853211,0.8722466960352423,False
0.4067722260951996,0.2010204081632653,0.8678414096916299,False
0.4074874818325043,0.20122574055158324,0.8678414096916299,False
0.4074953496456146,0.20143149284253578,0.8678414096916299,False
0.4078994393348694,0.2016376663254862,0.8678414096916299,False
0.4081926643848419,0.20184426229508196,0.8678414096916299,False
0.40865182876586914,0.20205128205128206,0.8678414096916299,False
0.408836305141449,0.20225872689938398,0.8678414096916299,False
0.4093013405799866,0.20246659815005139,0.8678414096916299,False
0.40994203090667725,0.20267489711934156,0.8678414096916299,False
0.4100636839866638,0.20288362512873326,0.8678414096916299,False
0.41035032272338867,0.20309278350515464,0.8678414096916299,False
0.4103909432888031,0.20330237358101136,0.8678414096916299,False
0.41064897179603577,0.20351239669421486,0.8678414096916299,False
0.4107961356639862,0.20372285418821096,0.8678414096916299,False
0.4109167456626892,0.2039337474120083,0.8678414096916299,False
0.41095131635665894,0.20310880829015543,0.8634361233480177,False
0.41108807921409607,0.2033195020746888,0.8634361233480177,False
0.4111761450767517,0.2035306334371755,0.8634361233480177,False
0.41131773591041565,0.20374220374220375,0.8634361233480177,False
0.4117129445075989,0.20291363163371487,0.8590308370044053,False
0.41174742579460144,0.203125,0.8590308370044053,False
0.41191065311431885,0.20333680917622524,0.8590308370044053,False
0.41313982009887695,0.2035490605427975,0.8590308370044053,False
0.41335833072662354,0.20376175548589343,0.8590308370044053,False
0.41340968012809753,0.20397489539748953,0.8590308370044053,False
0.4135507643222809,0.20418848167539266,0.8590308370044053,False
0.41372495889663696,0.20335429769392033,0.8546255506607929,False
0.4143095016479492,0.20356768100734524,0.8546255506607929,False
0.41474831104278564,0.20378151260504201,0.8546255506607929,False
0.414887398481369,0.20399579390115669,0.8546255506607929,False
0.4150702953338623,0.20421052631578948,0.8546255506607929,False
0.4153028726577759,0.20442571127502634,0.8546255506607929,False
0.4154283404350281,0.20464135021097046,0.8546255506607929,False
0.4154353141784668,0.20485744456177402,0.8546255506607929,False
0.41565531492233276,0.20507399577167018,0.8546255506607929,False
0.4159834086894989,0.2052910052910053,0.8546255506607929,False
0.4160270392894745,0.2055084745762712,0.8546255506607929,False
0.41659682989120483,0.20572640509013787,0.8546255506607929,False
0.4166000783443451,0.2059447983014862,0.8546255506607929,False
0.4166845381259918,0.206163655685441,0.8546255506607929,False
0.41686195135116577,0.2053191489361702,0.8502202643171806,False
0.41695210337638855,0.2055378061767838,0.8502202643171806,False
0.41715943813323975,0.20575692963752665,0.8502202643171806,False
0.41723939776420593,0.20597652081109924,0.8502202643171806,False
0.4178192615509033,0.20619658119658119,0.8502202643171806,False
0.4180586636066437,0.20641711229946524,0.8502202643171806,False
0.41812604665756226,0.20556745182012848,0.8458149779735683,False
0.41826707124710083,0.2057877813504823,0.8458149779735683,False
0.41836315393447876,0.20600858369098712,0.8458149779735683,False
0.4185071587562561,0.20622986036519872,0.8458149779735683,False
0.41873013973236084,0.2064516129032258,0.8458149779735683,False
0.4190162420272827,0.20667384284176535,0.8458149779735683,False
0.41906940937042236,0.20689655172413793,0.8458149779735683,False
0.4192764163017273,0.20711974110032363,0.8458149779735683,False
0.41930243372917175,0.20734341252699784,0.8458149779735683,False
0.41937020421028137,0.20756756756756756,0.8458149779735683,False
0.4196673631668091,0.2077922077922078,0.8458149779735683,False
0.41972148418426514,0.20801733477789816,0.8458149779735683,False
0.41976287961006165,0.20824295010845986,0.8458149779735683,False
0.41995567083358765,0.20846905537459284,0.8458149779735683,False
0.42033031582832336,0.20869565217391303,0.8458149779735683,False
0.4205910265445709,0.2089227421109902,0.8458149779735683,False
0.42087507247924805,0.20915032679738563,0.8458149779735683,False
0.4209505617618561,0.2093784078516903,0.8458149779735683,False
0.4210159182548523,0.2096069868995633,0.8458149779735683,False
0.4210399091243744,0.2098360655737705,0.8458149779735683,False
0.42108991742134094,0.2100656455142232,0.8458149779735683,False
0.42109447717666626,0.21029572836801752,0.8458149779735683,False
0.4215645492076874,0.21052631578947367,0.8458149779735683,False
0.42180830240249634,0.20965971459934138,0.8414096916299559,False
0.42192453145980835,0.2098901098901099,0.8414096916299559,False
0.4219764471054077,0.21012101210121012,0.8414096916299559,False
0.4220854640007019,0.21035242290748898,0.8414096916299559,False
0.4222368001937866,0.20948180815876516,0.8370044052863436,False
0.42236092686653137,0.2097130242825607,0.8370044052863436,False
0.4226556718349457,0.20994475138121546,0.8370044052863436,False
0.4226594567298889,0.21017699115044247,0.8370044052863436,False
0.4227088391780853,0.21040974529346623,0.8370044052863436,False
0.4227748513221741,0.2106430155210643,0.8370044052863436,False
0.4227825701236725,0.21087680355160932,0.8370044052863436,False
0.4229753017425537,0.2111111111111111,0.8370044052863436,False
0.4230084717273712,0.21134593993325917,0.8370044052863436,False
0.42302724719047546,0.21158129175946547,0.8370044052863436,False
0.4230721890926361,0.21181716833890746,0.8370044052863436,False
0.4233907461166382,0.21205357142857142,0.8370044052863436,False
0.4237060546875,0.2122905027932961,0.8370044052863436,False
0.4242348074913025,0.21252796420581654,0.8370044052863436,False
0.42436733841896057,0.2116461366181411,0.8325991189427313,False
0.4248586893081665,0.21076233183856502,0.8281938325991189,False
0.4249327778816223,0.21099887766554434,0.8281938325991189,False
0.42499130964279175,0.21123595505617979,0.8281938325991189,False
0.42583078145980835,0.21147356580427445,0.8281938325991189,False
0.4259215295314789,0.21171171171171171,0.8281938325991189,False
0.42640799283981323,0.21195039458850057,0.8281938325991189,False
0.42642250657081604,0.2110609480812641,0.8237885462555066,False
0.42665591835975647,0.21129943502824858,0.8237885462555066,False
0.4267892837524414,0.21040723981900453,0.8193832599118943,False
0.42685312032699585,0.21064552661381652,0.8193832599118943,False
0.42701825499534607,0.2108843537414966,0.8193832599118943,False
0.4272828698158264,0.21112372304199772,0.8193832599118943,False
0.4274546802043915,0.21136363636363636,0.8193832599118943,False
0.42757901549339294,0.21160409556313994,0.8193832599118943,False
0.4282655119895935,0.21184510250569477,0.8193832599118943,False
0.42865562438964844,0.2120866590649943,0.8193832599118943,False
0.4293765723705292,0.21118721461187215,0.8149779735682819,False
0.429810494184494,0.21142857142857144,0.8149779735682819,False
0.4301014840602875,0.2116704805491991,0.8149779735682819,False
0.4304315447807312,0.21191294387170675,0.8149779735682819,False
0.4305390417575836,0.2121559633027523,0.8149779735682819,False
0.43069177865982056,0.21239954075774972,0.8149779735682819,False
0.43076401948928833,0.21264367816091953,0.8149779735682819,False
0.4310001730918884,0.21288837744533948,0.8149779735682819,False
0.4312160313129425,0.2119815668202765,0.8105726872246696,False
0.4312232732772827,0.2122260668973472,0.8105726872246696,False
0.43124762177467346,0.2113163972286374,0.8061674008810573,False
0.43128061294555664,0.21040462427745665,0.801762114537445,False
0.43173113465309143,0.21064814814814814,0.801762114537445,False
0.43178513646125793,0.21089223638470453,0.801762114537445,False
0.43184739351272583,0.2099767981438515,0.7973568281938326,False
0.43212616443634033,0.21022067363530778,0.7973568281938326,False
0.4323609173297882,0.21046511627906977,0.7973568281938326,False
0.4326576888561249,0.21071012805587894,0.7973568281938326,False
0.4329831302165985,0.21095571095571095,0.7973568281938326,False
0.43458083271980286,0.21120186697782964,0.7973568281938326,False
0.4354609549045563,0.21144859813084113,0.7973568281938326,False
0.4355768859386444,0.21169590643274855,0.7973568281938326,False
0.43590599298477173,0.21194379391100704,0.7973568281938326,False
0.43647000193595886,0.21219226260257915,0.7973568281938326,False
0.43661928176879883,0.21244131455399062,0.7973568281938326,False
0.43716394901275635,0.21269095182138661,0.7973568281938326,False
0.43724673986434937,0.21294117647058824,0.7973568281938326,False
0.437385618686676,0.21319199057714958,0.7973568281938326,False
0.4376096725463867,0.2134433962264151,0.7973568281938326,False
0.43822523951530457,0.21369539551357733,0.7973568281938326,False
0.43826526403427124,0.21394799054373523,0.7973568281938326,False
0.4391379654407501,0.21420118343195266,0.7973568281938326,False
0.43931901454925537,0.21445497630331753,0.7973568281938326,False
0.439607173204422,0.2147093712930012,0.7973568281938326,False
0.4399661123752594,0.21496437054631828,0.7973568281938326,False
0.44003206491470337,0.21521997621878716,0.7973568281938326,False
0.44111308455467224,0.21428571428571427,0.7929515418502202,False
0.44145476818084717,0.21454112038140644,0.7929515418502202,False
0.4414615035057068,0.21360381861575178,0.788546255506608,False
0.4416937232017517,0.21385902031063322,0.788546255506608,False
0.4421257972717285,0.21291866028708134,0.7841409691629956,False
0.44227904081344604,0.21317365269461078,0.7841409691629956,False
0.4433737099170685,0.21342925659472423,0.7841409691629956,False
0.4436838626861572,0.21368547418967587,0.7841409691629956,False
0.44406208395957947,0.21394230769230768,0.7841409691629956,False
0.44432318210601807,0.21419975932611313,0.7841409691629956,False
0.44461241364479065,0.21445783132530122,0.7841409691629956,False
0.4456539452075958,0.2147165259348613,0.7841409691629956,False
0.4458202123641968,0.21497584541062803,0.7841409691629956,False
0.4461813271045685,0.21523579201934703,0.7841409691629956,False
0.44623374938964844,0.21549636803874092,0.7841409691629956,False
0.44632235169410706,0.21575757575757576,0.7841409691629956,False
0.4466947615146637,0.21601941747572814,0.7841409691629956,False
0.44683000445365906,0.21628189550425272,0.7841409691629956,False
0.44815894961357117,0.21654501216545013,0.7841409691629956,False
0.4482920169830322,0.21680876979293545,0.7841409691629956,False
0.4492187798023224,0.21585365853658536,0.7797356828193832,False
0.4492884874343872,0.21611721611721613,0.7797356828193832,False
0.45006853342056274,0.21638141809290953,0.7797356828193832,False
0.45032942295074463,0.21664626682986537,0.7797356828193832,False
0.4506320059299469,0.21691176470588236,0.7797356828193832,False
0.4514106214046478,0.21717791411042944,0.7797356828193832,False
0.45154425501823425,0.21744471744471744,0.7797356828193832,False
0.4526306986808777,0.2177121771217712,0.7797356828193832,False
0.45288968086242676,0.21798029556650247,0.7797356828193832,False
0.45293670892715454,0.218249075215783,0.7797356828193832,False
0.45298635959625244,0.21851851851851853,0.7797356828193832,False
0.45388859510421753,0.21755253399258342,0.775330396475771,False
0.4540844261646271,0.21658415841584158,0.7709251101321586,False
0.4542851448059082,0.21685254027261464,0.7709251101321586,False
0.45457929372787476,0.21712158808933002,0.7709251101321586,False
0.4580211341381073,0.21739130434782608,0.7709251101321586,False
0.4580295979976654,0.21766169154228857,0.7709251101321586,False
0.4607431888580322,0.21793275217932753,0.7709251101321586,False
0.461850643157959,0.21820448877805487,0.7709251101321586,False
0.4626680314540863,0.2184769038701623,0.7709251101321586,False
0.462723046541214,0.21875,0.7709251101321586,False
0.4627850353717804,0.2190237797246558,0.7709251101321586,False
0.4627896547317505,0.21929824561403508,0.7709251101321586,False
0.4631649851799011,0.21957340025094102,0.7709251101321586,False
0.46430471539497375,0.2198492462311558,0.7709251101321586,False
0.4687570035457611,0.22012578616352202,0.7709251101321586,False
0.4696902930736542,0.22040302267002518,0.7709251101321586,False
0.4719370901584625,0.22068095838587642,0.7709251101321586,False
0.4724784195423126,0.22095959595959597,0.7709251101321586,False
0.47277018427848816,0.22123893805309736,0.7709251101321586,False
0.4742026925086975,0.22151898734177214,0.7709251101321586,False
0.47506898641586304,0.2217997465145754,0.7709251101321586,False
0.4752354621887207,0.22208121827411167,0.7709251101321586,False
0.47534748911857605,0.22236340533672172,0.7709251101321586,False
0.4765828251838684,0.22264631043256997,0.7709251101321586,False
0.47686585783958435,0.2229299363057325,0.7709251101321586,False
0.47741982340812683,0.22321428571428573,0.7709251101321586,False
0.4791719615459442,0.22349936143039592,0.7709251101321586,False
0.47921186685562134,0.2237851662404092,0.7709251101321586,False
0.4792459309101105,0.22407170294494239,0.7709251101321586,False
0.4794981777667999,0.22435897435897437,0.7709251101321586,False
0.4795721471309662,0.2233632862644416,0.7665198237885462,False
0.48041602969169617,0.2236503856041131,0.7665198237885462,False
0.4810259938240051,0.22393822393822393,0.7665198237885462,False
0.48141729831695557,0.22293814432989692,0.762114537444934,False
0.4817020297050476,0.22193548387096773,0.7577092511013216,False
0.48243775963783264,0.2222222222222222,0.7577092511013216,False
0.4827304184436798,0.222509702457956,0.7577092511013216,False
0.4830877184867859,0.22279792746113988,0.7577092511013216,False
0.48348894715309143,0.22178988326848248,0.7533039647577092,False
0.48461511731147766,0.22207792207792207,0.7533039647577092,False
0.4846546947956085,0.2223667100130039,0.7533039647577092,False
0.4848688244819641,0.22265625,0.7533039647577092,False
0.4852626919746399,0.22294654498044328,0.7533039647577092,False
0.4860377013683319,0.22323759791122716,0.7533039647577092,False
0.4866166114807129,0.2235294117647059,0.7533039647577092,False
0.48679879307746887,0.2238219895287958,0.7533039647577092,False
0.487341046333313,0.22411533420707733,0.7533039647577092,False
0.4877106249332428,0.22440944881889763,0.7533039647577092,False
0.48799365758895874,0.22470433639947437,0.7533039647577092,False
0.4888686239719391,0.225,0.7533039647577092,False
0.4891745448112488,0.22529644268774704,0.7533039647577092,False
0.4895020127296448,0.22427440633245382,0.748898678414097,False
0.489637166261673,0.22457067371202113,0.748898678414097,False
0.48987463116645813,0.22486772486772486,0.748898678414097,False
0.4901975989341736,0.2251655629139073,0.748898678414097,False
0.49050214886665344,0.22546419098143236,0.748898678414097,False
0.4905989468097687,0.22576361221779548,0.748898678414097,False
0.4906228482723236,0.22606382978723405,0.748898678414097,False
0.49124762415885925,0.22636484687083888,0.748898678414097,False
0.49146708846092224,0.22666666666666666,0.748898678414097,False
0.4939005672931671,0.22696929238985314,0.748898678414097,False
0.4940336048603058,0.22593582887700533,0.7444933920704846,False
0.4940674602985382,0.22623828647925034,0.7444933920704846,False
0.4942433834075928,0.22654155495978553,0.7444933920704846,False
0.49427515268325806,0.22684563758389262,0.7444933920704846,False
0.49527090787887573,0.2271505376344086,0.7444933920704846,False
0.496771901845932,0.2274562584118439,0.7444933920704846,False
0.4968019723892212,0.22776280323450135,0.7444933920704846,False
0.49700209498405457,0.22672064777327935,0.7400881057268722,False
0.497414767742157,0.22567567567567567,0.73568281938326,False
0.49793142080307007,0.2259810554803789,0.73568281938326,False
0.49880480766296387,0.22628726287262874,0.73568281938326,False
0.49923503398895264,0.2265943012211669,0.73568281938326,False
0.5004283785820007,0.2269021739130435,0.73568281938326,False
0.5006028413772583,0.2272108843537415,0.73568281938326,False
0.5017439723014832,0.22752043596730245,0.73568281938326,False
0.5020269751548767,0.22783083219645292,0.73568281938326,False
0.5038259625434875,0.226775956284153,0.7312775330396476,False
0.5038471817970276,0.2270861833105335,0.7312775330396476,False
0.5041659474372864,0.2273972602739726,0.7312775330396476,False
0.5046548843383789,0.22770919067215364,0.7312775330396476,False
0.5050168037414551,0.22802197802197802,0.7312775330396476,False
0.5057064294815063,0.22833562585969738,0.7312775330396476,False
0.5060774087905884,0.22865013774104684,0.7312775330396476,False
0.506096363067627,0.2289655172413793,0.7312775330396476,False
0.5066615343093872,0.2292817679558011,0.7312775330396476,False
0.5078269243240356,0.22959889349930843,0.7312775330396476,False
0.5081525444984436,0.2299168975069252,0.7312775330396476,False
0.5082707405090332,0.2302357836338419,0.7312775330396476,False
0.5086266994476318,0.23055555555555557,0.7312775330396476,False
0.5089040398597717,0.23087621696801114,0.7312775330396476,False
0.5092646479606628,0.2298050139275766,0.7268722466960352,False
0.5093978643417358,0.2301255230125523,0.7268722466960352,False
0.510076642036438,0.23044692737430167,0.7268722466960352,False
0.5106276869773865,0.22937062937062938,0.7224669603524229,False
0.5113028287887573,0.22969187675070027,0.7224669603524229,False
0.5114108324050903,0.2300140252454418,0.7224669603524229,False
0.5116653442382812,0.22893258426966293,0.7180616740088106,False
0.5130612850189209,0.22925457102672292,0.7180616740088106,False
0.5137350559234619,0.22816901408450704,0.7136563876651982,False
0.5137729644775391,0.22849083215796898,0.7136563876651982,False
0.5144505500793457,0.2288135593220339,0.7136563876651982,False
0.5145828127861023,0.22913719943422914,0.7136563876651982,False
0.5146435499191284,0.22946175637393768,0.7136563876651982,False
0.5147309303283691,0.22836879432624113,0.7092511013215859,False
0.5147922039031982,0.22869318181818182,0.7092511013215859,False
0.5149544477462769,0.22901849217638692,0.7092511013215859,False
0.5156810283660889,0.22934472934472935,0.7092511013215859,False
0.5159834027290344,0.2296718972895863,0.7092511013215859,False
0.5174522399902344,0.23,0.7092511013215859,False
0.517979621887207,0.22889842632331903,0.7048458149779736,False
0.5185000896453857,0.22922636103151864,0.7048458149779736,False
0.5191538333892822,0.22955523672883787,0.7048458149779736,False
0.5194777846336365,0.22988505747126436,0.7048458149779736,False
0.5198779106140137,0.2302158273381295,0.7048458149779736,False
0.5201432704925537,0.23054755043227665,0.7048458149779736,False
0.5201472640037537,0.23088023088023088,0.7048458149779736,False
0.5201529264450073,0.23121387283236994,0.7048458149779736,False
0.520339846611023,0.23154848046309695,0.7048458149779736,False
0.5207216143608093,0.2318840579710145,0.7048458149779736,False
0.5213959813117981,0.23222060957910015,0.7048458149779736,False
0.5231490135192871,0.23255813953488372,0.7048458149779736,False
0.523500919342041,0.2328966521106259,0.7048458149779736,False
0.5239023566246033,0.23177842565597667,0.7004405286343612,False
0.5242718458175659,0.2321167883211679,0.7004405286343612,False
0.524294376373291,0.2324561403508772,0.7004405286343612,False
0.5257248878479004,0.232796486090776,0.7004405286343612,False
0.5263724327087402,0.23313782991202345,0.7004405286343612,False
0.5265645980834961,0.23201174743024963,0.6960352422907489,False
0.5287774801254272,0.2323529411764706,0.6960352422907489,False
0.5289095044136047,0.23269513991163476,0.6960352422907489,False
0.5289223194122314,0.23303834808259588,0.6960352422907489,False
0.5300655364990234,0.23190546528803546,0.6916299559471366,False
0.5307633876800537,0.23076923076923078,0.6872246696035242,False
0.5308792591094971,0.2311111111111111,0.6872246696035242,False
0.5308921337127686,0.2314540059347181,0.6872246696035242,False
0.5312267541885376,0.23179791976225855,0.6872246696035242,False
0.531562328338623,0.23214285714285715,0.6872246696035242,False
0.532271146774292,0.23248882265275708,0.6872246696035242,False
0.5326732397079468,0.23283582089552238,0.6872246696035242,False
0.5326826572418213,0.23318385650224216,0.6872246696035242,False
0.5333497524261475,0.23353293413173654,0.6872246696035242,False
0.5335254669189453,0.23388305847076463,0.6872246696035242,False
0.5335668921470642,0.23423423423423423,0.6872246696035242,False
0.533653736114502,0.23458646616541354,0.6872246696035242,False
0.5338298082351685,0.23493975903614459,0.6872246696035242,False
0.5342565774917603,0.23529411764705882,0.6872246696035242,False
0.535104513168335,0.23564954682779457,0.6872246696035242,False
0.5351755619049072,0.23600605143721634,0.6872246696035242,False
0.5372439622879028,0.23484848484848486,0.6828193832599119,False
0.5373973846435547,0.2336874051593323,0.6784140969162996,False
0.5375146269798279,0.23404255319148937,0.6784140969162996,False
0.5376050472259521,0.2343987823439878,0.6784140969162996,False
0.5388470888137817,0.2347560975609756,0.6784140969162996,False
0.5389760136604309,0.23511450381679388,0.6784140969162996,False
0.5391091108322144,0.23547400611620795,0.6784140969162996,False
0.5394244194030762,0.23583460949464014,0.6784140969162996,False
0.539467453956604,0.2361963190184049,0.6784140969162996,False
0.5398317575454712,0.23655913978494625,0.6784140969162996,False
0.5400664806365967,0.2353846153846154,0.6740088105726872,False
0.5402940511703491,0.2357473035439137,0.6740088105726872,False
0.5404961109161377,0.2361111111111111,0.6740088105726872,False
0.5409546494483948,0.23647604327666152,0.6740088105726872,False
0.5411073565483093,0.23684210526315788,0.6740088105726872,False
0.541382908821106,0.2372093023255814,0.6740088105726872,False
0.5414502024650574,0.2375776397515528,0.6740088105726872,False
0.5416239500045776,0.2363919129082426,0.6696035242290749,False
0.5426517724990845,0.2367601246105919,0.6696035242290749,False
0.5429811477661133,0.23712948517940718,0.6696035242290749,False
0.5433333516120911,0.2375,0.6696035242290749,False
0.543503999710083,0.23630672926447574,0.6651982378854625,False
0.5438559055328369,0.23667711598746083,0.6651982378854625,False
0.5439862012863159,0.2370486656200942,0.6651982378854625,False
0.5441395044326782,0.23742138364779874,0.6651982378854625,False
0.5442700386047363,0.2377952755905512,0.6651982378854625,False
0.5444191694259644,0.23817034700315456,0.6651982378854625,False
0.5445089936256409,0.23854660347551343,0.6651982378854625,False
0.5445493459701538,0.2389240506329114,0.6651982378854625,False
0.544814944267273,0.2393026941362916,0.6651982378854625,False
0.5450729727745056,0.2396825396825397,0.6651982378854625,False
0.5456079244613647,0.24006359300476948,0.6651982378854625,False
0.5461001396179199,0.24044585987261147,0.6651982378854625,False
0.5468074679374695,0.24082934609250398,0.6651982378854625,False
0.5468248724937439,0.24121405750798722,0.6651982378854625,False
0.5469906330108643,0.2416,0.6651982378854625,False
0.5471855401992798,0.2419871794871795,0.6651982378854625,False
0.5473864078521729,0.24237560192616373,0.6651982378854625,False
0.5475171804428101,0.2427652733118971,0.6651982378854625,False
0.5475751161575317,0.2431561996779388,0.6651982378854625,False
0.5478987097740173,0.2435483870967742,0.6651982378854625,False
0.5479044914245605,0.24394184168012925,0.6651982378854625,False
0.5479096174240112,0.24271844660194175,0.6607929515418502,False
0.5481628179550171,0.24311183144246354,0.6607929515418502,False
0.548308789730072,0.2435064935064935,0.6607929515418502,False
0.5483725070953369,0.24390243902439024,0.6607929515418502,False
0.5486254692077637,0.24429967426710097,0.6607929515418502,False
0.5486313700675964,0.24469820554649266,0.6607929515418502,False
0.548650860786438,0.24509803921568626,0.6607929515418502,False
0.5492161512374878,0.24549918166939444,0.6607929515418502,False
0.5494499206542969,0.2459016393442623,0.6607929515418502,False
0.550050675868988,0.24466338259441708,0.6563876651982379,False
0.5507223606109619,0.2450657894736842,0.6563876651982379,False
0.5507464408874512,0.24546952224052718,0.6563876651982379,False
0.5507697463035583,0.24587458745874588,0.6563876651982379,False
0.5507724285125732,0.2462809917355372,0.6563876651982379,False
0.5512114763259888,0.24668874172185432,0.6563876651982379,False
0.5512411594390869,0.2470978441127695,0.6563876651982379,False
0.5513685345649719,0.24750830564784054,0.6563876651982379,False
0.5517873167991638,0.24792013311148087,0.6563876651982379,False
0.5518107414245605,0.24833333333333332,0.6563876651982379,False
0.5518327951431274,0.24874791318864775,0.6563876651982379,False
0.551980197429657,0.2491638795986622,0.6563876651982379,False
0.5520442724227905,0.24958123953098826,0.6563876651982379,False
0.5521470308303833,0.25,0.6563876651982379,False
0.5522111654281616,0.2504201680672269,0.6563876651982379,False
0.552282452583313,0.25084175084175087,0.6563876651982379,False
0.5538030862808228,0.25126475548060706,0.6563876651982379,False
0.5538100600242615,0.2516891891891892,0.6563876651982379,False
0.5539054274559021,0.2521150592216582,0.6563876651982379,False
0.5539451837539673,0.25254237288135595,0.6563876651982379,False
0.5539573431015015,0.2529711375212224,0.6563876651982379,False
0.5540648698806763,0.2534013605442177,0.6563876651982379,False
0.5544044971466064,0.252129471890971,0.6519823788546255,False
0.5544096827507019,0.2525597269624573,0.6519823788546255,False
0.5544954538345337,0.252991452991453,0.6519823788546255,False
0.5546114444732666,0.2534246575342466,0.6519823788546255,False
0.5546557903289795,0.2538593481989708,0.6519823788546255,False
0.5546921491622925,0.2542955326460481,0.6519823788546255,False
0.5548908114433289,0.2547332185886403,0.6519823788546255,False
0.5550166368484497,0.25517241379310346,0.6519823788546255,False
0.5550550222396851,0.2556131260794473,0.6519823788546255,False
0.5550625920295715,0.25432525951557095,0.6475770925110133,False
0.5551730394363403,0.25476603119584057,0.6475770925110133,False
0.556209921836853,0.2552083333333333,0.6475770925110133,False
0.5564614534378052,0.25565217391304346,0.6475770925110133,False
0.5566085577011108,0.25609756097560976,0.6475770925110133,False
0.5567680597305298,0.25654450261780104,0.6475770925110133,False
0.55692458152771,0.256993006993007,0.6475770925110133,False
0.5571854114532471,0.2574430823117338,0.6475770925110133,False
0.5572038888931274,0.2578947368421053,0.6475770925110133,False
0.5573313236236572,0.2583479789103691,0.6475770925110133,False
0.5575504899024963,0.25880281690140844,0.6475770925110133,False
0.5576422810554504,0.25925925925925924,0.6475770925110133,False
0.5576452612876892,0.2597173144876325,0.6475770925110133,False
0.5576610565185547,0.26017699115044246,0.6475770925110133,False
0.5579041242599487,0.26063829787234044,0.6475770925110133,False
0.5584791898727417,0.261101243339254,0.6475770925110133,False
0.5585318207740784,0.2615658362989324,0.6475770925110133,False
0.5585362911224365,0.2620320855614973,0.6475770925110133,False
0.5585581660270691,0.2625,0.6475770925110133,False
0.5586404800415039,0.2629695885509839,0.6475770925110133,False
0.5587303638458252,0.26344086021505375,0.6475770925110133,False
0.5588183999061584,0.2639138240574506,0.6475770925110133,False
0.5589582324028015,0.26258992805755393,0.6431718061674009,False
0.5589832067489624,0.26126126126126126,0.6387665198237885,False
0.559171199798584,0.26173285198555957,0.6387665198237885,False
0.559329092502594,0.26220614828209765,0.6387665198237885,False
0.5596532225608826,0.26268115942028986,0.6387665198237885,False
0.559671938419342,0.2631578947368421,0.6387665198237885,False
0.5597107410430908,0.2636363636363636,0.6387665198237885,False
0.5597577095031738,0.2641165755919854,0.6387665198237885,False
0.5598143339157104,0.2645985401459854,0.6387665198237885,False
0.5599154233932495,0.26508226691042047,0.6387665198237885,False
0.5599767565727234,0.26556776556776557,0.6387665198237885,False
0.5604004859924316,0.26605504587155965,0.6387665198237885,False
0.5604784488677979,0.2665441176470588,0.6387665198237885,False
0.5605595111846924,0.26519337016574585,0.6343612334801763,False
0.560576319694519,0.2656826568265683,0.6343612334801763,False
0.5606791973114014,0.266173752310536,0.6343612334801763,False
0.5607575178146362,0.26666666666666666,0.6343612334801763,False
0.5609539747238159,0.26716141001855287,0.6343612334801763,False
0.5609980821609497,0.26765799256505574,0.6343612334801763,False
0.5611324906349182,0.2681564245810056,0.6343612334801763,False
0.5615721940994263,0.26865671641791045,0.6343612334801763,False
0.5616258382797241,0.2691588785046729,0.6343612334801763,False
0.5617589950561523,0.2696629213483146,0.6343612334801763,False
0.5619626045227051,0.2701688555347092,0.6343612334801763,False
0.5619893670082092,0.2706766917293233,0.6343612334801763,False
0.5620543956756592,0.2711864406779661,0.6343612334801763,False
0.5622557401657104,0.27169811320754716,0.6343612334801763,False
0.562439501285553,0.2722117202268431,0.6343612334801763,False
0.5624624490737915,0.2727272727272727,0.6343612334801763,False
0.562491774559021,0.2732447817836812,0.6343612334801763,False
0.562541127204895,0.2737642585551331,0.6343612334801763,False
0.5626452565193176,0.2742857142857143,0.6343612334801763,False
0.5627133250236511,0.2729007633587786,0.6299559471365639,False
0.5628552436828613,0.2734225621414914,0.6299559471365639,False
0.5628795623779297,0.2739463601532567,0.6299559471365639,False
0.563125729560852,0.272552783109405,0.6255506607929515,False
0.5632264018058777,0.27307692307692305,0.6255506607929515,False
0.5634008646011353,0.27360308285163776,0.6255506607929515,False
0.5635152459144592,0.27413127413127414,0.6255506607929515,False
0.5635229349136353,0.2746615087040619,0.6255506607929515,False
0.5636887550354004,0.2751937984496124,0.6255506607929515,False
0.5636943578720093,0.2757281553398058,0.6255506607929515,False
0.5639866590499878,0.27626459143968873,0.6255506607929515,False
0.5640082359313965,0.27680311890838205,0.6255506607929515,False
0.5640676617622375,0.27734375,0.6255506607929515,False
0.5642051696777344,0.27788649706457924,0.6255506607929515,False
0.564247727394104,0.27647058823529413,0.6211453744493393,False
0.5644388198852539,0.2770137524557957,0.6211453744493393,False
0.5644860863685608,0.27755905511811024,0.6211453744493393,False
0.5644952654838562,0.27613412228796846,0.6167400881057269,False
0.564558744430542,0.2766798418972332,0.6167400881057269,False
0.564581036567688,0.27722772277227725,0.6167400881057269,False
0.5646175146102905,0.2777777777777778,0.6167400881057269,False
0.5646395087242126,0.27634194831013914,0.6123348017621145,False
0.564661979675293,0.27689243027888444,0.6123348017621145,False
0.5646944642066956,0.2774451097804391,0.6123348017621145,False
0.5647777915000916,0.276,0.6079295154185022,False
0.5649641752243042,0.27655310621242485,0.6079295154185022,False
0.5650904178619385,0.2751004016064257,0.6035242290748899,False
0.5652298331260681,0.27565392354124746,0.6035242290748899,False
0.5652354955673218,0.2762096774193548,0.6035242290748899,False
0.5654818415641785,0.2767676767676768,0.6035242290748899,False
0.5656462907791138,0.2773279352226721,0.6035242290748899,False
0.565658450126648,0.2778904665314402,0.6035242290748899,False
0.5657605528831482,0.2784552845528455,0.6035242290748899,False
0.5658444166183472,0.2769857433808554,0.5991189427312775,False
0.5658473968505859,0.27755102040816326,0.5991189427312775,False
0.5659188032150269,0.278118609406953,0.5991189427312775,False
0.5659783482551575,0.2786885245901639,0.5991189427312775,False
0.5660284757614136,0.27720739219712526,0.5947136563876652,False
0.5660666227340698,0.2777777777777778,0.5947136563876652,False
0.5661591291427612,0.27835051546391754,0.5947136563876652,False
0.5661661028862,0.2768595041322314,0.5903083700440529,False
0.5661921501159668,0.2774327122153209,0.5903083700440529,False
0.5661954283714294,0.27593360995850624,0.5859030837004405,False
0.5662444829940796,0.2765072765072765,0.5859030837004405,False
0.566260814666748,0.27708333333333335,0.5859030837004405,False
0.5662885904312134,0.2755741127348643,0.5814977973568282,False
0.5663007497787476,0.27615062761506276,0.5814977973568282,False
0.5663970708847046,0.27672955974842767,0.5814977973568282,False
0.5665457248687744,0.2773109243697479,0.5814977973568282,False
0.5666837692260742,0.27578947368421053,0.5770925110132159,False
0.5666913986206055,0.27637130801687765,0.5770925110132159,False
0.5667081475257874,0.2769556025369979,0.5770925110132159,False
0.5667310953140259,0.2775423728813559,0.5770925110132159,False
0.5667686462402344,0.2781316348195329,0.5770925110132159,False
0.566780686378479,0.27872340425531916,0.5770925110132159,False
0.5668491125106812,0.279317697228145,0.5770925110132159,False
0.5669854879379272,0.2799145299145299,0.5770925110132159,False
0.5670193433761597,0.28051391862955033,0.5770925110132159,False
0.5671020746231079,0.2811158798283262,0.5770925110132159,False
0.5671110153198242,0.2817204301075269,0.5770925110132159,False
0.5671610236167908,0.2823275862068966,0.5770925110132159,False
0.5672646760940552,0.28293736501079914,0.5770925110132159,False
0.5673922300338745,0.28354978354978355,0.5770925110132159,False
0.5674209594726562,0.2841648590021692,0.5770925110132159,False
0.5675151348114014,0.2847826086956522,0.5770925110132159,False
0.5676118731498718,0.28322440087145967,0.5726872246696035,False
0.5676381587982178,0.2838427947598253,0.5726872246696035,False
0.5677499771118164,0.2844638949671772,0.5726872246696035,False
0.5679005980491638,0.2850877192982456,0.5726872246696035,False
0.5679816007614136,0.2857142857142857,0.5726872246696035,False
0.5681605339050293,0.28634361233480177,0.5726872246696035,False
0.5681893825531006,0.2869757174392936,0.5726872246696035,False
0.5682097673416138,0.28761061946902655,0.5726872246696035,False
0.5682724714279175,0.28824833702882485,0.5726872246696035,False
0.5682982206344604,0.28888888888888886,0.5726872246696035,False
0.5683215260505676,0.289532293986637,0.5726872246696035,False
0.5683273077011108,0.29017857142857145,0.5726872246696035,False
0.5683757066726685,0.29082774049217003,0.5726872246696035,False
0.5684304237365723,0.289237668161435,0.5682819383259912,False
0.5684527158737183,0.2898876404494382,0.5682819383259912,False
0.5685233473777771,0.2882882882882883,0.5638766519823789,False
0.5686160326004028,0.28893905191873587,0.5638766519823789,False
0.5686448812484741,0.2895927601809955,0.5638766519823789,False
0.5686546564102173,0.29024943310657597,0.5638766519823789,False
0.5686609745025635,0.2909090909090909,0.5638766519823789,False
0.5687401294708252,0.29157175398633256,0.5638766519823789,False
0.5689013600349426,0.2922374429223744,0.5638766519823789,False
0.5689300298690796,0.2906178489702517,0.5594713656387665,False
0.5690416097640991,0.2889908256880734,0.5550660792951542,False
0.5691363215446472,0.2896551724137931,0.5550660792951542,False
0.5692695379257202,0.2903225806451613,0.5550660792951542,False
0.5693209767341614,0.2909930715935335,0.5550660792951542,False
0.5693252086639404,0.2916666666666667,0.5550660792951542,False
0.5694189071655273,0.2923433874709977,0.5550660792951542,False
0.5694416165351868,0.2930232558139535,0.5550660792951542,False
0.5695112943649292,0.2937062937062937,0.5550660792951542,False
0.56964111328125,0.29439252336448596,0.5550660792951542,False
0.5696805119514465,0.29508196721311475,0.5550660792951542,False
0.5697064399719238,0.29577464788732394,0.5550660792951542,False
0.5697752237319946,0.2964705882352941,0.5550660792951542,False
0.5698111653327942,0.294811320754717,0.5506607929515418,False
0.5699722766876221,0.29550827423167847,0.5506607929515418,False
0.5699907541275024,0.2962085308056872,0.5506607929515418,False
0.5700399875640869,0.29691211401425177,0.5506607929515418,False
0.5700526237487793,0.2976190476190476,0.5506607929515418,False
0.5700535774230957,0.29832935560859186,0.5506607929515418,False
0.5701211094856262,0.29904306220095694,0.5506607929515418,False
0.5702077150344849,0.2997601918465228,0.5506607929515418,False
0.5702528357505798,0.2980769230769231,0.5462555066079295,False
0.5703727006912231,0.2987951807228916,0.5462555066079295,False
0.5704056024551392,0.2995169082125604,0.5462555066079295,False
0.5704580545425415,0.30024213075060535,0.5462555066079295,False
0.5705225467681885,0.30097087378640774,0.5462555066079295,False
0.5705500841140747,0.30170316301703165,0.5462555066079295,False
0.5706032514572144,0.3024390243902439,0.5462555066079295,False
0.5706754922866821,0.30317848410757947,0.5462555066079295,False
0.5707331299781799,0.30392156862745096,0.5462555066079295,False
0.5707958936691284,0.3046683046683047,0.5462555066079295,False
0.5710263252258301,0.30295566502463056,0.5418502202643172,False
0.5711302757263184,0.3037037037037037,0.5418502202643172,False
0.5713467597961426,0.30445544554455445,0.5418502202643172,False
0.5714051723480225,0.3052109181141439,0.5418502202643172,False
0.5716805458068848,0.30597014925373134,0.5418502202643172,False
0.5717043280601501,0.30673316708229426,0.5418502202643172,False
0.5717509388923645,0.305,0.5374449339207048,False
0.5717580318450928,0.3032581453634085,0.5330396475770925,False
0.5718306303024292,0.30402010050251255,0.5330396475770925,False
0.5719581842422485,0.3022670025188917,0.5286343612334802,False
0.5721083283424377,0.30303030303030304,0.5286343612334802,False
0.5721203684806824,0.3037974683544304,0.5286343612334802,False
0.5721755027770996,0.30456852791878175,0.5286343612334802,False
0.5721789598464966,0.3053435114503817,0.5286343612334802,False
0.5722364187240601,0.30612244897959184,0.5286343612334802,False
0.5722560882568359,0.3069053708439898,0.5286343612334802,False
0.5724142789840698,0.3076923076923077,0.5286343612334802,False
0.5724254846572876,0.30848329048843187,0.5286343612334802,False
0.5724826455116272,0.30927835051546393,0.5286343612334802,False
0.5725986957550049,0.31007751937984496,0.5286343612334802,False
0.5726310014724731,0.31088082901554404,0.5286343612334802,False
0.5727010369300842,0.3116883116883117,0.5286343612334802,False
0.572845458984375,0.3125,0.5286343612334802,False
0.572907567024231,0.3133159268929504,0.5286343612334802,False
0.5729354619979858,0.31413612565445026,0.5286343612334802,False
0.5731240510940552,0.31496062992125984,0.5286343612334802,False
0.5732359886169434,0.3157894736842105,0.5286343612334802,False
0.5733785629272461,0.316622691292876,0.5286343612334802,False
0.5735344290733337,0.31746031746031744,0.5286343612334802,False
0.5735346674919128,0.3183023872679045,0.5286343612334802,False
0.5735741853713989,0.3191489361702128,0.5286343612334802,False
0.5736291408538818,0.31733333333333336,0.5242290748898678,False
0.5736688375473022,0.3181818181818182,0.5242290748898678,False
0.5738351345062256,0.3190348525469169,0.5242290748898678,False
0.5738604664802551,0.3172043010752688,0.5198237885462555,False
0.5742261409759521,0.31805929919137466,0.5198237885462555,False
0.5743420124053955,0.3162162162162162,0.5154185022026432,False
0.5743440389633179,0.3170731707317073,0.5154185022026432,False
0.5743725299835205,0.3179347826086957,0.5154185022026432,False
0.5744327902793884,0.3188010899182561,0.5154185022026432,False
0.5746015906333923,0.319672131147541,0.5154185022026432,False
0.5746104717254639,0.32054794520547947,0.5154185022026432,False
0.5747588276863098,0.31868131868131866,0.5110132158590308,False
0.5748406648635864,0.31955922865013775,0.5110132158590308,False
0.5752599239349365,0.32044198895027626,0.5110132158590308,False
0.5754016041755676,0.3185595567867036,0.5066079295154186,False
0.5754380822181702,0.3194444444444444,0.5066079295154186,False
0.5757889151573181,0.3203342618384401,0.5066079295154186,False
0.5758613348007202,0.32122905027932963,0.5066079295154186,False
0.5758728981018066,0.32212885154061627,0.5066079295154186,False
0.5759648084640503,0.32303370786516855,0.5066079295154186,False
0.5759850740432739,0.323943661971831,0.5066079295154186,False
0.5760058760643005,0.3248587570621469,0.5066079295154186,False
0.5760651230812073,0.32294617563739375,0.5022026431718062,False
0.5761722326278687,0.32386363636363635,0.5022026431718062,False
0.5761951208114624,0.3247863247863248,0.5022026431718062,False
0.5762042999267578,0.32285714285714284,0.4977973568281938,False
0.5762367844581604,0.3237822349570201,0.4977973568281938,False
0.5762612819671631,0.32471264367816094,0.4977973568281938,False
0.5763009190559387,0.3256484149855908,0.4977973568281938,False
0.5763479471206665,0.3236994219653179,0.4933920704845815,False
0.5765227675437927,0.3217391304347826,0.4889867841409692,False
0.5765515565872192,0.3226744186046512,0.4889867841409692,False
0.5766663551330566,0.3236151603498542,0.4889867841409692,False
0.5767086148262024,0.32456140350877194,0.4889867841409692,False
0.576760470867157,0.3255131964809384,0.4889867841409692,False
0.5767718553543091,0.3235294117647059,0.4845814977973568,False
0.5768343210220337,0.32448377581120946,0.4845814977973568,False
0.5768728852272034,0.3254437869822485,0.4845814977973568,False
0.5769185423851013,0.3264094955489614,0.4845814977973568,False
0.5771313905715942,0.3244047619047619,0.4801762114537445,False
0.577438235282898,0.3253731343283582,0.4801762114537445,False
0.5774403810501099,0.3263473053892216,0.4801762114537445,False
0.577457070350647,0.32732732732732733,0.4801762114537445,False
0.5774661302566528,0.32831325301204817,0.4801762114537445,False
0.5774770975112915,0.3293051359516616,0.4801762114537445,False
0.5777736902236938,0.3303030303030303,0.4801762114537445,False
0.5778706669807434,0.3282674772036474,0.47577092511013214,False
0.5778818130493164,0.32926829268292684,0.47577092511013214,False
0.5779783725738525,0.3302752293577982,0.47577092511013214,False
0.5783025026321411,0.3282208588957055,0.4713656387665198,False
0.5784077644348145,0.3261538461538461,0.4669603524229075,False
0.578477144241333,0.3271604938271605,0.4669603524229075,False
0.5784909725189209,0.3281733746130031,0.4669603524229075,False
0.5789322853088379,0.32919254658385094,0.4669603524229075,False
0.5792644023895264,0.3302180685358255,0.4669603524229075,False
0.5793149471282959,0.33125,0.4669603524229075,False
0.5794837474822998,0.3322884012539185,0.4669603524229075,False
0.579573392868042,0.330188679245283,0.46255506607929514,False
0.5797742605209351,0.3312302839116719,0.46255506607929514,False
0.5802674293518066,0.3322784810126582,0.46255506607929514,False
0.5803357362747192,0.3333333333333333,0.46255506607929514,False
0.5803426504135132,0.3343949044585987,0.46255506607929514,False
0.5805062055587769,0.3354632587859425,0.46255506607929514,False
0.5806210041046143,0.33653846153846156,0.46255506607929514,False
0.5806359052658081,0.33762057877813506,0.46255506607929514,False
0.580844521522522,0.3387096774193548,0.46255506607929514,False
0.5809926986694336,0.33980582524271846,0.46255506607929514,False
0.5814370512962341,0.33766233766233766,0.4581497797356828,False
0.5814571380615234,0.33876221498371334,0.4581497797356828,False
0.5814652442932129,0.33986928104575165,0.4581497797356828,False
0.5814736485481262,0.3377049180327869,0.45374449339207046,False
0.5815645456314087,0.33881578947368424,0.45374449339207046,False
0.5815727710723877,0.33993399339933994,0.45374449339207046,False
0.5816391706466675,0.34105960264900664,0.45374449339207046,False
0.5819187164306641,0.3388704318936877,0.44933920704845814,False
0.5819530487060547,0.33666666666666667,0.44493392070484583,False
0.582205057144165,0.3377926421404682,0.44493392070484583,False
0.582404613494873,0.3389261744966443,0.44493392070484583,False
0.5824539661407471,0.3400673400673401,0.44493392070484583,False
0.5824954509735107,0.33783783783783783,0.44052863436123346,False
0.5826238393783569,0.3389830508474576,0.44052863436123346,False
0.5826900005340576,0.336734693877551,0.43612334801762115,False
0.5828584432601929,0.33447098976109213,0.43171806167400884,False
0.5829073786735535,0.3321917808219178,0.42731277533039647,False
0.5831441879272461,0.3333333333333333,0.42731277533039647,False
0.5834668874740601,0.33448275862068966,0.42731277533039647,False
0.5836806893348694,0.3356401384083045,0.42731277533039647,False
0.5836818218231201,0.3368055555555556,0.42731277533039647,False
0.5836867094039917,0.33797909407665505,0.42731277533039647,False
0.5837621688842773,0.3356643356643357,0.42290748898678415,False
0.5838314294815063,0.3368421052631579,0.42290748898678415,False
0.5839695930480957,0.3380281690140845,0.42290748898678415,False
0.5840240716934204,0.3392226148409894,0.42290748898678415,False
0.5841195583343506,0.3404255319148936,0.42290748898678415,False
0.5842334032058716,0.33807829181494664,0.4185022026431718,False
0.5842799544334412,0.3392857142857143,0.4185022026431718,False
0.5849171876907349,0.34050179211469533,0.4185022026431718,False
0.5849517583847046,0.3381294964028777,0.41409691629955947,False
0.5850058794021606,0.33935018050541516,0.41409691629955947,False
0.5850377678871155,0.34057971014492755,0.41409691629955947,False
0.5850952863693237,0.3418181818181818,0.41409691629955947,False
0.5852107405662537,0.33941605839416056,0.40969162995594716,False
0.5852364301681519,0.34065934065934067,0.40969162995594716,False
0.5853359699249268,0.34191176470588236,0.40969162995594716,False
0.5854178667068481,0.34317343173431736,0.40969162995594716,False
0.5856081247329712,0.34444444444444444,0.40969162995594716,False
0.5857119560241699,0.34572490706319703,0.40969162995594716,False
0.585895299911499,0.34701492537313433,0.40969162995594716,False
0.585915744304657,0.34831460674157305,0.40969162995594716,False
0.5860753655433655,0.34962406015037595,0.40969162995594716,False
0.5860787630081177,0.35094339622641507,0.40969162995594716,False
0.5862612724304199,0.3522727272727273,0.40969162995594716,False
0.5862969160079956,0.35361216730038025,0.40969162995594716,False
0.5863562226295471,0.3549618320610687,0.40969162995594716,False
0.5863767862319946,0.3563218390804598,0.40969162995594716,False
0.5865923166275024,0.3576923076923077,0.40969162995594716,False
0.5866572856903076,0.3590733590733591,0.40969162995594716,False
0.5866710543632507,0.36046511627906974,0.40969162995594716,False
0.5867385864257812,0.36186770428015563,0.40969162995594716,False
0.587246298789978,0.36328125,0.40969162995594716,False
0.5874937772750854,0.36470588235294116,0.40969162995594716,False
0.5875504016876221,0.3661417322834646,0.40969162995594716,False
0.5877649784088135,0.3675889328063241,0.40969162995594716,False
0.587786853313446,0.36904761904761907,0.40969162995594716,False
0.5878785848617554,0.3665338645418327,0.4052863436123348,False
0.5878839492797852,0.368,0.4052863436123348,False
0.5878856182098389,0.3654618473895582,0.4008810572687225,False
0.5879924297332764,0.36693548387096775,0.4008810572687225,False
0.5880928635597229,0.3684210526315789,0.4008810572687225,False
0.5888675451278687,0.36585365853658536,0.3964757709251101,False
0.5894765853881836,0.3673469387755102,0.3964757709251101,False
0.5895775556564331,0.36885245901639346,0.3964757709251101,False
0.5896179676055908,0.37037037037037035,0.3964757709251101,False
0.5896493196487427,0.371900826446281,0.3964757709251101,False
0.5896619558334351,0.37344398340248963,0.3964757709251101,False
0.5898185968399048,0.37083333333333335,0.3920704845814978,False
0.5898308753967285,0.3723849372384937,0.3920704845814978,False
0.5899749994277954,0.3739495798319328,0.3920704845814978,False
0.5900896787643433,0.3755274261603376,0.3920704845814978,False
0.5901196002960205,0.3728813559322034,0.3876651982378855,False
0.5902666449546814,0.37446808510638296,0.3876651982378855,False
0.5902895927429199,0.37606837606837606,0.3876651982378855,False
0.5906273126602173,0.37339055793991416,0.3832599118942731,False
0.5906472206115723,0.375,0.3832599118942731,False
0.5906853675842285,0.37662337662337664,0.3832599118942731,False
0.5909925699234009,0.3782608695652174,0.3832599118942731,False
0.5911489129066467,0.37554585152838427,0.3788546255506608,False
0.591903805732727,0.37719298245614036,0.3788546255506608,False
0.5920261740684509,0.3788546255506608,0.3788546255506608,False
0.5923675894737244,0.37610619469026546,0.3744493392070485,False
0.5924006700515747,0.37777777777777777,0.3744493392070485,False
0.5924367904663086,0.3794642857142857,0.3744493392070485,False
0.5926826596260071,0.3811659192825112,0.3744493392070485,False
0.5927037596702576,0.38288288288288286,0.3744493392070485,False
0.5928164124488831,0.38461538461538464,0.3744493392070485,False
0.593226969242096,0.38636363636363635,0.3744493392070485,False
0.593249499797821,0.3881278538812785,0.3744493392070485,False
0.5933224558830261,0.38990825688073394,0.3744493392070485,False
0.5933418273925781,0.391705069124424,0.3744493392070485,False
0.5934689044952393,0.39351851851851855,0.3744493392070485,False
0.5935174822807312,0.3953488372093023,0.3744493392070485,False
0.5935524106025696,0.397196261682243,0.3744493392070485,False
0.5938268303871155,0.39906103286384975,0.3744493392070485,False
0.5940558910369873,0.39622641509433965,0.3700440528634361,False
0.5941259860992432,0.3981042654028436,0.3700440528634361,False
0.5946938991546631,0.4,0.3700440528634361,False
0.594924807548523,0.4019138755980861,0.3700440528634361,False
0.5951176881790161,0.39903846153846156,0.3656387665198238,False
0.5954847931861877,0.3961352657004831,0.36123348017621143,False
0.5955134630203247,0.39805825242718446,0.36123348017621143,False
0.5959256887435913,0.4,0.36123348017621143,False
0.5963785648345947,0.39705882352941174,0.3568281938325991,False
0.5969088673591614,0.39901477832512317,0.3568281938325991,False
0.5971152782440186,0.400990099009901,0.3568281938325991,False
0.5973410606384277,0.39800995024875624,0.3524229074889868,False
0.5977074503898621,0.4,0.3524229074889868,False
0.597719669342041,0.4020100502512563,0.3524229074889868,False
0.598047137260437,0.40404040404040403,0.3524229074889868,False
0.5980520844459534,0.40609137055837563,0.3524229074889868,False
0.599055290222168,0.4030612244897959,0.34801762114537443,False
0.5992075204849243,0.40512820512820513,0.34801762114537443,False
0.5992628931999207,0.4072164948453608,0.34801762114537443,False
0.6000431776046753,0.40414507772020725,0.3436123348017621,False
0.6005192995071411,0.40625,0.3436123348017621,False
0.6006474494934082,0.4083769633507853,0.3436123348017621,False
0.6010150909423828,0.4105263157894737,0.3436123348017621,False
0.6012474298477173,0.4126984126984127,0.3436123348017621,False
0.6021913290023804,0.4148936170212766,0.3436123348017621,False
0.6022394895553589,0.41711229946524064,0.3436123348017621,False
0.6022833585739136,0.41397849462365593,0.3392070484581498,False
0.6023086905479431,0.41621621621621624,0.3392070484581498,False
0.602737307548523,0.41847826086956524,0.3392070484581498,False
0.603002667427063,0.4207650273224044,0.3392070484581498,False
0.6034295558929443,0.4175824175824176,0.33480176211453744,False
0.6061719655990601,0.4198895027624309,0.33480176211453744,False
0.6119215488433838,0.4222222222222222,0.33480176211453744,False
0.616095781326294,0.41899441340782123,0.3303964757709251,False
0.616998553276062,0.42134831460674155,0.3303964757709251,False
0.6172906756401062,0.423728813559322,0.3303964757709251,False
0.6178101301193237,0.42045454545454547,0.32599118942731276,False
0.6180682182312012,0.4228571428571429,0.32599118942731276,False
0.6183549165725708,0.41954022988505746,0.32158590308370044,False
0.6183782815933228,0.42196531791907516,0.32158590308370044,False
0.6198391914367676,0.42441860465116277,0.32158590308370044,False
0.6207706928253174,0.4269005847953216,0.32158590308370044,False
0.6231098175048828,0.4294117647058823,0.32158590308370044,False
0.6241618394851685,0.4319526627218935,0.32158590308370044,False
0.6245447397232056,0.42857142857142855,0.31718061674008813,False
0.625154972076416,0.4311377245508982,0.31718061674008813,False
0.6270269155502319,0.42771084337349397,0.31277533039647576,False
0.6274282932281494,0.42424242424242425,0.30837004405286345,False
0.6274794340133667,0.4268292682926829,0.30837004405286345,False
0.6275256872177124,0.4233128834355828,0.3039647577092511,False
0.6279816627502441,0.42592592592592593,0.3039647577092511,False
0.6300377249717712,0.42857142857142855,0.3039647577092511,False
0.6313148736953735,0.425,0.29955947136563876,False
0.635238528251648,0.4276729559748428,0.29955947136563876,False
0.6360349655151367,0.43037974683544306,0.29955947136563876,False
0.6384941339492798,0.43312101910828027,0.29955947136563876,False
0.639627993106842,0.4358974358974359,0.29955947136563876,False
0.6425131559371948,0.432258064516129,0.29515418502202645,False
0.6441114544868469,0.43506493506493504,0.29515418502202645,False
0.6444284319877625,0.43137254901960786,0.2907488986784141,False
0.645000159740448,0.4276315789473684,0.28634361233480177,False
0.6478999853134155,0.4304635761589404,0.28634361233480177,False
0.6494401693344116,0.43333333333333335,0.28634361233480177,False
0.6513684988021851,0.436241610738255,0.28634361233480177,False
0.6559116244316101,0.4391891891891892,0.28634361233480177,False
0.6560326814651489,0.4421768707482993,0.28634361233480177,False
0.6602139472961426,0.4452054794520548,0.28634361233480177,False
0.6637568473815918,0.4413793103448276,0.28193832599118945,False
0.6702436208724976,0.4444444444444444,0.28193832599118945,False
0.671473503112793,0.44755244755244755,0.28193832599118945,False
0.6715105772018433,0.4507042253521127,0.28193832599118945,False
0.6720798015594482,0.45390070921985815,0.28193832599118945,False
0.6729004383087158,0.45714285714285713,0.28193832599118945,False
0.6753096580505371,0.460431654676259,0.28193832599118945,False
0.6821204423904419,0.463768115942029,0.28193832599118945,False
0.6853550672531128,0.45985401459854014,0.2775330396475771,False
0.6855500936508179,0.45588235294117646,0.27312775330396477,False
0.6865975856781006,0.45185185185185184,0.2687224669603524,False
0.6924309730529785,0.4552238805970149,0.2687224669603524,False
0.6969897747039795,0.45112781954887216,0.2643171806167401,False
0.6979730725288391,0.45454545454545453,0.2643171806167401,False
0.6990129947662354,0.4580152671755725,0.2643171806167401,False
0.7009522914886475,0.45384615384615384,0.2599118942731278,False
0.7012238502502441,0.4496124031007752,0.2555066079295154,False
0.7110663056373596,0.453125,0.2555066079295154,False
0.7115510702133179,0.44881889763779526,0.2511013215859031,False
0.7166095972061157,0.4444444444444444,0.24669603524229075,False
0.7178580164909363,0.448,0.24669603524229075,False
0.718177080154419,0.4435483870967742,0.2422907488986784,False
0.7240278720855713,0.44715447154471544,0.2422907488986784,False
0.7240849733352661,0.45081967213114754,0.2422907488986784,False
0.7270679473876953,0.4462809917355372,0.23788546255506607,False
0.7271443605422974,0.44166666666666665,0.23348017621145375,False
0.7285077571868896,0.4369747899159664,0.2290748898678414,False
0.729004979133606,0.4406779661016949,0.2290748898678414,False
0.730008065700531,0.4444444444444444,0.2290748898678414,False
0.7313851714134216,0.4482758620689655,0.2290748898678414,False
0.7326620221138,0.45217391304347826,0.2290748898678414,False
0.7350330352783203,0.45614035087719296,0.2290748898678414,False
0.7352275848388672,0.46017699115044247,0.2290748898678414,False
0.7384247779846191,0.4642857142857143,0.2290748898678414,False
0.7386252880096436,0.4594594594594595,0.22466960352422907,False
0.7387429475784302,0.4636363636363636,0.22466960352422907,False
0.7449287176132202,0.46788990825688076,0.22466960352422907,False
0.7476500868797302,0.46296296296296297,0.22026431718061673,False
0.7494379281997681,0.45794392523364486,0.21585903083700442,False
0.7517626881599426,0.4528301886792453,0.21145374449339208,False
0.7541036009788513,0.45714285714285713,0.21145374449339208,False
0.755011260509491,0.46153846153846156,0.21145374449339208,False
0.755372166633606,0.4563106796116505,0.20704845814977973,False
0.7598232626914978,0.46078431372549017,0.20704845814977973,False
0.7616478204727173,0.46534653465346537,0.20704845814977973,False
0.7617800235748291,0.47,0.20704845814977973,False
0.7659937143325806,0.47474747474747475,0.20704845814977973,False
0.7662121057510376,0.47959183673469385,0.20704845814977973,False
0.766462504863739,0.4845360824742268,0.20704845814977973,False
0.7678515911102295,0.4895833333333333,0.20704845814977973,False
0.7680696249008179,0.49473684210526314,0.20704845814977973,False
0.7698863744735718,0.5,0.20704845814977973,False
0.7700244784355164,0.5053763440860215,0.20704845814977973,False
0.7721891403198242,0.5108695652173914,0.20704845814977973,False
0.7726091146469116,0.5054945054945055,0.2026431718061674,False
0.7751341462135315,0.5111111111111111,0.2026431718061674,False
0.7815020680427551,0.5168539325842697,0.2026431718061674,False
0.7820413708686829,0.5113636363636364,0.19823788546255505,False
0.7883049249649048,0.5172413793103449,0.19823788546255505,False
0.7890024781227112,0.5116279069767442,0.19383259911894274,False
0.7906489372253418,0.5176470588235295,0.19383259911894274,False
0.7914780378341675,0.5238095238095238,0.19383259911894274,False
0.7927215099334717,0.5301204819277109,0.19383259911894274,False
0.79355788230896,0.5365853658536586,0.19383259911894274,False
0.7942213416099548,0.5432098765432098,0.19383259911894274,False
0.7942819595336914,0.5375,0.1894273127753304,False
0.7942894101142883,0.5443037974683544,0.1894273127753304,False
0.7991759181022644,0.5512820512820513,0.1894273127753304,False
0.8015685081481934,0.5584415584415584,0.1894273127753304,False
0.8017638921737671,0.5657894736842105,0.1894273127753304,False
0.8037106990814209,0.56,0.18502202643171806,False
0.8055641055107117,0.5675675675675675,0.18502202643171806,False
0.8060311675071716,0.5753424657534246,0.18502202643171806,False
0.8063477277755737,0.5833333333333334,0.18502202643171806,False
0.8066704273223877,0.5915492957746479,0.18502202643171806,False
0.808668315410614,0.6,0.18502202643171806,False
0.8097590804100037,0.5942028985507246,0.18061674008810572,False
0.8121239542961121,0.6029411764705882,0.18061674008810572,False
0.8130961656570435,0.6119402985074627,0.18061674008810572,False
0.8150356411933899,0.6212121212121212,0.18061674008810572,False
0.8208011388778687,0.6153846153846154,0.1762114537444934,False
0.8209123611450195,0.609375,0.17180616740088106,False
0.8235400915145874,0.6190476190476191,0.17180616740088106,False
0.8270251750946045,0.6290322580645161,0.17180616740088106,False
0.8272762894630432,0.6229508196721312,0.16740088105726872,False
0.8293049335479736,0.6166666666666667,0.16299559471365638,False
0.8320497274398804,0.6271186440677966,0.16299559471365638,False
0.8323391079902649,0.6206896551724138,0.15859030837004406,False
0.8323787450790405,0.6140350877192983,0.15418502202643172,False
0.8325778841972351,0.6071428571428571,0.14977973568281938,False
0.8328757286071777,0.6,0.14537444933920704,False
0.832966685295105,0.5925925925925926,0.14096916299559473,False
0.8334234952926636,0.6037735849056604,0.14096916299559473,False
0.8359998464584351,0.5961538461538461,0.13656387665198239,False
0.8362112641334534,0.6078431372549019,0.13656387665198239,False
0.8399062156677246,0.62,0.13656387665198239,False
0.8411045670509338,0.6326530612244898,0.13656387665198239,False
0.8422496914863586,0.625,0.13215859030837004,False
0.8425977826118469,0.6170212765957447,0.1277533039647577,False
0.8436657190322876,0.6304347826086957,0.1277533039647577,False
0.8446837663650513,0.6222222222222222,0.12334801762114538,False
0.8517338037490845,0.6136363636363636,0.11894273127753303,False
0.8573542833328247,0.627906976744186,0.11894273127753303,False
0.8620316386222839,0.6190476190476191,0.1145374449339207,False
0.863099992275238,0.6341463414634146,0.1145374449339207,False
0.865458607673645,0.625,0.11013215859030837,False
0.8660647869110107,0.6153846153846154,0.10572687224669604,False
0.8668724298477173,0.631578947368421,0.10572687224669604,False
0.8682512044906616,0.6216216216216216,0.1013215859030837,False
0.8713821768760681,0.6388888888888888,0.1013215859030837,False
0.8717734813690186,0.6285714285714286,0.09691629955947137,False
0.8728659152984619,0.6176470588235294,0.09251101321585903,False
0.875786542892456,0.6363636363636364,0.09251101321585903,False
0.8806256055831909,0.625,0.0881057268722467,False
0.884768545627594,0.6451612903225806,0.0881057268722467,False
0.8884096145629883,0.6333333333333333,0.08370044052863436,False
0.8888776898384094,0.6206896551724138,0.07929515418502203,False
0.8920478820800781,0.6071428571428571,0.07488986784140969,False
0.8930708169937134,0.5925925925925926,0.07048458149779736,False
0.8940548300743103,0.6153846153846154,0.07048458149779736,False
0.8941844701766968,0.6,0.06607929515418502,False
0.8952454328536987,0.5833333333333334,0.06167400881057269,False
0.8962736129760742,0.5652173913043478,0.05726872246696035,False
0.8964715003967285,0.5454545454545454,0.05286343612334802,False
0.8983070850372314,0.5238095238095238,0.048458149779735685,False
0.8987433314323425,0.5,0.04405286343612335,False
0.9030686616897583,0.47368421052631576,0.039647577092511016,False
0.9034551382064819,0.4444444444444444,0.03524229074889868,False
0.9208834171295166,0.4117647058823529,0.030837004405286344,False
0.9250154495239258,0.4375,0.030837004405286344,False
0.9264624714851379,0.4,0.02643171806167401,False
0.9315999150276184,0.42857142857142855,0.02643171806167401,False
0.9446069598197937,0.38461538461538464,0.022026431718061675,False
0.9493622779846191,0.4166666666666667,0.022026431718061675,False
0.9596279859542847,0.45454545454545453,0.022026431718061675,False
0.9660242199897766,0.5,0.022026431718061675,False
0.97496098279953,0.4444444444444444,0.01762114537444934,False
0.9824062585830688,0.375,0.013215859030837005,False
0.9953802227973938,0.42857142857142855,0.013215859030837005,False
0.998202919960022,0.3333333333333333,0.00881057268722467,False
0.9983612298965454,0.2,0.004405286343612335,False
0.9991263747215271,0.25,0.004405286343612335,False
0.9994661211967468,0.3333333333333333,0.004405286343612335,False
0.9997290372848511,0.5,0.004405286343612335,False
0.9999721646308899,1.0,0.004405286343612335,False
