threshold,precision,recall,meets_review_recall_floor
0.0,0.101930848675348,1.0,True
0.0002753977968176253,0.10987415295256535,1.0,True
0.0002860453327540009,0.1099273607748184,1.0,True
0.00031095254805630284,0.10998062015503876,1.0,True
0.00034158206429780026,0.11003393116820165,1.0,True
0.0003920473855415837,0.11008729388942774,1.0,True
0.0004157514904298713,0.11019417475728155,1.0,True
0.0007546115148127443,0.11024769305488101,1.0,True
0.0008168199759027982,0.11035488575595527,1.0,True
0.0008581752484191507,0.11040856031128404,1.0,True
0.0009243161798794622,0.11051606621226874,1.0,True
0.000955471890146663,0.11056989771066732,1.0,True
0.0010723771580345286,0.11073170731707317,1.0,True
0.00108,0.11078574914592484,1.0,True
0.0011331038439472173,0.11083984375,1.0,True
0.0011423864775820082,0.11094819159335288,1.0,True
0.001161790017211704,0.1111111111111111,1.0,True
0.0012316806984720922,0.11116552399608227,1.0,True
0.0012371615312791783,0.11132908288376656,1.0,True
0.0013490437158469944,0.11138370951913641,1.0,True
0.0013490437158469946,0.11143838978890526,1.0,True
0.0013534218590398365,0.11198815984213123,1.0,True
0.0013556008839027708,0.11232063334982682,1.0,True
0.0013691683569979716,0.11243189697870233,1.0,True
0.0013859832635983267,0.11254338125929599,1.0,True
0.0013971880492091389,0.11259920634920635,1.0,True
0.001421948827672283,0.11265508684863523,1.0,True
0.0014219488276722833,0.11271102284011916,1.0,True
0.0014265439953019482,0.11276701440635867,1.0,True
0.0014911287278218195,0.11299153807864609,1.0,True
0.0014911287278218197,0.11344327836081959,1.0,True
0.0014937993235625705,0.1135,1.0,True
0.0014951256092988377,0.11372745490981964,1.0,True
0.0015003716090672614,0.11441532258064516,1.0,True
0.0015033407572383076,0.1147043961596766,1.0,True
0.001525841182723924,0.11511156186612576,1.0,True
0.0015333682594098814,0.11516996448503297,1.0,True
0.0015335648148148149,0.11522842639593908,1.0,True
0.0015443241075010024,0.11528694768918232,1.0,True
0.0015453834115805947,0.11534552845528455,1.0,True
0.0015740187288304443,0.1154041687849517,1.0,True
0.0015755053507728895,0.11552162849872774,1.0,True
0.001576242711730408,0.11575726670066293,1.0,True
0.001577881337920872,0.11617195496417605,1.0,True
0.001579153221863694,0.11623143881208398,1.0,True
0.0015807962529274004,0.11629098360655737,1.0,True
0.0015923565376559168,0.11641025641025642,1.0,True
0.0015997162031793938,0.11646998460749101,1.0,True
0.001603735282176208,0.11652977412731007,1.0,True
0.0016052737520128825,0.11658962506420134,1.0,True
0.001608419380460683,0.11664953751284686,1.0,True
0.001620194016963787,0.1167095115681234,1.0,True
0.0016289648389476272,0.11676954732510288,1.0,True
0.0016301571280190178,0.11688980432543769,1.0,True
0.0016622483985200029,0.11695002575991757,1.0,True
0.0016666666666666668,0.11701030927835052,1.0,True
0.0017058327823244943,0.11779968863518422,1.0,True
0.0017134818995713425,0.11786085150571132,1.0,True
0.0017327638808090121,0.11792207792207793,1.0,True
0.0017540100872375187,0.11798336798336799,1.0,True
0.0017562981035682775,0.11804472178887156,1.0,True
0.0018060781573551407,0.11810613943808533,1.0,True
0.0018562681588500834,0.11816762103071317,1.0,True
0.001892418994608845,0.11822916666666666,1.0,True
0.0019423529993245136,0.11829077644606566,1.0,True
0.0019527119994206677,0.11835245046923878,1.0,True
0.0019712006074052778,0.11841418883672405,1.0,True
0.001982964457956438,0.11847599164926931,1.0,True
0.002023392840900345,0.1185378590078329,1.0,True
0.002096119679794005,0.11859979101358412,1.0,True
0.0022173651683439744,0.11866178776790381,1.0,True
0.0023474056413155617,0.11872384937238493,1.0,True
0.0023600410281164343,0.11878597592883307,1.0,True
0.0023711061531691926,0.11884816753926701,1.0,True
0.0024821475597942124,0.11891042430591933,1.0,True
0.0025139664804469273,0.11903513371788149,1.0,True
0.0025727378419354995,0.11909758656873033,1.0,True
0.002585381042070347,0.11916010498687664,1.0,True
0.002595495162509736,0.11922268907563026,1.0,True
0.002605904616371196,0.11928533893851813,1.0,True
0.00261502519138481,0.11934805467928496,1.0,True
0.002624232571769037,0.11941083640189375,1.0,True
0.0026651307744500114,0.119536598209584,1.0,True
0.002698087431693989,0.11966262519768055,1.0,True
0.0027228094262939117,0.11972573839662447,1.0,True
0.002722809426293912,0.11978891820580474,1.0,True
0.0027285014360533873,0.11985216473072861,1.0,True
0.0027309608548417488,0.11991547807712626,1.0,True
0.002735019887905803,0.11997885835095137,1.0,True
0.002751146082425378,0.12004230565838181,1.0,True
0.002760323997461771,0.1201058201058201,1.0,True
0.002765832816484047,0.12016940179989412,1.0,True
0.0027775497115750535,0.12023305084745763,1.0,True
0.0027803181827819436,0.12029676735559089,1.0,True
0.0027832673166421564,0.12036055143160128,1.0,True
0.0027941547987697774,0.12048832271762208,1.0,True
0.002816136990337373,0.12055231014338821,1.0,True
0.0028377794931508642,0.12068048910154174,1.0,True
0.0028401724436688145,0.12074468085106382,1.0,True
0.0028427482760044896,0.12093766648907832,1.0,True
0.002847221182602407,0.12100213219616204,1.0,True
0.002850726493201608,0.1211959423384944,1.0,True
0.002864622327093955,0.1213254943880278,1.0,True
0.002872509114236279,0.1215203426124197,1.0,True
0.0029038439435028485,0.12171581769436997,1.0,True
0.002917074436971121,0.12178111587982833,1.0,True
0.002931843595633179,0.12184648416532474,1.0,True
0.002935901725688105,0.12191192266380237,1.0,True
0.0029434039398903876,0.12197743148844707,1.0,True
0.0029608746359156535,0.12210866057019903,1.0,True
0.0029726933999820277,0.12217438105489774,1.0,True
0.002975794900866558,0.12224017232094776,1.0,True
0.002982257455643639,0.12230603448275862,1.0,True
0.002987598647125141,0.12243797195253506,1.0,True
0.0029902512185976753,0.12263641274986493,1.0,True
0.0030007432181345228,0.12296858071505959,1.0,True
0.0030020493460748377,0.12310195227765727,1.0,True
0.003006681514476615,0.12316874660879001,1.0,True
0.003008491469308904,0.1233695652173913,1.0,True
0.003015710382513661,0.12343665035345297,1.0,True
0.0030211788089127686,0.1235038084874864,1.0,True
0.0030222675505694376,0.12357103973870441,1.0,True
0.003022581669568451,0.12363834422657952,1.0,True
0.003031416755517974,0.12370572207084468,1.0,True
0.0030360976837087075,0.123773173391494,1.0,True
0.003065147456652264,0.12384069830878341,1.0,True
0.00306930467433546,0.12390829694323144,1.0,True
0.003071368321029246,0.12404371584699453,1.0,True
0.0030795248309309553,0.12417943107221006,1.0,True
0.0030841370101657075,0.12431544359255203,1.0,True
0.00308861549433895,0.12452002194185409,1.0,True
0.0030985631507729054,0.12458836443468715,1.0,True
0.0031153196262626247,0.12465678198791873,1.0,True
0.0031535168116129603,0.12472527472527473,1.0,True
0.0031577953944884863,0.12479384277075316,1.0,True
0.003160465990229237,0.12486248624862487,1.0,True
0.003170007423904974,0.125,1.0,True
0.0031892156333880833,0.12513781697905182,1.0,True
0.0031925078493905907,0.1252068394925538,1.0,True
0.0031953097517508845,0.12527593818984548,1.0,True
0.00322940857717913,0.12534511319712865,1.0,True
0.003242909378397075,0.12541436464088399,1.0,True
0.0032739516985138004,0.12548369264787176,1.0,True
0.0033289150651866694,0.12555309734513273,1.0,True
0.00341959118366133,0.12562257885998893,1.0,True
0.003441588790551737,0.1256921373200443,1.0,True
0.0035572176168665193,0.1257617728531856,1.0,True
0.0035629377871386862,0.12583148558758314,1.0,True
0.003627120629049023,0.12590127565169162,1.0,True
0.0036960121225560858,0.1260410882842865,1.0,True
0.0038528849977265437,0.12611111111111112,1.0,True
0.003888348385108079,0.12618121178432462,1.0,True
0.0038952951130893174,0.12625139043381536,1.0,True
0.003944005249358852,0.12632164718976072,1.0,True
0.003944347673375575,0.12639198218262807,1.0,True
0.003949369757698574,0.12646239554317548,1.0,True
0.0039801660300611726,0.1265328874024526,1.0,True
0.004013432427011201,0.12660345789180144,1.0,True
0.004031394241832218,0.12667410714285715,1.0,True
0.00404894742285564,0.12674483528754885,1.0,True
0.004066802651708312,0.12681564245810056,1.0,True
0.004112465985483753,0.12688652878703185,1.0,True
0.004128148904050887,0.12695749440715884,1.0,True
0.004168471531688319,0.12702853945159484,1.0,True
0.004179685525892928,0.1270996640537514,1.0,True
0.004198772385497748,0.12717086834733893,1.0,True
0.004200643041642243,0.12724215246636772,1.0,True
0.004201291778677024,0.12731351654514864,1.0,True
0.004206327377104379,0.12738496071829405,1.0,True
0.0042301454972046406,0.12752808988764044,1.0,True
0.004245927027377412,0.12759977515458124,1.0,True
0.004251517691492639,0.12767154105736783,1.0,True
0.00426963286717169,0.1277433877321328,1.0,True
0.004281140018654095,0.12781531531531531,1.0,True
0.004300866068111891,0.12788732394366198,1.0,True
0.004303209235205407,0.12795941375422773,1.0,True
0.00430563013334456,0.12803158488437677,1.0,True
0.0043109205567488625,0.1281038374717833,1.0,True
0.004316873451744369,0.12761151891586675,0.9955947136563876,True
0.004331301171490633,0.12768361581920903,0.9955947136563876,True
0.004331301171490634,0.12775579423403052,0.9955947136563876,True
0.004331797441116678,0.12782805429864252,0.9955947136563876,True
0.004341020506164977,0.1279003961516695,0.9955947136563876,True
0.0043458521025004455,0.12797281993204984,0.9955947136563876,True
0.004364993936161216,0.12804532577903682,0.9955947136563876,True
0.004375849871474586,0.1281905842314237,0.9955947136563876,True
0.004384786696334279,0.1282633371169126,0.9955947136563876,True
0.0043989695528016855,0.12833617262918795,0.9955947136563876,True
0.00440500338066261,0.12840909090909092,0.9955947136563876,True
0.004417812749092045,0.12848209209778283,0.9955947136563876,True
0.004426969204932016,0.1285551763367463,0.9955947136563876,True
0.004443775548957649,0.128628343767786,0.9955947136563876,True
0.004448819286060612,0.12870159453302962,0.9955947136563876,True
0.004464600004900896,0.12877492877492877,0.9955947136563876,True
0.004508601903756369,0.12884834663625996,0.9955947136563876,True
0.004515151130402894,0.1289218482601255,0.9955947136563876,True
0.004533691037023061,0.12899543378995434,0.9955947136563876,True
0.004556276184474083,0.12906910336950314,0.9955947136563876,True
0.004563103997898031,0.12914285714285714,0.9955947136563876,True
0.004566493930328083,0.1292166952544311,0.9955947136563876,True
0.004567375156095112,0.12929061784897025,0.9955947136563876,True
0.004572560763771526,0.12936462507155122,0.9955947136563876,True
0.004587924985895034,0.12943871706758306,0.9955947136563876,True
0.004594145941378113,0.12951289398280802,0.9955947136563876,True
0.004596488199655069,0.12958715596330275,0.9955947136563876,True
0.0046008581999431,0.12966150315547906,0.9955947136563876,True
0.0046100706065570545,0.12973593570608496,0.9955947136563876,True
0.004611603796827046,0.12981045376220562,0.9955947136563876,True
0.0046433248639108134,0.12988505747126436,0.9955947136563876,True
0.004648924122310306,0.12995974698102358,0.9955947136563876,True
0.00465686247921835,0.13003452243958574,0.9955947136563876,True
0.004658192606743207,0.13010938399539435,0.9955947136563876,True
0.004673348181143281,0.13018433179723501,0.9955947136563876,True
0.004684848730324848,0.13025936599423632,0.9955947136563876,True
0.0047508036768323745,0.1303344867358708,0.9955947136563876,True
0.004750803676832375,0.13040969417195614,0.9955947136563876,True
0.00478721957598,0.13048498845265588,0.9955947136563876,True
0.004806975326418469,0.13056036972848065,0.9955947136563876,True
0.004809452669345788,0.130635838150289,0.9955947136563876,True
0.004897726969889155,0.1307113938692886,0.9955947136563876,True
0.004928418440766295,0.13078703703703703,0.9955947136563876,True
0.004965537967002567,0.13086276780544295,0.9955947136563876,True
0.005,0.13093858632676708,0.9955947136563876,True
0.005030201195757781,0.1310144927536232,0.9955947136563876,True
0.005101425951672874,0.13109048723897912,0.9955947136563876,True
0.005117265287439827,0.13116656993615786,0.9955947136563876,True
0.005181188235388831,0.13124274099883856,0.9955947136563876,True
0.005200655527590653,0.13131900058105753,0.9955947136563876,True
0.005204956986088124,0.1313953488372093,0.9955947136563876,True
0.005288173953362234,0.1314717859220477,0.9955947136563876,True
0.005350900512259144,0.13154831199068684,0.9955947136563876,True
0.005379477112929899,0.13162492719860222,0.9955947136563876,True
0.005445618852587823,0.1317016317016317,0.9955947136563876,True
0.005446221655711344,0.13177842565597667,0.9955947136563876,True
0.005455515061826478,0.13185530921820304,0.9955947136563876,True
0.005460509668779373,0.13193228254524225,0.9955947136563876,True
0.005471540795647545,0.13200934579439252,0.9955947136563876,True
0.005498660711457714,0.13208649912331968,0.9955947136563876,True
0.0055449691655129725,0.13216374269005848,0.9955947136563876,True
0.0056172365537215,0.13224107665301346,0.9955947136563876,True
0.005628276204776662,0.1323185011709602,0.9955947136563876,True
0.005645871870971351,0.13239601640304627,0.9955947136563876,True
0.005655840981927939,0.1324736225087925,0.9955947136563876,True
0.005661986620886074,0.13255131964809383,0.9955947136563876,True
0.005665657403000601,0.13262910798122066,0.9955947136563876,True
0.005693974985234927,0.13270698766881972,0.9955947136563876,True
0.005705066881937552,0.13278495887191538,0.9955947136563876,True
0.0057382085553741155,0.13286302175191064,0.9955947136563876,True
0.005741774096532441,0.13294117647058823,0.9955947136563876,True
0.005747368835246593,0.13301942319011184,0.9955947136563876,True
0.005752775122511633,0.1330977620730271,0.9955947136563876,True
0.0057825700888347875,0.13317619328226282,0.9955947136563876,True
0.005796159021126409,0.1332547169811321,0.9955947136563876,True
0.005808026266984343,0.13333333333333333,0.9955947136563876,True
0.005814328529740065,0.1334120425029516,0.9955947136563876,True
0.005822429899312453,0.13349084465445954,0.9955947136563876,True
0.005834819829727548,0.13356973995271867,0.9955947136563876,True
0.005836339498811127,0.1336487285629805,0.9955947136563876,True
0.005840977711799283,0.13372781065088757,0.9955947136563876,True
0.005844628888873704,0.13380698638247485,0.9955947136563876,True
0.00586413433498905,0.1338862559241706,0.9955947136563876,True
0.005865786179210375,0.13396561944279786,0.9955947136563876,True
0.005877198218015461,0.13404507710557534,0.9955947136563876,True
0.005880421465277921,0.13412462908011868,0.9955947136563876,True
0.00588221614080013,0.1342042755344418,0.9955947136563876,True
0.005896812163871307,0.13428401663695783,0.9955947136563876,True
0.005922094814230854,0.13436385255648037,0.9955947136563876,True
0.005945355657161652,0.13444378346222485,0.9955947136563876,True
0.0059566461244019864,0.13452380952380952,0.9955947136563876,True
0.005984522361075828,0.1346039309112567,0.9955947136563876,True
0.005995964745902478,0.13468414779499405,0.9955947136563876,True
0.006007687172831644,0.1347644603458557,0.9955947136563876,True
0.00601336302895323,0.13484486873508353,0.9955947136563876,True
0.00603410162009108,0.13492537313432837,0.9955947136563876,True
0.006058658755907909,0.13500597371565112,0.9955947136563876,True
0.006060198782845659,0.13508667065152422,0.9955947136563876,True
0.0060607204953749515,0.13516746411483255,0.9955947136563876,True
0.006061182516454749,0.13524835427887494,0.9955947136563876,True
0.006064294188175083,0.13532934131736526,0.9955947136563876,True
0.006090818524642323,0.1354104254044338,0.9955947136563876,True
0.006118441652175605,0.1354916067146283,0.9955947136563876,True
0.006119972033830346,0.13557288542291543,0.9955947136563876,True
0.006126754961961501,0.13565426170468187,0.9955947136563876,True
0.006130294913304528,0.13573573573573575,0.9955947136563876,True
0.006142736642058492,0.13581730769230768,0.9955947136563876,True
0.006171767682340966,0.1358989777510523,0.9955947136563876,True
0.006180554626145697,0.13598074608904934,0.9955947136563876,True
0.006192068836845658,0.13606261288380495,0.9955947136563876,True
0.006192217191667576,0.13614457831325302,0.9955947136563876,True
0.006205842447569612,0.13622664255575648,0.9955947136563876,True
0.006215718987574345,0.13630880579010857,0.9955947136563876,True
0.006223853744490062,0.1363910681955341,0.9955947136563876,True
0.006234071939739743,0.13647342995169082,0.9955947136563876,True
0.00624705718371565,0.1365558912386707,0.9955947136563876,True
0.006259766422457106,0.13663845223700122,0.9955947136563876,True
0.006267876370550838,0.1367211131276467,0.9955947136563876,True
0.006277111902228129,0.1368038740920097,0.9955947136563876,True
0.0063064388185351825,0.13688673531193216,0.9955947136563876,True
0.0063647672259491,0.13696969696969696,0.9955947136563876,True
0.006394439224579077,0.13705275924802912,0.9955947136563876,True
0.006407933941991644,0.13713592233009708,0.9955947136563876,True
0.00642192093037151,0.13721918639951428,0.9955947136563876,True
0.006423707988369467,0.13730255164034022,0.9955947136563876,True
0.006481755889394241,0.13738601823708207,0.9955947136563876,True
0.006482434742752331,0.13746958637469586,0.9955947136563876,True
0.006491128727821819,0.13755325623858794,0.9955947136563876,True
0.006508967141041421,0.13763702801461633,0.9955947136563876,True
0.006514537983091765,0.13772090188909203,0.9955947136563876,True
0.006518035002434759,0.1378048780487805,0.9955947136563876,True
0.006534806292546365,0.13788895668090298,0.9955947136563876,True
0.006590019607528866,0.13797313797313798,0.9955947136563876,True
0.00661312195224445,0.13805742211362249,0.9955947136563876,True
0.006666173186216663,0.13814180929095354,0.9955947136563876,True
0.0066765285369243445,0.1382262996941896,0.9955947136563876,True
0.0067945455159633536,0.1383108935128519,0.9955947136563876,True
0.006807008973747553,0.1383955909369259,0.9955947136563876,True
0.006849829725404459,0.13848039215686275,0.9955947136563876,True
0.006882453560817918,0.13856529736358061,0.9955947136563876,True
0.006904039013426133,0.13865030674846626,0.9955947136563876,True
0.006968907871650174,0.1387354205033763,0.9955947136563876,True
0.007020984141547493,0.13882063882063883,0.9955947136563876,True
0.007083706520528275,0.1389059618930547,0.9955947136563876,True
0.007108432597046241,0.13899138991389914,0.9955947136563876,True
0.00712957025145497,0.13916256157635468,0.9955947136563876,True
0.00717679009897522,0.1392483056069008,0.9955947136563876,True
0.007180508756243121,0.13933415536374846,0.9955947136563876,True
0.007214853943395371,0.13942011104256632,0.9955947136563876,True
0.0072198905998017955,0.13950617283950617,0.9955947136563876,True
0.007234021757867983,0.13959234095120446,0.9955947136563876,True
0.007286088034988785,0.13967861557478367,0.9955947136563876,True
0.007299206192415149,0.13976499690785404,0.9955947136563876,True
0.007325814481399959,0.13985148514851486,0.9955947136563876,True
0.007331042522423594,0.13993808049535603,0.9955947136563876,True
0.007358812800565195,0.14002478314745972,0.9955947136563876,True
0.007373078788088363,0.14011159330440173,0.9955947136563876,True
0.0074093972076471355,0.1401985111662531,0.9955947136563876,True
0.007410325180500437,0.14028553693358162,0.9955947136563876,True
0.007454624230705543,0.14037267080745341,0.9955947136563876,True
0.007487114109286905,0.14045991298943444,0.9955947136563876,True
0.007509055182497285,0.14054726368159204,0.9955947136563876,True
0.007533976374975576,0.14063472308649658,0.9955947136563876,True
0.007556745148925758,0.14072229140722292,0.9955947136563876,True
0.0075806924738098715,0.14080996884735203,0.9955947136563876,True
0.0075941592818806304,0.14089775561097256,0.9955947136563876,True
0.007596998088033411,0.14107365792759052,0.9955947136563876,True
0.007612713502941334,0.14116177389131793,0.9955947136563876,True
0.007623312791068653,0.14125,0.9955947136563876,True
0.007666638752367218,0.14133833646028768,0.9955947136563876,True
0.0077337596385690585,0.1414267834793492,0.9955947136563876,True
0.00775605986670863,0.14151534126487164,0.9955947136563876,True
0.00776061553137063,0.14160401002506265,0.9955947136563876,True
0.00776315362429327,0.14169278996865203,0.9955947136563876,True
0.007825716328528578,0.14178168130489335,0.9955947136563876,True
0.007853430033838359,0.1418706842435656,0.9955947136563876,True
0.007896437331231364,0.14195979899497488,0.9955947136563876,True
0.007940019310220458,0.142049025769956,0.9955947136563876,True
0.007967828703766899,0.1421383647798742,0.9955947136563876,True
0.00797025464870188,0.1422278162366268,0.9955947136563876,True
0.008029442576240688,0.14231738035264482,0.9955947136563876,True
0.008030127679852242,0.14240705734089476,0.9955947136563876,True
0.00806781038339294,0.1424968474148802,0.9955947136563876,True
0.008071368321029247,0.14258675078864352,0.9955947136563876,True
0.008110134493192964,0.14267676767676768,0.9955947136563876,True
0.008116972924068438,0.14276689829437778,0.9955947136563876,True
0.008124573077211896,0.14285714285714285,0.9955947136563876,True
0.00816115003045544,0.14294750158127767,0.9955947136563876,True
0.008175532315374772,0.14303797468354432,0.9955947136563876,True
0.008202663046833477,0.14312856238125396,0.9955947136563876,True
0.008207864830085837,0.1432192648922687,0.9955947136563876,True
0.008241150346461055,0.14331008243500318,0.9955947136563876,True
0.008298856162763473,0.1434010152284264,0.9955947136563876,True
0.008331284143026474,0.1434920634920635,0.9955947136563876,True
0.008339187100306329,0.14358322744599747,0.9955947136563876,True
0.008395994584810084,0.14367450731087095,0.9955947136563876,True
0.008454072632254714,0.14376590330788805,0.9955947136563876,True
0.008465849658234296,0.14385741565881605,0.9955947136563876,True
0.008493771856640329,0.14394904458598726,0.9955947136563876,True
0.008508620340031728,0.14404079031230083,0.9955947136563876,True
0.00850959178207749,0.14422463305679642,0.9955947136563876,True
0.0085710460698332,0.14431673052362706,0.9955947136563876,True
0.008604785005089249,0.14440894568690096,0.9955947136563876,True
0.008615217480902675,0.1445012787723785,0.9955947136563876,True
0.008615885477595927,0.14459373000639794,0.9955947136563876,True
0.008631718817069518,0.1446862996158771,0.9955947136563876,True
0.00867849380340324,0.1447789878283152,0.9955947136563876,True
0.008691704205000891,0.14487179487179488,0.9955947136563876,True
0.008720460817920939,0.14496472097498397,0.9955947136563876,True
0.008778952185921157,0.14505776636713735,0.9955947136563876,True
0.008790941094008742,0.14515093127809892,0.9955947136563876,True
0.008820044643020917,0.14524421593830333,0.9955947136563876,True
0.008825147579719693,0.14533762057877814,0.9955947136563876,True
0.008853716427213809,0.14543114543114544,0.9955947136563876,True
0.008854908355434052,0.14552479072762395,0.9955947136563876,True
0.008882954043153469,0.14561855670103094,0.9955947136563876,True
0.0088843463806982,0.14571244358478402,0.9955947136563876,True
0.008897711338193774,0.14580645161290323,0.9955947136563876,True
0.008904577028698546,0.1459005810200129,0.9955947136563876,True
0.008905106192167138,0.14599483204134367,0.9955947136563876,True
0.008906770147471849,0.14608920491273433,0.9955947136563876,True
0.008907055860165273,0.1461836998706339,0.9955947136563876,True
0.008915025652377532,0.14627831715210357,0.9955947136563876,True
0.00892928289876661,0.14637305699481865,0.9955947136563876,True
0.008941721511554026,0.14646791963707065,0.9955947136563876,True
0.00897029917105822,0.14656290531776914,0.9955947136563876,True
0.008984066230016451,0.14665801427644387,0.9955947136563876,True
0.008986812219377457,0.14675324675324675,0.9955947136563876,True
0.00900574305677237,0.14684860298895386,0.9955947136563876,True
0.009060806253512878,0.1469440832249675,0.9955947136563876,True
0.009063115294809566,0.14703968770331816,0.9955947136563876,True
0.009081011267200002,0.14713541666666666,0.9955947136563876,True
0.009083887090196358,0.1472312703583062,0.9955947136563876,True
0.009083978198297976,0.14732724902216426,0.9955947136563876,True
0.009125759146481166,0.14742335290280495,0.9955947136563876,True
0.009147665870306047,0.1475195822454308,0.9955947136563876,True
0.009158111683218312,0.14761593729588504,0.9955947136563876,True
0.009174955534808031,0.1477124183006536,0.9955947136563876,True
0.009189139716561542,0.14780902550686723,0.9955947136563876,True
0.009269371795145207,0.14790575916230367,0.9955947136563876,True
0.009272659227195291,0.14800261951538965,0.9955947136563876,True
0.009279272261356128,0.14809960681520315,0.9955947136563876,True
0.009285100253308183,0.1481967213114754,0.9955947136563876,True
0.009302506855379221,0.14829396325459318,0.9955947136563876,True
0.009311607545290009,0.14839133289560077,0.9955947136563876,True
0.00946779451103928,0.14848883048620237,0.9955947136563876,True
0.00948514827393287,0.14858645627876396,0.9955947136563876,True
0.009491231139867818,0.14868421052631578,0.9955947136563876,True
0.009551839329440709,0.1487820934825543,0.9955947136563876,True
0.009676367152915985,0.14888010540184454,0.9955947136563876,True
0.009695098345965526,0.14897824653922215,0.9955947136563876,True
0.00976711163761576,0.14907651715039577,0.9955947136563876,True
0.009783639590735103,0.1491749174917492,0.9955947136563876,True
0.009787266505132515,0.14927344782034346,0.9955947136563876,True
0.009836903772886728,0.14937210839391937,0.9955947136563876,True
0.009863275449188115,0.14947089947089948,0.9955947136563876,True
0.009879573045419735,0.14956982131039048,0.9955947136563876,True
0.009921478504296017,0.14966887417218544,0.9955947136563876,True
0.009935713723888904,0.14976805831676607,0.9955947136563876,True
0.009979784480838295,0.14986737400530503,0.9955947136563876,True
0.009993736585846583,0.14996682149966822,0.9955947136563876,True
0.009998709877967348,0.150066401062417,0.9955947136563876,True
0.010020767227468636,0.15016611295681062,0.9955947136563876,True
0.010047662160401212,0.1502659574468085,0.9955947136563876,True
0.010115680924901425,0.15036593479707253,0.9955947136563876,True
0.010119258054436808,0.15046604527296936,0.9955947136563876,True
0.01013070014761568,0.15056628914057296,0.9955947136563876,True
0.01015438393462393,0.15066666666666667,0.9955947136563876,True
0.010244656022858003,0.15076717811874582,0.9955947136563876,True
0.010257546363102847,0.15086782376502003,0.9955947136563876,True
0.010288732612148582,0.1509686038744155,0.9955947136563876,True
0.01029414013582644,0.15106951871657753,0.9955947136563876,True
0.01030882569311117,0.15117056856187291,0.9955947136563876,True
0.010352812409085798,0.15127175368139223,0.9955947136563876,True
0.01035676443623494,0.15137307434695244,0.9955947136563876,True
0.010407471642127368,0.15147453083109919,0.9955947136563876,True
0.01043948797409913,0.15157612340710933,0.9955947136563876,True
0.010467232515530452,0.15167785234899328,0.9955947136563876,True
0.010564241397994808,0.15177971793149764,0.9955947136563876,True
0.01062251217154073,0.15188172043010753,0.9955947136563876,True
0.010622887811993135,0.15198386012104909,0.9955947136563876,True
0.010629400010517195,0.15208613728129206,0.9955947136563876,True
0.010705267574566094,0.15218855218855218,0.9955947136563876,True
0.010751715271072089,0.1522911051212938,0.9955947136563876,True
0.010816780650095881,0.1523937963587323,0.9955947136563876,True
0.010846039126533329,0.1524966261808367,0.9955947136563876,True
0.010908202620705264,0.15259959486833222,0.9955947136563876,True
0.0109301919000272,0.1527027027027027,0.9955947136563876,True
0.010933858653423717,0.15280594996619337,0.9955947136563876,True
0.010953549974932756,0.15290933694181327,0.9955947136563876,True
0.0109719265210157,0.15301286391333785,0.9955947136563876,True
0.010973540553307393,0.15311653116531165,0.9955947136563876,True
0.010982209273513219,0.15322033898305085,0.9955947136563876,True
0.011008684714020838,0.15332428765264586,0.9955947136563876,True
0.011049415986405856,0.15342837746096402,0.9955947136563876,True
0.01117854685235659,0.15353260869565216,0.9955947136563876,True
0.011236856817243134,0.15363698164513936,0.9955947136563876,True
0.011274712993272703,0.15374149659863945,0.9955947136563876,True
0.011274812459036557,0.15384615384615385,0.9955947136563876,True
0.01134521582427167,0.1539509536784741,0.9955947136563876,True
0.01139738552405978,0.15405589638718473,0.9955947136563876,True
0.011436036457069608,0.15416098226466576,0.9955947136563876,True
0.011528693603711003,0.15426621160409557,0.9955947136563876,True
0.011551310090309396,0.15437158469945356,0.9955947136563876,True
0.011594561217888764,0.1544771018455229,0.9955947136563876,True
0.011603584313501388,0.1545827633378933,0.9955947136563876,True
0.011607885200503706,0.15468856947296372,0.9955947136563876,True
0.011647365920734332,0.1547945205479452,0.9955947136563876,True
0.011674036017845335,0.1549006168608636,0.9955947136563876,True
0.011696036458584812,0.1550068587105624,0.9955947136563876,True
0.011715493111444077,0.15511324639670557,0.9955947136563876,True
0.011724136600852732,0.15521978021978022,0.9955947136563876,True
0.011724280822124112,0.15532646048109966,0.9955947136563876,True
0.01172774979963353,0.15543328748280605,0.9955947136563876,True
0.011747377296626121,0.15554026152787337,0.9955947136563876,True
0.011770555589594276,0.15564738292011018,0.9955947136563876,True
0.0117787002612618,0.15575465196416263,0.9955947136563876,True
0.011780077029392972,0.15586206896551724,0.9955947136563876,True
0.011780316814282724,0.1559696342305038,0.9955947136563876,True
0.011786409309497708,0.15607734806629833,0.9955947136563876,True
0.011841177997442305,0.15618521078092606,0.9955947136563876,True
0.01196940711178072,0.15629322268326418,0.9955947136563876,True
0.011994094122600942,0.156401384083045,0.9955947136563876,True
0.012027503631511413,0.15650969529085873,0.9955947136563876,True
0.012056627999808,0.15661815661815662,0.9955947136563876,True
0.012128401454581578,0.15672676837725383,0.9955947136563876,True
0.01220153286819584,0.1568355308813324,0.9955947136563876,True
0.012229442814726663,0.15694444444444444,0.9955947136563876,True
0.012304345990422053,0.15705350938151494,0.9955947136563876,True
0.012334360384023024,0.1571627260083449,0.9955947136563876,True
0.01233681813204616,0.15727209464161448,0.9955947136563876,True
0.012347459933314648,0.1573816155988858,0.9955947136563876,True
0.012385807640035879,0.156794425087108,0.9911894273127754,True
0.012407496940380826,0.15690376569037656,0.9911894273127754,True
0.012444521007897207,0.15701325889741802,0.9911894273127754,True
0.012476200707073061,0.15712290502793297,0.9911894273127754,True
0.012565146772581607,0.15723270440251572,0.9911894273127754,True
0.012581670190002127,0.15734265734265734,0.9911894273127754,True
0.012584431862220736,0.15745276417074877,0.9911894273127754,True
0.012636037859517567,0.15756302521008403,0.9911894273127754,True
0.01268320270224902,0.15767344078486334,0.9911894273127754,True
0.012701750358428363,0.15778401122019636,0.9911894273127754,True
0.012751791758590647,0.15789473684210525,0.9911894273127754,True
0.012768030820863219,0.1580056179775281,0.9911894273127754,True
0.012874653250653205,0.15811665495432187,0.9911894273127754,True
0.012877891771052034,0.15822784810126583,0.9911894273127754,True
0.012892339415603561,0.15833919774806474,0.9911894273127754,True
0.013005956722997309,0.15845070422535212,0.9911894273127754,True
0.013007106278380011,0.15856236786469344,0.9911894273127754,True
0.0130099411589729,0.15867418899858957,0.9911894273127754,True
0.013032854319635894,0.1587861679604799,0.9911894273127754,True
0.013050387377423681,0.15889830508474576,0.9911894273127754,True
0.013160266919934483,0.15901060070671377,0.9911894273127754,True
0.013212564050188589,0.15912305516265912,0.9911894273127754,True
0.013242573517497774,0.1592356687898089,0.9911894273127754,True
0.01325419349048587,0.15934844192634562,0.9911894273127754,True
0.013254714044194349,0.15946137491141035,0.9911894273127754,True
0.013266093324941813,0.1595744680851064,0.9911894273127754,True
0.01328630137636852,0.1596877217885025,0.9911894273127754,True
0.013320358647524864,0.15980113636363635,0.9911894273127754,True
0.01337868027282568,0.15991471215351813,0.9911894273127754,True
0.013437119285850112,0.1600284495021337,0.9911894273127754,True
0.013468741675558941,0.1601423487544484,0.9911894273127754,True
0.013503197995889945,0.16025641025641027,0.9911894273127754,True
0.013515350936039535,0.16037063435495366,0.9911894273127754,True
0.013525346944545526,0.16048502139800286,0.9911894273127754,True
0.0135377769803807,0.16059957173447537,0.9911894273127754,True
0.013548517914514587,0.16071428571428573,0.9911894273127754,True
0.013559957065588183,0.16082916368834882,0.9911894273127754,True
0.013561336669916692,0.1609442060085837,0.9911894273127754,True
0.013608936200006125,0.16105941302791696,0.9911894273127754,True
0.013642399368532373,0.16117478510028654,0.9911894273127754,True
0.0136503079176076,0.16129032258064516,0.9911894273127754,True
0.013725123133680066,0.16140602582496413,0.9911894273127754,True
0.013726806494647062,0.1615218951902369,0.9911894273127754,True
0.013779115272613768,0.16163793103448276,0.9911894273127754,True
0.013809281969845912,0.16175413371675054,0.9911894273127754,True
0.013830813677118184,0.1618705035971223,0.9911894273127754,True
0.013867499476343354,0.16198704103671707,0.9911894273127754,True
0.01394988453746988,0.16210374639769454,0.9911894273127754,True
0.013977876241042964,0.16222062004325882,0.9911894273127754,True
0.014023491534901596,0.16233766233766234,0.9911894273127754,True
0.01403390304753266,0.1624548736462094,0.9911894273127754,True
0.01404128936407656,0.16257225433526012,0.9911894273127754,True
0.014042756729419284,0.16268980477223427,0.9911894273127754,True
0.014055888799439364,0.16280752532561504,0.9911894273127754,True
0.014066732043197017,0.16292541636495295,0.9911894273127754,True
0.014072123151661389,0.16304347826086957,0.9911894273127754,True
0.014109875871508531,0.16316171138506164,0.9911894273127754,True
0.01419366395624711,0.1632801161103048,0.9911894273127754,True
0.014201954210958927,0.16339869281045752,0.9911894273127754,True
0.014284817481785901,0.16351744186046513,0.9911894273127754,True
0.01430882745394269,0.16363636363636364,0.9911894273127754,True
0.014357139820272114,0.16375545851528384,0.9911894273127754,True
0.014446642387848303,0.1638747268754552,0.9911894273127754,True
0.01446183878924365,0.16399416909620992,0.9911894273127754,True
0.014491964743247676,0.16411378555798686,0.9911894273127754,True
0.01452315892159788,0.16423357664233576,0.9911894273127754,True
0.01460332691560755,0.1643535427319211,0.9911894273127754,True
0.014651346924573205,0.16447368421052633,0.9911894273127754,True
0.014663501374631537,0.1645940014630578,0.9911894273127754,True
0.014672469573436287,0.16398243045387995,0.986784140969163,True
0.014748120514760644,0.1641025641025641,0.986784140969163,True
0.014755643829087785,0.16422287390029325,0.986784140969163,True
0.01477201377328493,0.16434336023477622,0.986784140969163,True
0.014784710509636933,0.1644640234948605,0.986784140969163,True
0.014788599732334208,0.16458486407053638,0.986784140969163,True
0.014789255560577119,0.16470588235294117,0.986784140969163,True
0.014845964482091498,0.1648270787343635,0.986784140969163,True
0.01488241245563552,0.16494845360824742,0.986784140969163,True
0.014971171849037077,0.16507000736919675,0.986784140969163,True
0.01505873375485045,0.16519174041297935,0.986784140969163,True
0.015225806930611369,0.16531365313653137,0.986784140969163,True
0.015230818160560442,0.1654357459379616,0.986784140969163,True
0.015257901117534806,0.1655580192165558,0.986784140969163,True
0.015311144595958073,0.16568047337278108,0.986784140969163,True
0.0153256201198397,0.16580310880829016,0.986784140969163,True
0.01535481284587239,0.16592592592592592,0.986784140969163,True
0.015376603531106075,0.16604892512972572,0.986784140969163,True
0.01543396008784888,0.1661721068249258,0.986784140969163,True
0.01544883879978357,0.16629547141796586,0.986784140969163,True
0.01553093266658382,0.1664190193164933,0.986784140969163,True
0.01562935327628589,0.16654275092936802,0.986784140969163,True
0.015716005364896462,0.16666666666666666,0.986784140969163,True
0.015819512107525652,0.16679076693968728,0.986784140969163,True
0.015828410647479165,0.16691505216095381,0.986784140969163,True
0.015939239028894665,0.16703952274422074,0.986784140969163,True
0.01595325823797604,0.16716417910447762,0.986784140969163,True
0.015955717653578776,0.1672890216579537,0.986784140969163,True
0.015964011112528535,0.16741405082212257,0.986784140969163,True
0.016024816050483216,0.16753926701570682,0.986784140969163,True
0.016091735296362087,0.16766467065868262,0.986784140969163,True
0.016100394858703043,0.16779026217228465,0.986784140969163,True
0.016119003548277056,0.1679160419790105,0.986784140969163,True
0.016164782818985965,0.16804201050262565,0.986784140969163,True
0.016186513249820084,0.16816816816816818,0.986784140969163,True
0.01634830827220852,0.16829451540195342,0.986784140969163,True
0.016379671749514744,0.16842105263157894,0.986784140969163,True
0.01642324595440303,0.16854778028592926,0.986784140969163,True
0.01644753414478374,0.1686746987951807,0.986784140969163,True
0.01646490530821269,0.16880180859080632,0.986784140969163,True
0.01651369835369975,0.1689291101055807,0.986784140969163,True
0.01655829710096622,0.16905660377358492,0.986784140969163,True
0.016627540007752753,0.1691842900302115,0.986784140969163,True
0.01664090424893427,0.1693121693121693,0.986784140969163,True
0.016744834903390404,0.16944024205748864,0.986784140969163,True
0.01680253630554611,0.16956850870552612,0.986784140969163,True
0.01693422074740049,0.1696969696969697,0.986784140969163,True
0.01699949753556284,0.16982562547384383,0.986784140969163,True
0.017024643680232706,0.16995447647951442,0.986784140969163,True
0.017098103898925947,0.170083523158694,0.986784140969163,True
0.017126939441823315,0.1702127659574468,0.986784140969163,True
0.017183446975717002,0.1703422053231939,0.986784140969163,True
0.017242791800518253,0.1704718417047184,0.986784140969163,True
0.017278444445817654,0.1706016755521706,0.986784140969163,True
0.017376714342128508,0.17073170731707318,0.986784140969163,True
0.017384316802841297,0.17086193745232647,0.986784140969163,True
0.017430405495872978,0.17099236641221374,0.986784140969163,True
0.017531363314792936,0.1711229946524064,0.986784140969163,True
0.017543849686115484,0.1712538226299694,0.986784140969163,True
0.0175746736551474,0.1713848508033665,0.986784140969163,True
0.01759069024515311,0.17151607963246554,0.986784140969163,True
0.017630215917555255,0.17164750957854405,0.986784140969163,True
0.01766988005453014,0.17177914110429449,0.986784140969163,True
0.017804249773309525,0.17191097467382963,0.986784140969163,True
0.017837979541589843,0.17204301075268819,0.986784140969163,True
0.01790801807646855,0.17217524980784013,0.986784140969163,True
0.017917603463682232,0.1723076923076923,0.986784140969163,True
0.017939607694460347,0.1724403387220939,0.986784140969163,True
0.017959795055760907,0.17257318952234207,0.986784140969163,True
0.018029882343685015,0.17270624518118735,0.986784140969163,True
0.018062314974018397,0.1728395061728395,0.986784140969163,True
0.018064348440458965,0.17297297297297298,0.986784140969163,True
0.018080301217292986,0.1731066460587326,0.986784140969163,True
0.0182904264864997,0.17324052590873937,0.986784140969163,True
0.01832302668942715,0.17337461300309598,0.986784140969163,True
0.018365760420175757,0.1735089078233927,0.986784140969163,True
0.018513833414680103,0.17364341085271318,0.986784140969163,True
0.018557745209605854,0.17377812257564004,0.986784140969163,True
0.01860696425446251,0.17391304347826086,0.986784140969163,True
0.018829653559083472,0.17404817404817405,0.986784140969163,True
0.018841191886852304,0.17418351477449456,0.986784140969163,True
0.01884377709373658,0.1743190661478599,0.986784140969163,True
0.018893161626254457,0.17445482866043613,0.986784140969163,True
0.018954071134883288,0.17459080280592362,0.986784140969163,True
0.018991888908761304,0.1747269890795632,0.986784140969163,True
0.01904736836076196,0.17486338797814208,0.986784140969163,True
0.019048139877005703,0.175,0.986784140969163,True
0.019063947868052454,0.1751368256450352,0.986784140969163,True
0.019088052872108047,0.1752738654147105,0.986784140969163,True
0.01915455581558184,0.1754111198120595,0.986784140969163,True
0.019156144654454317,0.1755485893416928,0.986784140969163,True
0.01919984104554131,0.17568627450980392,0.986784140969163,True
0.01923401881467532,0.17582417582417584,0.986784140969163,True
0.019283973836970267,0.17596229379418696,0.986784140969163,True
0.019293208099981328,0.1761006289308176,0.986784140969163,True
0.01937239076427877,0.17623918174665618,0.986784140969163,True
0.019397113214979594,0.1763779527559055,0.986784140969163,True
0.019411252060833807,0.1765169424743893,0.986784140969163,True
0.019412273504041785,0.17665615141955837,0.986784140969163,True
0.019476473032474004,0.17679558011049723,0.986784140969163,True
0.019482486544504175,0.1769352290679305,0.986784140969163,True
0.0195215718246391,0.17707509881422925,0.986784140969163,True
0.019583403041881536,0.17721518987341772,0.986784140969163,True
0.019608682616709262,0.17735550277117973,0.986784140969163,True
0.01966715013382512,0.1774960380348653,0.986784140969163,True
0.019741883218892753,0.17763679619349723,0.986784140969163,True
0.019851103063842353,0.17777777777777778,0.986784140969163,True
0.01985547093929472,0.17791898332009531,0.986784140969163,True
0.019891147799069916,0.178060413354531,0.986784140969163,True
0.019930799707836382,0.17820206841686556,0.986784140969163,True
0.019931047852571944,0.17834394904458598,0.986784140969163,True
0.020044260595986074,0.17848605577689244,0.986784140969163,True
0.02005948768051088,0.17862838915470494,0.986784140969163,True
0.020077992761996618,0.1787709497206704,0.986784140969163,True
0.0201147242076928,0.17891373801916932,0.986784140969163,True
0.02015537336510481,0.17905675459632295,0.986784140969163,True
0.020194053021561915,0.1792,0.986784140969163,True
0.020267345406400537,0.17934347477982385,0.986784140969163,True
0.020268718100749858,0.1794871794871795,0.986784140969163,True
0.020294621882843016,0.17963111467522053,0.986784140969163,True
0.020300013877534176,0.1797752808988764,0.986784140969163,True
0.020319400125453725,0.17991967871485945,0.986784140969163,True
0.020351549544677515,0.18006430868167203,0.986784140969163,True
0.020405144848318135,0.18020917135961384,0.986784140969163,True
0.020456140832337658,0.18035426731078905,0.986784140969163,True
0.020468893592143562,0.18049959709911362,0.986784140969163,True
0.020500985633791734,0.18064516129032257,0.986784140969163,True
0.02051366451052046,0.1807909604519774,0.986784140969163,True
0.020618972380409228,0.18093699515347333,0.986784140969163,True
0.02067479088914511,0.18108326596604687,0.986784140969163,True
0.02075442113789026,0.18122977346278318,0.986784140969163,True
0.020834624314536223,0.1813765182186235,0.986784140969163,True
0.020885482830384286,0.18152350081037277,0.986784140969163,True
0.02091808794266602,0.1816707218167072,0.986784140969163,True
0.020959264125839584,0.18181818181818182,0.986784140969163,True
0.021125916158025806,0.18196588139723802,0.986784140969163,True
0.021127269648625394,0.1821138211382114,0.986784140969163,True
0.02125713988222461,0.1822620016273393,0.986784140969163,True
0.021258565739314488,0.18241042345276873,0.986784140969163,True
0.021284131995217836,0.18255908720456399,0.986784140969163,True
0.021286423416947097,0.18270799347471453,0.986784140969163,True
0.021361275183828264,0.18285714285714286,0.986784140969163,True
0.021413213295153458,0.1830065359477124,0.986784140969163,True
0.02143896807837041,0.18315617334423548,0.986784140969163,True
0.021583496146000688,0.18330605564648117,0.986784140969163,True
0.02175977214621462,0.18345618345618345,0.986784140969163,True
0.021761900052447974,0.18360655737704917,0.986784140969163,True
0.021817981940923478,0.1837571780147662,0.986784140969163,True
0.021852115915274424,0.1839080459770115,0.986784140969163,True
0.021987783259960203,0.18405916187345933,0.986784140969163,True
0.02204012558088524,0.18421052631578946,0.986784140969163,True
0.022069933638409672,0.18436213991769548,0.986784140969163,True
0.02215406408105979,0.18451400329489293,0.986784140969163,True
0.02218716249558821,0.18466611706512778,0.986784140969163,True
0.02233291943202666,0.1848184818481848,0.986784140969163,True
0.022425957029771185,0.18497109826589594,0.986784140969163,True
0.022544371870795353,0.18512396694214875,0.986784140969163,True
0.02260857784438274,0.18527708850289495,0.986784140969163,True
0.02261657780545128,0.18543046357615894,0.986784140969163,True
0.02261869501386859,0.18475559237779618,0.9823788546255506,True
0.02264470202543225,0.18490878938640132,0.9823788546255506,True
0.022665845879613792,0.18506224066390042,0.9823788546255506,True
0.02268151538033809,0.1852159468438538,0.9823788546255506,True
0.022694355070692018,0.1853699085619285,0.9823788546255506,True
0.02269838170979943,0.18552412645590682,0.9823788546255506,True
0.02299781979708618,0.18567860116569526,0.9823788546255506,True
0.02302602044187283,0.18583333333333332,0.9823788546255506,True
0.023195031993382815,0.1859883236030025,0.9823788546255506,True
0.023243028371143976,0.18614357262103506,0.9823788546255506,True
0.02325843237858845,0.18629908103592313,0.9823788546255506,True
0.023274770843158984,0.18645484949832775,0.9823788546255506,True
0.023346901811510844,0.18661087866108786,0.9823788546255506,True
0.02335834498359562,0.18676716917922948,0.9823788546255506,True
0.02343743426255758,0.18692372170997484,0.9823788546255506,True
0.023448279854181703,0.18708053691275167,0.9823788546255506,True
0.023470528985643804,0.18723761544920234,0.9823788546255506,True
0.023487039920452875,0.18739495798319328,0.9823788546255506,True
0.023581979504132298,0.18755256518082422,0.9823788546255506,True
0.02370703438837526,0.18771043771043772,0.9823788546255506,True
0.023769073915268994,0.18786857624262848,0.9823788546255506,True
0.0238233662532792,0.18802698145025296,0.9823788546255506,True
0.023912258447086217,0.1881856540084388,0.9823788546255506,True
0.023940686916103637,0.1883445945945946,0.9823788546255506,True
0.023958739078099273,0.18850380388841928,0.9823788546255506,True
0.02400084273264757,0.188663282571912,0.9823788546255506,True
0.024042977147337823,0.18882303132938189,0.9823788546255506,True
0.024160144547027997,0.18898305084745762,0.9823788546255506,True
0.024193734923503466,0.18914334181509754,0.9823788546255506,True
0.02423485610008555,0.18930390492359933,0.9823788546255506,True
0.024377645853648617,0.18946474086661003,0.9823788546255506,True
0.02447410590543532,0.18962585034013604,0.9823788546255506,True
0.024598642435559367,0.18978723404255318,0.9823788546255506,True
0.024804010977169874,0.1899488926746167,0.9823788546255506,True
0.02481413390990488,0.19011082693947143,0.9823788546255506,True
0.024975161137072047,0.19027303754266212,0.9823788546255506,True
0.025006755910320366,0.19043552519214346,0.9823788546255506,True
0.025090241348365443,0.1905982905982906,0.9823788546255506,True
0.02515439725033524,0.19076133447390933,0.9823788546255506,True
0.025164867618287755,0.1909246575342466,0.9823788546255506,True
0.02520638864893498,0.19108826049700087,0.9823788546255506,True
0.025254857722848644,0.19125214408233276,0.9823788546255506,True
0.025290888690985627,0.19141630901287554,0.9823788546255506,True
0.02541390193313173,0.19158075601374572,0.9823788546255506,True
0.025423737150182864,0.19174548581255374,0.9823788546255506,True
0.025470216598107442,0.1919104991394148,0.9823788546255506,True
0.0255090079582845,0.1920757967269595,0.9823788546255506,True
0.0255529506725259,0.19224137931034482,0.9823788546255506,True
0.025689456353931578,0.19240724762726488,0.9823788546255506,True
0.02570425267907604,0.192573402417962,0.9823788546255506,True
0.025724564775605814,0.19273984442523767,0.9823788546255506,True
0.025740910661797643,0.19290657439446368,0.9823788546255506,True
0.02576514926960096,0.19307359307359306,0.9823788546255506,True
0.025782731145780488,0.19324090121317158,0.9823788546255506,True
0.025799348303887585,0.19340849956634865,0.9823788546255506,True
0.02581339032180554,0.1935763888888889,0.9823788546255506,True
0.02585598231321835,0.19374456993918332,0.9823788546255506,True
0.025931091904638198,0.19391304347826088,0.9823788546255506,True
0.025960508880756385,0.19408181026979981,0.9823788546255506,True
0.026044348488686173,0.19425087108013936,0.9823788546255506,True
0.026320099950607814,0.1944202266782912,0.9823788546255506,True
0.026325921328364737,0.19458987783595114,0.9823788546255506,True
0.026388941637793026,0.1947598253275109,0.9823788546255506,True
0.02641954764774085,0.19493006993006992,0.9823788546255506,True
0.026419772216011158,0.19510061242344706,0.9823788546255506,True
0.026531779448264962,0.19527145359019266,0.9823788546255506,True
0.026541047142838364,0.19544259421560034,0.9823788546255506,True
0.026544099335440153,0.1956140350877193,0.9823788546255506,True
0.026905142887053816,0.1957857769973661,0.9823788546255506,True
0.027093063236438876,0.19595782073813708,0.9823788546255506,True
0.027113188976678266,0.1961301671064204,0.9823788546255506,True
0.02720864946920917,0.19630281690140844,0.9823788546255506,True
0.027224250836496915,0.19647577092511012,0.9823788546255506,True
0.027254304114159654,0.1966490299823633,0.9823788546255506,True
0.027321678704496595,0.1968225948808473,0.9823788546255506,True
0.027342402608351656,0.19699646643109542,0.9823788546255506,True
0.027375799481163476,0.1962864721485411,0.9779735682819384,True
0.027461892879019713,0.19646017699115045,0.9779735682819384,True
0.027660536237178124,0.1966341895482728,0.9779735682819384,True
0.02792972178752396,0.19680851063829788,0.9779735682819384,True
0.028007729479712137,0.19698314108251996,0.9779735682819384,True
0.028009581459143937,0.19715808170515098,0.9779735682819384,True
0.028012198840174557,0.19733333333333333,0.9779735682819384,True
0.02804744591241946,0.19750889679715303,0.9779735682819384,True
0.028049475476737876,0.19768477292965272,0.9779735682819384,True
0.028059059093315734,0.19786096256684493,0.9779735682819384,True
0.028136932322391797,0.19803746654772525,0.9779735682819384,True
0.0281663997706679,0.1982142857142857,0.9779735682819384,True
0.028266637790386948,0.19839142091152814,0.9779735682819384,True
0.028356318841434643,0.19856887298747763,0.9779735682819384,True
0.028450176076043457,0.19874664279319607,0.9779735682819384,True
0.02857336143085968,0.1989247311827957,0.9779735682819384,True
0.02859493552957956,0.19910313901345292,0.9779735682819384,True
0.028596699958710056,0.1992818671454219,0.9779735682819384,True
0.02866415076167128,0.19946091644204852,0.9779735682819384,True
0.02868615339238995,0.19964028776978418,0.9779735682819384,True
0.028733057187673838,0.1998199819981998,0.9779735682819384,True
0.028996613579634605,0.2,0.9779735682819384,True
0.029027199609362217,0.20018034265103696,0.9779735682819384,True
0.029165404552281816,0.2003610108303249,0.9779735682819384,True
0.02926955636660951,0.2005420054200542,0.9779735682819384,True
0.029341318352803968,0.2007233273056058,0.9779735682819384,True
0.02962019307360818,0.20090497737556562,0.9779735682819384,True
0.02969557431713292,0.20108695652173914,0.9779735682819384,True
0.029941871864068367,0.20126926563916592,0.9779735682819384,True
0.030167809350248844,0.2014519056261343,0.9779735682819384,True
0.03019149967460261,0.2016348773841962,0.9779735682819384,True
0.030269145333830606,0.2018181818181818,0.9779735682819384,True
0.03030521128832845,0.20200181983621474,0.9779735682819384,True
0.030337013259016436,0.20218579234972678,0.9779735682819384,True
0.03055068782878824,0.2023701002734731,0.9779735682819384,True
0.030695474259478845,0.20255474452554745,0.9779735682819384,True
0.030709648967122073,0.20273972602739726,0.9779735682819384,True
0.030800511893805064,0.20292504570383912,0.9779735682819384,True
0.03084630721434689,0.2031107044830741,0.9779735682819384,True
0.030846824169481764,0.2032967032967033,0.9779735682819384,True
0.03087258696612242,0.20348304307974335,0.9779735682819384,True
0.031021238720486153,0.2036697247706422,0.9779735682819384,True
0.031065080946519975,0.20385674931129477,0.9779735682819384,True
0.031165960281089873,0.20404411764705882,0.9779735682819384,True
0.03122584436112838,0.20423183072677092,0.9779735682819384,True
0.03129472657282496,0.20441988950276244,0.9779735682819384,True
0.03130903128897403,0.20460829493087557,0.9779735682819384,True
0.03133754146043677,0.2047970479704797,0.9779735682819384,True
0.031428927375571236,0.20498614958448755,0.9779735682819384,True
0.03155013254840551,0.20517560073937152,0.9779735682819384,True
0.03156118109988676,0.2053654024051804,0.9779735682819384,True
0.031723490528610385,0.20555555555555555,0.9779735682819384,True
0.031757164417877855,0.2057460611677479,0.9779735682819384,True
0.03177244780304304,0.20593692022263452,0.9779735682819384,True
0.0317820645707716,0.20612813370473537,0.9779735682819384,True
0.031863656505056286,0.20631970260223048,0.9779735682819384,True
0.03190901923493458,0.20651162790697675,0.9779735682819384,True
0.03199025504270742,0.20670391061452514,0.9779735682819384,True
0.03228272173461042,0.20689655172413793,0.9779735682819384,True
0.03239536634806977,0.20708955223880596,0.9779735682819384,True
0.03240653897406822,0.20728291316526612,0.9779735682819384,True
0.03245863750242487,0.20747663551401868,0.9779735682819384,True
0.032491908536630934,0.2076707202993452,0.9779735682819384,True
0.0326232321652119,0.20786516853932585,0.9779735682819384,True
0.03269778806430757,0.20805998125585753,0.9779735682819384,True
0.03277870380747371,0.20825515947467166,0.9779735682819384,True
0.032802524207214405,0.2084507042253521,0.9779735682819384,True
0.03289324056228325,0.20864661654135339,0.9779735682819384,True
0.0330633122113192,0.20884289746001883,0.9779735682819384,True
0.033245329086480764,0.20903954802259886,0.9779735682819384,True
0.03352139607690488,0.20923656927426956,0.9779735682819384,True
0.03354157394256671,0.20943396226415095,0.9779735682819384,True
0.03369471286912771,0.2096317280453258,0.9779735682819384,True
0.033715838981710336,0.20982986767485823,0.9779735682819384,True
0.03372313471481038,0.21002838221381268,0.9779735682819384,True
0.033806871402790664,0.21022727272727273,0.9779735682819384,True
0.033817499110126464,0.2104265402843602,0.9779735682819384,True
0.033865666600678926,0.21062618595825428,0.9779735682819384,True
0.03390090635691614,0.21082621082621084,0.9779735682819384,True
0.03438109878531479,0.21102661596958175,0.9779735682819384,True
0.03439489188756934,0.21122740247383445,0.9779735682819384,True
0.034555827753022565,0.21142857142857144,0.9779735682819384,True
0.0346609535258407,0.21163012392755004,0.9779735682819384,True
0.03466656823523962,0.21183206106870228,0.9779735682819384,True
0.034675542373449955,0.21203438395415472,0.9779735682819384,True
0.034702028867444897,0.21223709369024857,0.9779735682819384,True
0.03476653436160419,0.21244019138755982,0.9779735682819384,True
0.034769559413360414,0.21264367816091953,0.9779735682819384,True
0.03483172206108458,0.21284755512943432,0.9779735682819384,True
0.034896442340845824,0.21305182341650672,0.9779735682819384,True
0.034967983272594746,0.2132564841498559,0.9779735682819384,True
0.0350096092394318,0.21346153846153845,0.9779735682819384,True
0.035052735320400256,0.2136669874879692,0.9779735682819384,True
0.03519355498752417,0.2138728323699422,0.9779735682819384,True
0.03530756436618539,0.21407907425265188,0.9779735682819384,True
0.03581363385594799,0.21428571428571427,0.9779735682819384,True
0.03600526502923829,0.2144927536231884,0.9779735682819384,True
0.03619170163863784,0.21470019342359767,0.9779735682819384,True
0.036300427706115655,0.2149080348499516,0.9779735682819384,True
0.03649667205289133,0.21511627906976744,0.9779735682819384,True
0.03670623348356818,0.21532492725509214,0.9779735682819384,True
0.03674937704538119,0.21553398058252426,0.9779735682819384,True
0.03707923018574332,0.21574344023323616,0.9779735682819384,True
0.03714843250670166,0.21595330739299612,0.9779735682819384,True
0.037226824856315566,0.21616358325219084,0.9779735682819384,True
0.037324920764070645,0.21637426900584794,0.9779735682819384,True
0.037408885196097634,0.21658536585365853,0.9779735682819384,True
0.03760160914905586,0.216796875,0.9779735682819384,True
0.037683757067819595,0.21700879765395895,0.9779735682819384,True
0.03787184943927915,0.2172211350293542,0.9779735682819384,True
0.03789119931921751,0.21743388834476005,0.9779735682819384,True
0.037982706459625586,0.21764705882352942,0.9779735682819384,True
0.03811473674256954,0.21786064769381747,0.9779735682819384,True
0.03834356624435184,0.2180746561886051,0.9779735682819384,True
0.038422079364641606,0.2182890855457227,0.9779735682819384,True
0.03843568778791054,0.21850393700787402,0.9779735682819384,True
0.03878584176969898,0.2187192118226601,0.9779735682819384,True
0.03920727653214492,0.21893491124260356,0.9779735682819384,True
0.03924015662125767,0.21915103652517276,0.9779735682819384,True
0.03932754213757101,0.21936758893280633,0.9779735682819384,True
0.03934978477863383,0.2195845697329377,0.9779735682819384,True
0.03938398449144743,0.2198019801980198,0.9779735682819384,True
0.03965797017062953,0.22001982160555006,0.9779735682819384,True
0.039680696391814936,0.22023809523809523,0.9779735682819384,True
0.039763486703325794,0.22045680238331677,0.9779735682819384,True
0.03979458615069421,0.220675944333996,0.9779735682819384,True
0.03996768093626447,0.2208955223880597,0.9779735682819384,True
0.04000273242273223,0.22111553784860558,0.9779735682819384,True
0.04019185357437489,0.2213359920239282,0.9779735682819384,True
0.04060776228236083,0.2215568862275449,0.9779735682819384,True
0.04063202998470732,0.2217782217782218,0.9779735682819384,True
0.040731420122713344,0.222,0.9779735682819384,True
0.04084363887640071,0.2222222222222222,0.9779735682819384,True
0.04095581757923523,0.22244488977955912,0.9779735682819384,True
0.041054265951067544,0.2226680040120361,0.9779735682819384,True
0.041166492099658246,0.22289156626506024,0.9779735682819384,True
0.04117263572447678,0.22311557788944725,0.9779735682819384,True
0.04125655883286212,0.22334004024144868,0.9779735682819384,True
0.04130197293171214,0.22356495468277945,0.9779735682819384,True
0.04133229748343218,0.22379032258064516,0.9779735682819384,True
0.04149127067416317,0.22401614530776992,0.9779735682819384,True
0.04165721570614841,0.22424242424242424,0.9779735682819384,True
0.041678516765911805,0.224469160768453,0.9779735682819384,True
0.042173519356821905,0.22469635627530365,0.9779735682819384,True
0.04218941759832249,0.22492401215805471,0.9779735682819384,True
0.04224544149351546,0.22515212981744423,0.9779735682819384,True
0.04234360680516181,0.22538071065989848,0.9779735682819384,True
0.04240713709399437,0.22560975609756098,0.9779735682819384,True
0.04282978365534571,0.22583926754832145,0.9779735682819384,True
0.04300856918753278,0.22606924643584522,0.9779735682819384,True
0.04303700852531929,0.22629969418960244,0.9779735682819384,True
0.04336147351918991,0.22653061224489796,0.9779735682819384,True
0.04337884055937204,0.22676200204290092,0.9779735682819384,True
0.043400215053296116,0.22699386503067484,0.9779735682819384,True
0.04346115073421776,0.22722620266120777,0.9779735682819384,True
0.04358915023888741,0.22745901639344263,0.9779735682819384,True
0.04368291622467524,0.2276923076923077,0.9779735682819384,True
0.04386428522689794,0.22792607802874743,0.9779735682819384,True
0.04388297267300584,0.22816032887975335,0.9779735682819384,True
0.0441141125396544,0.22839506172839505,0.9779735682819384,True
0.044121737556307515,0.2286302780638517,0.9779735682819384,True
0.04415036189838113,0.2288659793814433,0.9779735682819384,True
0.044403280896652374,0.22910216718266255,0.9779735682819384,True
0.04443965902117813,0.22933884297520662,0.9779735682819384,True
0.044552828047032735,0.2295760082730093,0.9779735682819384,True
0.04501152495374659,0.22981366459627328,0.9779735682819384,True
0.04518435715308573,0.23005181347150258,0.9779735682819384,True
0.0453322958712765,0.23029045643153526,0.9779735682819384,True
0.045437335626688,0.23052959501557632,0.9779735682819384,True
0.0454751677088865,0.23076923076923078,0.9779735682819384,True
0.045521419790779054,0.23100936524453694,0.9779735682819384,True
0.04559965518166239,0.23125,0.9779735682819384,True
0.04562748656626211,0.23149113660062565,0.9779735682819384,True
0.04565887776554884,0.23173277661795408,0.9779735682819384,True
0.046033215159238645,0.23197492163009403,0.9779735682819384,True
0.04612581224751389,0.23221757322175732,0.9779735682819384,True
0.04626144008194108,0.2324607329842932,0.9779735682819384,True
0.046315595878273295,0.23165618448637318,0.973568281938326,True
0.04632330299041949,0.23189926547743966,0.973568281938326,True
0.046336581992202745,0.23214285714285715,0.973568281938326,True
0.04644740799749761,0.2323869610935857,0.973568281938326,True
0.04659922857822663,0.2326315789473684,0.973568281938326,True
0.0466444673759932,0.2328767123287671,0.973568281938326,True
0.046926765031695176,0.23312236286919832,0.973568281938326,True
0.04715006650426269,0.23336853220696938,0.973568281938326,True
0.047228285558417515,0.23361522198731502,0.973568281938326,True
0.04735043941105159,0.23386243386243386,0.973568281938326,True
0.04749217326193815,0.2341101694915254,0.973568281938326,True
0.047560754604031315,0.23435843054082714,0.973568281938326,True
0.047675019639727825,0.2346072186836518,0.973568281938326,True
0.04776463013830291,0.23485653560042508,0.973568281938326,True
0.04783742120728495,0.2351063829787234,0.973568281938326,True
0.04804045810830906,0.23535676251331203,0.973568281938326,True
0.0481521116264713,0.23560767590618337,0.973568281938326,True
0.04825041356918934,0.23585912486659552,0.973568281938326,True
0.04830763154063448,0.2361111111111111,0.973568281938326,True
0.048506645637363434,0.23636363636363636,0.973568281938326,True
0.04857552540447945,0.2366167023554604,0.973568281938326,True
0.04858989077147082,0.23687031082529475,0.973568281938326,True
0.04900170727131664,0.2371244635193133,0.973568281938326,True
0.049018205104844496,0.23737916219119226,0.973568281938326,True
0.049073118025327454,0.23763440860215054,0.973568281938326,True
0.04907799403517873,0.2378902045209903,0.973568281938326,True
0.04916417290748629,0.23814655172413793,0.973568281938326,True
0.049482353908457725,0.238403451995685,0.973568281938326,True
0.04949705740582912,0.2386609071274298,0.973568281938326,True
0.04979376570225784,0.23891891891891892,0.973568281938326,True
0.0502655456274514,0.23917748917748918,0.973568281938326,True
0.05029905849700825,0.23943661971830985,0.973568281938326,True
0.050339415766635254,0.23969631236442515,0.973568281938326,True
0.05038576612813311,0.23995656894679696,0.973568281938326,True
0.05061442469279543,0.24021739130434783,0.973568281938326,True
0.0506720922886125,0.24047878128400435,0.973568281938326,True
0.05078890567861563,0.24074074074074073,0.973568281938326,True
0.050908213723725025,0.2410032715376227,0.973568281938326,True
0.05095181445021999,0.24126637554585154,0.973568281938326,True
0.05104442955922607,0.24153005464480876,0.973568281938326,True
0.05147995397271542,0.24070021881838075,0.9691629955947136,True
0.051654196579703375,0.24096385542168675,0.9691629955947136,True
0.05168135473234791,0.2412280701754386,0.9691629955947136,True
0.05170526761538114,0.2414928649835346,0.9691629955947136,True
0.05197139539765051,0.24175824175824176,0.9691629955947136,True
0.05205959043549178,0.24202420242024203,0.9691629955947136,True
0.05206901339676004,0.2422907488986784,0.9691629955947136,True
0.0521512375924805,0.24255788313120177,0.9691629955947136,True
0.052478275429821114,0.24282560706401765,0.9691629955947136,True
0.05280988206063511,0.2430939226519337,0.9691629955947136,True
0.05317614720772221,0.24336283185840707,0.9691629955947136,True
0.05329406665146115,0.24363233665559247,0.9691629955947136,True
0.053339331335244856,0.24390243902439024,0.9691629955947136,True
0.05343324699959803,0.244173140954495,0.9691629955947136,True
0.05352605213631216,0.24444444444444444,0.9691629955947136,True
0.05355444241399165,0.2447163515016685,0.9691629955947136,True
0.05371251309624809,0.24498886414253898,0.9691629955947136,True
0.053799303793063254,0.24526198439241917,0.9691629955947136,True
0.05416552093756812,0.24553571428571427,0.9691629955947136,True
0.05478159174055622,0.24581005586592178,0.9691629955947136,True
0.05478722714703094,0.24608501118568232,0.9691629955947136,True
0.05514092499526718,0.24636058230683092,0.9691629955947136,True
0.05523410851203637,0.24663677130044842,0.9691629955947136,True
0.0552445480120137,0.24691358024691357,0.9691629955947136,True
0.0556139222683521,0.24719101123595505,0.9691629955947136,True
0.055758463236958454,0.24746906636670415,0.9691629955947136,True
0.05577795956917991,0.24774774774774774,0.9691629955947136,True
0.055913819253142094,0.2480270574971815,0.9691629955947136,True
0.05600842486035814,0.24830699774266365,0.9691629955947136,True
0.05601113285208991,0.24858757062146894,0.9691629955947136,True
0.05614636966159423,0.248868778280543,0.9691629955947136,True
0.056160866557769314,0.2491506228765572,0.9691629955947136,True
0.05629862351990603,0.2494331065759637,0.9691629955947136,True
0.05633542548956186,0.24971623155505107,0.9691629955947136,True
0.056532928119006925,0.25,0.9691629955947136,True
0.056699419595150576,0.2502844141069397,0.9691629955947136,True
0.05703697351321762,0.2505694760820046,0.9691629955947136,True
0.05708813485604979,0.2508551881413911,0.9691629955947136,True
0.05718440368686444,0.2511415525114155,0.9691629955947136,True
0.05732701504569116,0.25142857142857145,0.9691629955947136,True
0.05789752928496984,0.2517162471395881,0.9691629955947136,True
0.05790849073510401,0.2520045819014891,0.9691629955947136,True
0.05801342047589338,0.25229357798165136,0.9691629955947136,True
0.05841106879867632,0.2525832376578645,0.9691629955947136,True
0.05866477613035023,0.25287356321839083,0.9691629955947136,True
0.05871704300711304,0.25316455696202533,0.9691629955947136,True
0.05876451874544178,0.2534562211981567,0.9691629955947136,True
0.05898293423196407,0.2537485582468281,0.9691629955947136,True
0.059100229070536844,0.2540415704387991,0.9691629955947136,True
0.059136760772752,0.2543352601156069,0.9691629955947136,True
0.05921010528375544,0.25462962962962965,0.9691629955947136,True
0.059359147381835474,0.2549246813441483,0.9691629955947136,True
0.05953101593367849,0.2552204176334107,0.9691629955947136,True
0.059535329631564694,0.25551684088269455,0.9691629955947136,True
0.05973296994196089,0.2558139534883721,0.9691629955947136,True
0.05975252645626146,0.2561117578579744,0.9691629955947136,True
0.05989300277927955,0.2564102564102564,0.9691629955947136,True
0.059932507985992936,0.25670945157526254,0.9691629955947136,True
0.0605396588375816,0.2570093457943925,0.9691629955947136,True
0.06070289437038748,0.2573099415204678,0.9691629955947136,True
0.06103502277289909,0.2576112412177986,0.9691629955947136,True
0.06124022129638058,0.25791324736225085,0.9691629955947136,True
0.06151026735569147,0.25821596244131456,0.9691629955947136,True
0.061608650898340174,0.25851938895417154,0.9691629955947136,True
0.06166051395807787,0.25882352941176473,0.9691629955947136,True
0.0620476684686331,0.2591283863368669,0.9691629955947136,True
0.0624647437502816,0.25943396226415094,0.9691629955947136,True
0.06332154329497536,0.2597402597402597,0.9691629955947136,True
0.0634231135009578,0.26004728132387706,0.9691629955947136,True
0.06368754583521102,0.2603550295857988,0.9691629955947136,True
0.0641413867781336,0.26066350710900477,0.9691629955947136,True
0.06472902842650302,0.2609727164887307,0.9691629955947136,True
0.06542088985406755,0.26128266033254155,0.9691629955947136,True
0.06562333624049074,0.2615933412604043,0.9691629955947136,True
0.06572528220228713,0.2619047619047619,0.9691629955947136,True
0.06579444886429206,0.2622169249106079,0.9691629955947136,True
0.0663612359988466,0.26252983293556087,0.9691629955947136,True
0.06656457526514811,0.2628434886499403,0.9691629955947136,True
0.0667103856208324,0.2631578947368421,0.9691629955947136,True
0.06712592519653408,0.2634730538922156,0.9691629955947136,True
0.06734432575460775,0.2637889688249401,0.9691629955947136,True
0.06775830927077361,0.26410564225690275,0.9691629955947136,True
0.0678250556406208,0.2644230769230769,0.9691629955947136,True
0.0681815342873578,0.2647412755716005,0.9691629955947136,True
0.06819025839975254,0.26506024096385544,0.9691629955947136,True
0.06838529060331751,0.26537997587454765,0.9691629955947136,True
0.0692008309955925,0.26570048309178745,0.9691629955947136,True
0.06930339243048012,0.2660217654171705,0.9691629955947136,True
0.0693288953717374,0.26634382566585957,0.9691629955947136,True
0.06944372870803975,0.26666666666666666,0.9691629955947136,True
0.06946100092035082,0.2669902912621359,0.9691629955947136,True
0.06960205986464076,0.267314702308627,0.9691629955947136,True
0.0701244044799575,0.26763990267639903,0.9691629955947136,True
0.07023601641687527,0.2679658952496955,0.9691629955947136,True
0.0703684703704722,0.2682926829268293,0.9691629955947136,True
0.07042104005716004,0.2686202686202686,0.9691629955947136,True
0.07137478791783032,0.26894865525672373,0.9691629955947136,True
0.0714769888694999,0.2692778457772338,0.9691629955947136,True
0.07188681952684994,0.2696078431372549,0.9691629955947136,True
0.07189353101029045,0.26993865030674846,0.9691629955947136,True
0.07196109118628931,0.2702702702702703,0.9691629955947136,True
0.07227928320851226,0.27060270602706027,0.9691629955947136,True
0.07259969253262248,0.270935960591133,0.9691629955947136,True
0.07274858371646777,0.2712700369913687,0.9691629955947136,True
0.07291000186109436,0.2716049382716049,0.9691629955947136,True
0.07310625407350273,0.2719406674907293,0.9691629955947136,True
0.07331753139898067,0.2722772277227723,0.9691629955947136,True
0.07331909058401419,0.27261462205700127,0.9691629955947136,True
0.07380148739734173,0.2729528535980149,0.9691629955947136,True
0.07411633918273379,0.2720496894409938,0.9647577092511013,True
0.07418686302000002,0.27238805970149255,0.9647577092511013,True
0.07441866142120401,0.2727272727272727,0.9647577092511013,True
0.07471541843119464,0.2730673316708229,0.9647577092511013,True
0.07544681213166206,0.27340823970037453,0.9647577092511013,True
0.07553106514812616,0.27375,0.9647577092511013,True
0.07643203595175901,0.27409261576971217,0.9647577092511013,True
0.0765436002880441,0.2744360902255639,0.9647577092511013,True
0.0766525370300252,0.27478042659974905,0.9647577092511013,True
0.07697344112757976,0.2751256281407035,0.9647577092511013,True
0.07698029176243985,0.27547169811320754,0.9647577092511013,True
0.07724685875166741,0.27581863979848864,0.9647577092511013,True
0.07726459676909969,0.27616645649432536,0.9647577092511013,True
0.07794276682327932,0.2765151515151515,0.9647577092511013,True
0.07804697205253422,0.27686472819216185,0.9647577092511013,True
0.07866438684133706,0.2772151898734177,0.9647577092511013,True
0.07894524324529036,0.27756653992395436,0.9647577092511013,True
0.07901068522362033,0.2779187817258883,0.9647577092511013,True
0.0790164071009476,0.2782719186785261,0.9647577092511013,True
0.0790611181362081,0.2786259541984733,0.9647577092511013,True
0.07909088055196982,0.2789808917197452,0.9647577092511013,True
0.07917087509466651,0.27933673469387754,0.9647577092511013,True
0.08025352220717058,0.2796934865900383,0.9647577092511013,True
0.08028001144691378,0.28005115089514065,0.9647577092511013,True
0.08101537149339388,0.28040973111395645,0.9647577092511013,True
0.08135078991298315,0.28076923076923077,0.9647577092511013,True
0.0814995327263748,0.2811296534017972,0.9647577092511013,True
0.08163985751146959,0.2814910025706941,0.9647577092511013,True
0.08242463970693814,0.28185328185328185,0.9647577092511013,True
0.08263071017513336,0.2822164948453608,0.9647577092511013,True
0.08281832437909104,0.28258064516129033,0.9647577092511013,True
0.08310366482991353,0.28294573643410853,0.9647577092511013,True
0.08318486325249623,0.2833117723156533,0.9647577092511013,True
0.08338233586415639,0.28367875647668395,0.9647577092511013,True
0.08413042026614873,0.2840466926070039,0.9647577092511013,True
0.08467237858270672,0.2844155844155844,0.9647577092511013,True
0.08482175081877211,0.2847854356306892,0.9647577092511013,True
0.08484702556802795,0.28515625,0.9647577092511013,True
0.08516875770134626,0.28552803129074317,0.9647577092511013,True
0.08569040163153686,0.2859007832898172,0.9647577092511013,True
0.08581971408638753,0.28627450980392155,0.9647577092511013,True
0.08613403054386432,0.28664921465968585,0.9647577092511013,True
0.0863004818583982,0.2870249017038008,0.9647577092511013,True
0.08689477791189341,0.2874015748031496,0.9647577092511013,True
0.08690172151073866,0.28777923784494086,0.9647577092511013,True
0.08700026493433365,0.2881578947368421,0.9647577092511013,True
0.08757501730587523,0.2885375494071146,0.9647577092511013,True
0.08761892352268026,0.28891820580474936,0.9647577092511013,True
0.08765301295944489,0.2892998678996037,0.9647577092511013,True
0.08769396915018939,0.2896825396825397,0.9647577092511013,True
0.08785173538654956,0.2900662251655629,0.9647577092511013,True
0.08830164195158291,0.29045092838196285,0.9647577092511013,True
0.08831529749060046,0.2908366533864542,0.9647577092511013,True
0.08849671084520935,0.2912234042553192,0.9647577092511013,True
0.08869520741436,0.29161118508655126,0.9647577092511013,True
0.08880962963282187,0.292,0.9647577092511013,True
0.08888619389124167,0.2923898531375167,0.9647577092511013,True
0.08899486406788147,0.2927807486631016,0.9647577092511013,True
0.08956880836565659,0.2931726907630522,0.9647577092511013,True
0.08966677306926513,0.2935656836461126,0.9647577092511013,True
0.09007556121911804,0.29395973154362415,0.9647577092511013,True
0.09033348963893718,0.29435483870967744,0.9647577092511013,True
0.09064204004441645,0.29475100942126514,0.9647577092511013,True
0.09069296995082587,0.29514824797843664,0.9647577092511013,True
0.09100525656413191,0.29554655870445345,0.9647577092511013,True
0.09171726792063574,0.2959459459459459,0.9647577092511013,True
0.09214879368039566,0.2963464140730717,0.9647577092511013,True
0.09216134979226996,0.2967479674796748,0.9647577092511013,True
0.09241430804922716,0.2971506105834464,0.9647577092511013,True
0.09257089005571818,0.297554347826087,0.9647577092511013,True
0.09296326026603284,0.2979591836734694,0.9647577092511013,True
0.09322235958091246,0.29836512261580383,0.9647577092511013,True
0.09328757776359575,0.2987721691678035,0.9647577092511013,True
0.09331032256926404,0.29918032786885246,0.9647577092511013,True
0.09372452922653436,0.29958960328317374,0.9647577092511013,True
0.09386909752448849,0.3,0.9647577092511013,True
0.0952503590099031,0.3004115226337449,0.9647577092511013,True
0.09530834788938837,0.3008241758241758,0.9647577092511013,True
0.09544072989903249,0.3012379642365887,0.9647577092511013,True
0.09554401383147673,0.30165289256198347,0.9647577092511013,True
0.09581526690448988,0.3020689655172414,0.9647577092511013,True
0.09613769390657805,0.30248618784530384,0.9647577092511013,True
0.0961421081498475,0.3029045643153527,0.9647577092511013,True
0.09722141235509997,0.3033240997229917,0.9647577092511013,True
0.09752209321308487,0.30374479889042993,0.9647577092511013,True
0.09764364874570683,0.30416666666666664,0.9647577092511013,True
0.09814165023989231,0.3045897079276773,0.9647577092511013,True
0.09823578417774712,0.3050139275766017,0.9647577092511013,True
0.09860222761264384,0.3054393305439331,0.9647577092511013,True
0.0986142607858977,0.3058659217877095,0.9647577092511013,True
0.09873007646613916,0.3062937062937063,0.9647577092511013,True
0.09923741758249427,0.3067226890756303,0.9647577092511013,True
0.09962164398134947,0.3071528751753156,0.9647577092511013,True
0.09995506909691172,0.30758426966292135,0.9647577092511013,True
0.10064570128992058,0.3080168776371308,0.9647577092511013,True
0.10106616606968903,0.3084507042253521,0.9647577092511013,True
0.10192747128633177,0.30888575458392104,0.9647577092511013,True
0.10237532922262986,0.3093220338983051,0.9647577092511013,True
0.1043332766864474,0.30975954738330974,0.9647577092511013,True
0.10488552745793144,0.3101983002832861,0.9647577092511013,True
0.10511144293307685,0.31063829787234043,0.9647577092511013,True
0.105260930947801,0.31107954545454547,0.9647577092511013,True
0.10600689595796738,0.310099573257468,0.960352422907489,True
0.10771663456851992,0.31054131054131057,0.960352422907489,True
0.10804674370933073,0.31098430813124106,0.960352422907489,True
0.10808344794787378,0.31142857142857144,0.960352422907489,True
0.10824302426749026,0.31187410586552217,0.960352422907489,True
0.10833773170228947,0.3123209169054441,0.960352422907489,True
0.10860736153248446,0.3127690100430416,0.960352422907489,True
0.10864171133172522,0.3132183908045977,0.960352422907489,True
0.10888654799853846,0.31366906474820144,0.960352422907489,True
0.10959915941960584,0.31412103746397696,0.960352422907489,True
0.10962371921734845,0.31457431457431456,0.960352422907489,True
0.10976576696382376,0.315028901734104,0.960352422907489,True
0.10986176852635969,0.3154848046309696,0.960352422907489,True
0.11018925750100336,0.3159420289855073,0.960352422907489,True
0.11025982210410845,0.3164005805515239,0.960352422907489,True
0.11052807803285906,0.3168604651162791,0.960352422907489,True
0.11079156225060904,0.3173216885007278,0.960352422907489,True
0.11135931997259062,0.3177842565597668,0.960352422907489,True
0.11176310882957707,0.3182481751824818,0.960352422907489,True
0.11179281693749547,0.31871345029239767,0.960352422907489,True
0.11295031907138549,0.3191800878477306,0.960352422907489,True
0.11394960245051304,0.3196480938416422,0.960352422907489,True
0.11428095225448809,0.3201174743024963,0.960352422907489,True
0.11491911904116707,0.3205882352941177,0.960352422907489,True
0.11514531801488821,0.32106038291605304,0.960352422907489,True
0.11514863765052313,0.3215339233038348,0.960352422907489,True
0.11543657431630618,0.32200886262924666,0.960352422907489,True
0.11604503591979141,0.3224852071005917,0.960352422907489,True
0.1170070396191095,0.32296296296296295,0.960352422907489,True
0.1170897317485888,0.32344213649851633,0.960352422907489,True
0.11758026788663856,0.32392273402674593,0.960352422907489,True
0.11773276844783595,0.3244047619047619,0.960352422907489,True
0.11851263683809876,0.32488822652757077,0.960352422907489,True
0.11853987676265966,0.3253731343283582,0.960352422907489,True
0.11879902938122498,0.32585949177877427,0.960352422907489,True
0.11913606568330827,0.3263473053892216,0.960352422907489,True
0.12006199913182213,0.32533733133433285,0.9559471365638766,True
0.12054680120810021,0.3258258258258258,0.9559471365638766,True
0.12202619007686413,0.3263157894736842,0.9559471365638766,True
0.12261410806717628,0.3253012048192771,0.9515418502202643,True
0.12290035415676412,0.3257918552036199,0.9515418502202643,True
0.12291096879080937,0.32628398791540786,0.9515418502202643,True
0.12343938528515185,0.3267776096822995,0.9515418502202643,True
0.12444018261382934,0.32727272727272727,0.9515418502202643,True
0.12448576226858651,0.3277693474962064,0.9515418502202643,True
0.12461187258408254,0.3282674772036474,0.9515418502202643,True
0.1254170722489727,0.3287671232876712,0.9515418502202643,True
0.12621947335764186,0.32926829268292684,0.9515418502202643,True
0.1269772878211792,0.3297709923664122,0.9515418502202643,True
0.12732895535188518,0.3302752293577982,0.9515418502202643,True
0.127678131048522,0.33078101071975496,0.9515418502202643,True
0.12794238442198091,0.3312883435582822,0.9515418502202643,True
0.12802599935785675,0.3317972350230415,0.9515418502202643,True
0.1282278204020063,0.3323076923076923,0.9515418502202643,True
0.1302043080089607,0.33281972265023113,0.9515418502202643,True
0.13032781982121933,0.3333333333333333,0.9515418502202643,True
0.13119484892253536,0.33384853168469864,0.9515418502202643,True
0.13133361778677383,0.33436532507739936,0.9515418502202643,True
0.13246843373267256,0.3333333333333333,0.947136563876652,True
0.13285867154157105,0.3338509316770186,0.947136563876652,True
0.13300065138551875,0.3343701399688958,0.947136563876652,True
0.1336002037706231,0.3348909657320872,0.947136563876652,True
0.13378683521635887,0.33541341653666146,0.947136563876652,True
0.13509397293144976,0.3359375,0.947136563876652,True
0.13520179245708178,0.3364632237871675,0.947136563876652,True
0.13546897945057107,0.33699059561128525,0.947136563876652,True
0.1357323059443509,0.3359497645211931,0.9427312775330396,True
0.13584262398429592,0.33647798742138363,0.9427312775330396,True
0.13621461704666704,0.33700787401574805,0.9427312775330396,True
0.13629287464793202,0.33753943217665616,0.9427312775330396,True
0.13633709385441423,0.3380726698262243,0.9427312775330396,True
0.13670327688613965,0.33860759493670883,0.9427312775330396,True
0.13705457849239325,0.33914421553090335,0.9427312775330396,True
0.1385195907760514,0.3396825396825397,0.9427312775330396,True
0.13872480999100106,0.34022257551669316,0.9427312775330396,True
0.13929258239913933,0.34076433121019106,0.9427312775330396,True
0.1399071415739139,0.3413078149920255,0.9427312775330396,True
0.13993837162470493,0.34185303514376997,0.9427312775330396,True
0.1399399548305224,0.3424,0.9427312775330396,True
0.140704701513774,0.34294871794871795,0.9427312775330396,True
0.1410815516843162,0.3434991974317817,0.9427312775330396,True
0.1412616268527584,0.3440514469453376,0.9427312775330396,True
0.14134545134280946,0.3446054750402576,0.9427312775330396,True
0.14148104243661375,0.34516129032258064,0.9427312775330396,True
0.14232621941553894,0.345718901453958,0.9427312775330396,True
0.14343835276905612,0.34627831715210355,0.9427312775330396,True
0.14436309170148548,0.34683954619124796,0.9427312775330396,True
0.14561532661218415,0.3474025974025974,0.9427312775330396,True
0.14732835854413626,0.34796747967479674,0.9427312775330396,True
0.1476152169512066,0.3485342019543974,0.9427312775330396,True
0.1477491643144247,0.34910277324632955,0.9427312775330396,True
0.14778201547176267,0.34967320261437906,0.9427312775330396,True
0.14826788233316035,0.3502454991816694,0.9427312775330396,True
0.1483448923819531,0.35081967213114756,0.9427312775330396,True
0.14874840221145483,0.35139573070607555,0.9427312775330396,True
0.14880729117777655,0.3519736842105263,0.9427312775330396,True
0.15020702666898073,0.3525535420098847,0.9427312775330396,True
0.1516065598550702,0.35313531353135313,0.9427312775330396,True
0.15164370592717522,0.3537190082644628,0.9427312775330396,True
0.1521744989277671,0.3543046357615894,0.9427312775330396,True
0.15222686611533187,0.3548922056384743,0.9427312775330396,True
0.1522666704903742,0.3554817275747508,0.9427312775330396,True
0.15307167031463084,0.3560732113144759,0.9427312775330396,True
0.15320871142330106,0.355,0.9383259911894273,True
0.1539164354049965,0.3555926544240401,0.9383259911894273,True
0.15491749035098537,0.35618729096989965,0.9383259911894273,True
0.1551801629954735,0.35678391959798994,0.9383259911894273,True
0.15579552265195284,0.3573825503355705,0.9383259911894273,True
0.15638174375305872,0.35798319327731093,0.9383259911894273,True
0.15645903541886969,0.35858585858585856,0.9383259911894273,True
0.15829875101014343,0.3591905564924115,0.9383259911894273,True
0.1588322484048536,0.3597972972972973,0.9383259911894273,True
0.1600638856334332,0.3604060913705584,0.9383259911894273,True
0.16061045652079806,0.3610169491525424,0.9383259911894273,True
0.16118833521798953,0.3599320882852292,0.933920704845815,True
0.16187659513158206,0.36054421768707484,0.933920704845815,True
0.16208338390321944,0.36115843270868825,0.933920704845815,True
0.16287091587217936,0.36177474402730375,0.933920704845815,True
0.16369392754706802,0.3623931623931624,0.933920704845815,True
0.1663399097425502,0.363013698630137,0.933920704845815,True
0.16706082787792365,0.36363636363636365,0.933920704845815,True
0.1684306918931179,0.3642611683848797,0.933920704845815,True
0.16885903563421792,0.3648881239242685,0.933920704845815,True
0.1698460575466681,0.36551724137931035,0.933920704845815,True
0.16999633188184143,0.36614853195164077,0.933920704845815,True
0.1701183615818819,0.36678200692041524,0.933920704845815,True
0.1709394006176674,0.36741767764298094,0.933920704845815,True
0.17115342435046116,0.3680555555555556,0.933920704845815,True
0.1717873940127894,0.36869565217391304,0.933920704845815,True
0.17324689220176656,0.3693379790940767,0.933920704845815,True
0.17356050433689973,0.3699825479930192,0.933920704845815,True
0.17356514434268874,0.3706293706293706,0.933920704845815,True
0.17388481671521666,0.3712784588441331,0.933920704845815,True
0.1743380619856169,0.3701754385964912,0.9295154185022027,True
0.17566118587223903,0.37082601054481545,0.9295154185022027,True
0.17637746090140408,0.3714788732394366,0.9295154185022027,True
0.17855331195733443,0.37213403880070545,0.9295154185022027,True
0.18030169405336893,0.37279151943462896,0.9295154185022027,True
0.18037894879824592,0.3734513274336283,0.9295154185022027,True
0.18044064187731795,0.374113475177305,0.9295154185022027,True
0.18048179042713713,0.3747779751332149,0.9295154185022027,True
0.18071997155748704,0.3736654804270463,0.9251101321585903,True
0.18094248572280267,0.37433155080213903,0.9251101321585903,True
0.18150235836589712,0.375,0.9251101321585903,True
0.1820901105851452,0.3756708407871199,0.9251101321585903,True
0.18217781004839798,0.3763440860215054,0.9251101321585903,True
0.18242742709154505,0.3770197486535009,0.9251101321585903,True
0.18326076260001128,0.3776978417266187,0.9251101321585903,True
0.18502066181704935,0.3783783783783784,0.9251101321585903,True
0.18533530610384077,0.37725631768953066,0.920704845814978,True
0.18558172524864364,0.3779385171790235,0.920704845814978,True
0.18656220772500118,0.3786231884057971,0.920704845814978,True
0.18664864131871958,0.3793103448275862,0.920704845814978,True
0.18665706196520895,0.38,0.920704845814978,True
0.18671433696655482,0.3806921675774135,0.920704845814978,True
0.1867874492745241,0.3813868613138686,0.920704845814978,True
0.18702975054245757,0.3820840950639854,0.920704845814978,True
0.1871227904152633,0.38278388278388276,0.920704845814978,True
0.18726966123905295,0.381651376146789,0.9162995594713657,True
0.1873850038591287,0.38235294117647056,0.9162995594713657,True
0.1879592454809511,0.3830570902394107,0.9162995594713657,True
0.18797349052033277,0.3837638376383764,0.9162995594713657,True
0.18810269693413265,0.3844731977818854,0.9162995594713657,True
0.18894502206827127,0.3851851851851852,0.9162995594713657,True
0.18949045147021074,0.38589981447124305,0.9162995594713657,True
0.19028066577734545,0.38661710037174724,0.9162995594713657,True
0.19113604409063578,0.38733705772811916,0.9162995594713657,True
0.1919186651989333,0.3880597014925373,0.9162995594713657,True
0.1921807217946835,0.38878504672897196,0.9162995594713657,True
0.19529302907519128,0.3895131086142322,0.9162995594713657,True
0.19563156530837914,0.3902439024390244,0.9162995594713657,True
0.196040854438177,0.39097744360902253,0.9162995594713657,True
0.19625959579464033,0.3898305084745763,0.9118942731277533,True
0.1968355882029588,0.3905660377358491,0.9118942731277533,True
0.196931627074649,0.391304347826087,0.9118942731277533,True
0.1988860890602536,0.39204545454545453,0.9118942731277533,True
0.1992993841086237,0.3927893738140417,0.9118942731277533,True
0.19954909324968867,0.3935361216730038,0.9118942731277533,True
0.1999648096504657,0.3942857142857143,0.9118942731277533,True
0.2018344278454088,0.3950381679389313,0.9118942731277533,True
0.2040607266843412,0.39579349904397704,0.9118942731277533,True
0.204623944156097,0.39655172413793105,0.9118942731277533,True
0.20513237552653799,0.39731285988483683,0.9118942731277533,True
0.20569136349865397,0.39807692307692305,0.9118942731277533,True
0.20834707315179823,0.3988439306358382,0.9118942731277533,True
0.20844563899969612,0.3996138996138996,0.9118942731277533,True
0.2088929733469322,0.40038684719535783,0.9118942731277533,True
0.20899780672122925,0.4011627906976744,0.9118942731277533,True
0.20989138978915012,0.4,0.9074889867841409,True
0.20990413895440777,0.40077821011673154,0.9074889867841409,True
0.2099284777922738,0.4015594541910331,0.9074889867841409,True
0.2103168685038452,0.40234375,0.9074889867841409,True
0.210909152921572,0.40313111545988256,0.9074889867841409,True
0.2126595482431117,0.403921568627451,0.9074889867841409,True
0.21378830089672723,0.40471512770137524,0.9074889867841409,True
0.2147364063858564,0.40551181102362205,0.9074889867841409,True
0.21545969705512685,0.40631163708086787,0.9074889867841409,True
0.2154796094478811,0.40711462450592883,0.9074889867841409,True
0.21583366937446002,0.4079207920792079,0.9074889867841409,True
0.21621743504942306,0.4087301587301587,0.9074889867841409,True
0.21783285924673063,0.40755467196819084,0.9030837004405287,True
0.21788431160067187,0.40836653386454186,0.9030837004405287,True
0.21861329142652033,0.4091816367265469,0.9030837004405287,True
0.21894765923126958,0.41,0.9030837004405287,True
0.22032714132039463,0.41082164328657317,0.9030837004405287,True
0.22097297433461555,0.41164658634538154,0.9030837004405287,True
0.22110738840296026,0.4124748490945674,0.9030837004405287,True
0.22155666174028316,0.4112903225806452,0.8986784140969163,False
0.221561733600637,0.4121212121212121,0.8986784140969163,False
0.22159179900531223,0.41295546558704455,0.8986784140969163,False
0.22258057279543833,0.41379310344827586,0.8986784140969163,False
0.2238202163663275,0.4146341463414634,0.8986784140969163,False
0.22424316440021907,0.4154786150712831,0.8986784140969163,False
0.22493181985870184,0.4163265306122449,0.8986784140969163,False
0.22541395084344798,0.4171779141104294,0.8986784140969163,False
0.2272629220981929,0.4180327868852459,0.8986784140969163,False
0.23227482995730492,0.4188911704312115,0.8986784140969163,False
0.23271385118021026,0.41975308641975306,0.8986784140969163,False
0.2329711132039379,0.42061855670103093,0.8986784140969163,False
0.2331480378167049,0.4214876033057851,0.8986784140969163,False
0.23345408077432353,0.422360248447205,0.8986784140969163,False
0.23346658529364145,0.42323651452282157,0.8986784140969163,False
0.23801293841149843,0.42411642411642414,0.8986784140969163,False
0.2380750638351759,0.425,0.8986784140969163,False
0.24194628006543661,0.42588726513569936,0.8986784140969163,False
0.2431260017082621,0.42677824267782427,0.8986784140969163,False
0.2433240933152072,0.4276729559748428,0.8986784140969163,False
0.2463628464402333,0.42857142857142855,0.8986784140969163,False
0.24651988758283727,0.42947368421052634,0.8986784140969163,False
0.24697559965107288,0.43037974683544306,0.8986784140969163,False
0.24719663173229775,0.4312896405919662,0.8986784140969163,False
0.24781668392405218,0.4322033898305085,0.8986784140969163,False
0.2493224395733218,0.43312101910828027,0.8986784140969163,False
0.2497457204972495,0.4340425531914894,0.8986784140969163,False
0.2514501818305273,0.4349680170575693,0.8986784140969163,False
0.2516013502000462,0.4358974358974359,0.8986784140969163,False
0.25234025773362984,0.43683083511777304,0.8986784140969163,False
0.25284930138407485,0.43776824034334766,0.8986784140969163,False
0.25301192732333333,0.43870967741935485,0.8986784140969163,False
0.2578290254410248,0.4375,0.8942731277533039,False
0.2605577276171763,0.43844492440604754,0.8942731277533039,False
0.26102958084362093,0.43722943722943725,0.8898678414096917,False
0.2611304543743876,0.4360086767895879,0.8854625550660793,False
0.26127157821253155,0.4369565217391304,0.8854625550660793,False
0.2621795283731153,0.43790849673202614,0.8854625550660793,False
0.2632222244188604,0.4388646288209607,0.8854625550660793,False
0.2639383149481303,0.43982494529540483,0.8854625550660793,False
0.26565796292476723,0.4407894736842105,0.8854625550660793,False
0.26609180829417395,0.44175824175824174,0.8854625550660793,False
0.2664438450769813,0.44273127753303965,0.8854625550660793,False
0.26651537955980764,0.44370860927152317,0.8854625550660793,False
0.2677290003091746,0.4446902654867257,0.8854625550660793,False
0.2712136302085031,0.44567627494456763,0.8854625550660793,False
0.2721350947488043,0.44666666666666666,0.8854625550660793,False
0.2724091074513096,0.44766146993318484,0.8854625550660793,False
0.2724257417517293,0.44642857142857145,0.8810572687224669,False
0.2730723586641721,0.4451901565995526,0.8766519823788547,False
0.273944808651793,0.4461883408071749,0.8766519823788547,False
0.2748743754364973,0.44719101123595506,0.8766519823788547,False
0.2765456256781524,0.44594594594594594,0.8722466960352423,False
0.2768157186635558,0.44469525959367945,0.8678414096916299,False
0.27802982536249377,0.4457013574660634,0.8678414096916299,False
0.27833872760254963,0.4467120181405896,0.8678414096916299,False
0.2808172608252169,0.44772727272727275,0.8678414096916299,False
0.28110984163525005,0.44874715261959,0.8678414096916299,False
0.2817772180600986,0.4497716894977169,0.8678414096916299,False
0.2828803806641442,0.448512585812357,0.8634361233480177,False
0.29056220658381066,0.44724770642201833,0.8590308370044053,False
0.29223044826841754,0.4482758620689655,0.8590308370044053,False
0.29358061060474244,0.4470046082949309,0.8546255506607929,False
0.2944617373283796,0.44803695150115475,0.8546255506607929,False
0.2953952180295789,0.44907407407407407,0.8546255506607929,False
0.29551522215334286,0.45011600928074247,0.8546255506607929,False
0.29672561814178156,0.4511627906976744,0.8546255506607929,False
0.29980259627155925,0.44988344988344986,0.8502202643171806,False
0.3007205274704651,0.45093457943925236,0.8502202643171806,False
0.30368740301060404,0.4519906323185012,0.8502202643171806,False
0.30384403411165684,0.45305164319248825,0.8502202643171806,False
0.30578018102574894,0.45176470588235296,0.8458149779735683,False
0.30866796685984627,0.4528301886792453,0.8458149779735683,False
0.31203930161791543,0.45390070921985815,0.8458149779735683,False
0.3126892518551678,0.4549763033175355,0.8458149779735683,False
0.317903525450175,0.45605700712589076,0.8458149779735683,False
0.31964329082806453,0.45714285714285713,0.8458149779735683,False
0.3221288443372329,0.45823389021479716,0.8458149779735683,False
0.32334006120717634,0.45933014354066987,0.8458149779735683,False
0.32347499833778764,0.460431654676259,0.8458149779735683,False
0.32808999730671073,0.46153846153846156,0.8458149779735683,False
0.3297073632752955,0.46265060240963857,0.8458149779735683,False
0.3304641574318813,0.4613526570048309,0.8414096916299559,False
0.3319369699717085,0.46246973365617433,0.8414096916299559,False
0.3332920667464032,0.46116504854368934,0.8370044052863436,False
0.3370253491763372,0.46228710462287104,0.8370044052863436,False
0.3389713868217135,0.4634146341463415,0.8370044052863436,False
0.3401935962771738,0.4621026894865526,0.8325991189427313,False
0.3421751777054852,0.4632352941176471,0.8325991189427313,False
0.34838969950484466,0.4643734643734644,0.8325991189427313,False
0.34892528654057203,0.46551724137931033,0.8325991189427313,False
0.3511005808515682,0.4641975308641975,0.8281938325991189,False
0.35142123898556454,0.46534653465346537,0.8281938325991189,False
0.35351218778692683,0.4665012406947891,0.8281938325991189,False
0.35353140267891614,0.46766169154228854,0.8281938325991189,False
0.35453345789040214,0.4688279301745636,0.8281938325991189,False
0.35544923668154116,0.47,0.8281938325991189,False
0.35643759639708783,0.47117794486215536,0.8281938325991189,False
0.3573511167953151,0.4723618090452261,0.8281938325991189,False
0.357432895581201,0.473551637279597,0.8281938325991189,False
0.35865570924001966,0.47474747474747475,0.8281938325991189,False
0.35955121852239724,0.47341772151898737,0.8237885462555066,False
0.361071977036175,0.4746192893401015,0.8237885462555066,False
0.3629733654370792,0.4758269720101781,0.8237885462555066,False
0.3633103258248602,0.4770408163265306,0.8237885462555066,False
0.3635549203918905,0.4782608695652174,0.8237885462555066,False
0.36489036211379494,0.4794871794871795,0.8237885462555066,False
0.36876996765259296,0.480719794344473,0.8237885462555066,False
0.37707476571810233,0.48195876288659795,0.8237885462555066,False
0.37708811021529703,0.48320413436692505,0.8237885462555066,False
0.3773886451512,0.4844559585492228,0.8237885462555066,False
0.37876632124095233,0.4831168831168831,0.8193832599118943,False
0.38096486721897893,0.484375,0.8193832599118943,False
0.38318361720248156,0.4856396866840731,0.8193832599118943,False
0.38532512079157843,0.4869109947643979,0.8193832599118943,False
0.3853635586054734,0.4881889763779528,0.8193832599118943,False
0.3868209649106972,0.4868421052631579,0.8149779735682819,False
0.388905090790928,0.48812664907651715,0.8149779735682819,False
0.3900965526335539,0.4894179894179894,0.8149779735682819,False
0.39066137376810517,0.4907161803713528,0.8149779735682819,False
0.393949555241722,0.4920212765957447,0.8149779735682819,False
0.39411142712361724,0.49066666666666664,0.8105726872246696,False
0.3944949263468962,0.4919786096256685,0.8105726872246696,False
0.3973669238469146,0.4932975871313673,0.8105726872246696,False
0.3984819581137188,0.4946236559139785,0.8105726872246696,False
0.39888034007024387,0.49595687331536387,0.8105726872246696,False
0.400636128384514,0.4972972972972973,0.8105726872246696,False
0.4082328219574264,0.4986449864498645,0.8105726872246696,False
0.4096084761292498,0.49728260869565216,0.8061674008810573,False
0.4104425881978447,0.49591280653950953,0.801762114537445,False
0.4123696970342334,0.4972677595628415,0.801762114537445,False
0.41486205348493105,0.4986301369863014,0.801762114537445,False
0.41595207269915946,0.5,0.801762114537445,False
0.41977749199161973,0.5013774104683195,0.801762114537445,False
0.42138513993181337,0.5027624309392266,0.801762114537445,False
0.4276771263395861,0.5041551246537396,0.801762114537445,False
0.43009770681899323,0.5027777777777778,0.7973568281938326,False
0.43212258214991267,0.5041782729805014,0.7973568281938326,False
0.4357076434550645,0.505586592178771,0.7973568281938326,False
0.4463977201608844,0.5070028011204482,0.7973568281938326,False
0.4482165932223368,0.5084269662921348,0.7973568281938326,False
0.44861931625096085,0.5098591549295775,0.7973568281938326,False
0.4489414629694402,0.5112994350282486,0.7973568281938326,False
0.44989938548318587,0.509915014164306,0.7929515418502202,False
0.4526379265641721,0.5113636363636364,0.7929515418502202,False
0.45367208740619525,0.5128205128205128,0.7929515418502202,False
0.45479501222839946,0.5142857142857142,0.7929515418502202,False
0.45772862572414835,0.5157593123209169,0.7929515418502202,False
0.46163835931780783,0.5172413793103449,0.7929515418502202,False
0.46904662923153995,0.5187319884726225,0.7929515418502202,False
0.4785694709931045,0.5202312138728323,0.7929515418502202,False
0.4811455589370788,0.5217391304347826,0.7929515418502202,False
0.48517379663023946,0.5232558139534884,0.7929515418502202,False
0.4858256969798387,0.5247813411078717,0.7929515418502202,False
0.4879728093267814,0.5263157894736842,0.7929515418502202,False
0.4883036744558919,0.5249266862170088,0.788546255506608,False
0.4905219177552581,0.5264705882352941,0.788546255506608,False
0.4907422345235677,0.528023598820059,0.788546255506608,False
0.49094214576994155,0.5295857988165681,0.788546255506608,False
0.49260809522763294,0.5311572700296736,0.788546255506608,False
0.4986353374472532,0.5327380952380952,0.788546255506608,False
0.5004637156740899,0.5343283582089552,0.788546255506608,False
0.5010846388595127,0.5329341317365269,0.7841409691629956,False
0.503565798071473,0.5315315315315315,0.7797356828193832,False
0.5036256195468023,0.5331325301204819,0.7797356828193832,False
0.5049337879192479,0.5347432024169184,0.7797356828193832,False
0.5059622438804975,0.5363636363636364,0.7797356828193832,False
0.5067974860050996,0.5379939209726444,0.7797356828193832,False
0.5068069856531097,0.5396341463414634,0.7797356828193832,False
0.5079134491868125,0.5412844036697247,0.7797356828193832,False
0.5102213302577778,0.5398773006134969,0.775330396475771,False
0.5154978829346599,0.5415384615384615,0.775330396475771,False
0.518619206296533,0.5432098765432098,0.775330396475771,False
0.5199576417519155,0.541795665634675,0.7709251101321586,False
0.5279608718457522,0.5403726708074534,0.7665198237885462,False
0.5306820081325136,0.5420560747663551,0.7665198237885462,False
0.5316334372321608,0.540625,0.762114537444934,False
0.5338756611452109,0.542319749216301,0.762114537444934,False
0.5370358305708669,0.5440251572327044,0.762114537444934,False
0.5427172406162682,0.5425867507886435,0.7577092511013216,False
0.5428640317971781,0.5411392405063291,0.7533039647577092,False
0.5444512138087085,0.5428571428571428,0.7533039647577092,False
0.5453083752601685,0.5445859872611465,0.7533039647577092,False
0.5473332161065558,0.5463258785942492,0.7533039647577092,False
0.549156962448535,0.5480769230769231,0.7533039647577092,False
0.5493444783908148,0.5498392282958199,0.7533039647577092,False
0.5493829482276857,0.5483870967741935,0.748898678414097,False
0.5507562249062526,0.5501618122977346,0.748898678414097,False
0.5541111490107158,0.551948051948052,0.748898678414097,False
0.5572443442748117,0.5504885993485342,0.7444933920704846,False
0.5574464642599626,0.5522875816993464,0.7444933920704846,False
0.5625197170757607,0.5540983606557377,0.7444933920704846,False
0.5643084498496475,0.555921052631579,0.7444933920704846,False
0.5645748944107954,0.5577557755775577,0.7444933920704846,False
0.5672672860467504,0.5596026490066225,0.7444933920704846,False
0.5682280518228924,0.5581395348837209,0.7400881057268722,False
0.573585534002891,0.56,0.7400881057268722,False
0.5742360149401535,0.5585284280936454,0.73568281938326,False
0.57818043978039,0.5604026845637584,0.73568281938326,False
0.5795381161669287,0.5589225589225589,0.7312775330396476,False
0.5799526232311026,0.5608108108108109,0.7312775330396476,False
0.5809783603668935,0.559322033898305,0.7268722466960352,False
0.5857488637884017,0.5578231292517006,0.7224669603524229,False
0.5888482678264324,0.5597269624573379,0.7224669603524229,False
0.5929379572693545,0.5616438356164384,0.7224669603524229,False
0.595079257572843,0.5601374570446735,0.7180616740088106,False
0.5953299154755983,0.5620689655172414,0.7180616740088106,False
0.599614294655351,0.5605536332179931,0.7136563876651982,False
0.6003395668500181,0.5625,0.7136563876651982,False
0.6040323105860886,0.5644599303135889,0.7136563876651982,False
0.604439984847965,0.5664335664335665,0.7136563876651982,False
0.6053560426273578,0.5684210526315789,0.7136563876651982,False
0.6106561567194485,0.5704225352112676,0.7136563876651982,False
0.610784090185128,0.5724381625441696,0.7136563876651982,False
0.6115571646354381,0.574468085106383,0.7136563876651982,False
0.611680098012265,0.5729537366548043,0.7092511013215859,False
0.6159774086884833,0.5714285714285714,0.7048458149779736,False
0.616970869580889,0.5734767025089605,0.7048458149779736,False
0.6182098230081517,0.5719424460431655,0.7004405286343612,False
0.6206381646337,0.5703971119133574,0.6960352422907489,False
0.6207241134820978,0.572463768115942,0.6960352422907489,False
0.6237592709768408,0.5709090909090909,0.6916299559471366,False
0.6253031786344613,0.5693430656934306,0.6872246696035242,False
0.6258392289735957,0.5677655677655677,0.6828193832599119,False
0.6265845951846869,0.5661764705882353,0.6784140969162996,False
0.6268323945609189,0.5645756457564576,0.6740088105726872,False
0.626843046117195,0.562962962962963,0.6696035242290749,False
0.62930248351889,0.5613382899628253,0.6651982378854625,False
0.6313027991267699,0.5634328358208955,0.6651982378854625,False
0.6347364747072535,0.5655430711610487,0.6651982378854625,False
0.6391143410674509,0.5676691729323309,0.6651982378854625,False
0.6396591911259845,0.569811320754717,0.6651982378854625,False
0.6498702787432503,0.571969696969697,0.6651982378854625,False
0.6513835574859953,0.5703422053231939,0.6607929515418502,False
0.6529676718432882,0.5725190839694656,0.6607929515418502,False
0.6556171753831566,0.5708812260536399,0.6563876651982379,False
0.6642921527389961,0.573076923076923,0.6563876651982379,False
0.6643610518808951,0.5752895752895753,0.6563876651982379,False
0.6649473437069765,0.5775193798449613,0.6563876651982379,False
0.6650659159980755,0.5758754863813229,0.6519823788546255,False
0.6672448590367628,0.578125,0.6519823788546255,False
0.6688741286440292,0.5803921568627451,0.6519823788546255,False
0.6700604938920727,0.5787401574803149,0.6475770925110133,False
0.6708789023840106,0.5770750988142292,0.6431718061674009,False
0.6725715237848071,0.5793650793650794,0.6431718061674009,False
0.6729250574413141,0.5816733067729084,0.6431718061674009,False
0.6765757849263163,0.584,0.6431718061674009,False
0.6769456144647495,0.5863453815261044,0.6431718061674009,False
0.6792073662053199,0.5846774193548387,0.6387665198237885,False
0.6792761794191646,0.582995951417004,0.6343612334801763,False
0.6829920047267782,0.5853658536585366,0.6343612334801763,False
0.6851689732642614,0.5836734693877551,0.6299559471365639,False
0.6856911202121148,0.5860655737704918,0.6299559471365639,False
0.6880702759908827,0.588477366255144,0.6299559471365639,False
0.6894517376696182,0.5909090909090909,0.6299559471365639,False
0.6898582312549086,0.5892116182572614,0.6255506607929515,False
0.690530946510691,0.5875,0.6211453744493393,False
0.6957961681927736,0.5899581589958159,0.6211453744493393,False
0.6959941607787865,0.592436974789916,0.6211453744493393,False
0.6987150610155225,0.5949367088607594,0.6211453744493393,False
0.7008675336963924,0.5932203389830508,0.6167400881057269,False
0.7016808128823594,0.5914893617021276,0.6123348017621145,False
0.7028205016085183,0.5897435897435898,0.6079295154185022,False
0.703381993983749,0.592274678111588,0.6079295154185022,False
0.7035507986004478,0.5948275862068966,0.6079295154185022,False
0.7035582043308591,0.5974025974025974,0.6079295154185022,False
0.7067577034959979,0.6,0.6079295154185022,False
0.7072171669719299,0.6026200873362445,0.6079295154185022,False
0.7079435102881259,0.6008771929824561,0.6035242290748899,False
0.7101849652775691,0.6035242290748899,0.6035242290748899,False
0.7129790041024336,0.6061946902654868,0.6035242290748899,False
0.7133955357119615,0.6044444444444445,0.5991189427312775,False
0.7136043208422584,0.6026785714285714,0.5947136563876652,False
0.7174087719861308,0.600896860986547,0.5903083700440529,False
0.7212996451939313,0.6036036036036037,0.5903083700440529,False
0.7216844423640421,0.6018099547511312,0.5859030837004405,False
0.7231843827816101,0.6045454545454545,0.5859030837004405,False
0.7249662354508012,0.6027397260273972,0.5814977973568282,False
0.7332302180764368,0.6055045871559633,0.5814977973568282,False
0.7352784012544155,0.6036866359447005,0.5770925110132159,False
0.7368785337895329,0.6064814814814815,0.5770925110132159,False
0.7375644175446444,0.6046511627906976,0.5726872246696035,False
0.7376473162435838,0.602803738317757,0.5682819383259912,False
0.7380288867259278,0.6056338028169014,0.5682819383259912,False
0.7422730204095578,0.6084905660377359,0.5682819383259912,False
0.7424054577336512,0.6066350710900474,0.5638766519823789,False
0.7432967825958816,0.6095238095238096,0.5638766519823789,False
0.7433478874438623,0.6124401913875598,0.5638766519823789,False
0.7465691472065168,0.6153846153846154,0.5638766519823789,False
0.7476724986517522,0.6135265700483091,0.5594713656387665,False
0.749022438571665,0.6116504854368932,0.5550660792951542,False
0.7494545220178692,0.6097560975609756,0.5506607929515418,False
0.7495428853135825,0.6127450980392157,0.5506607929515418,False
0.7496004543272604,0.6108374384236454,0.5462555066079295,False
0.7519530803530269,0.6089108910891089,0.5418502202643172,False
0.75505951827793,0.6119402985074627,0.5418502202643172,False
0.7561629996242386,0.615,0.5418502202643172,False
0.7562265064631641,0.6180904522613065,0.5418502202643172,False
0.7563783665195586,0.6161616161616161,0.5374449339207048,False
0.7580619639125812,0.6142131979695431,0.5330396475770925,False
0.7582588015267893,0.6122448979591837,0.5286343612334802,False
0.7616511721018356,0.6153846153846154,0.5286343612334802,False
0.7618194917918382,0.6134020618556701,0.5242290748898678,False
0.7645382750097102,0.6113989637305699,0.5198237885462555,False
0.7665249037942067,0.6145833333333334,0.5198237885462555,False
0.7675059845351221,0.6178010471204188,0.5198237885462555,False
0.7677108586597541,0.6210526315789474,0.5198237885462555,False
0.7688316235620172,0.6243386243386243,0.5198237885462555,False
0.7716822091847045,0.6276595744680851,0.5198237885462555,False
0.7761798703254121,0.6310160427807486,0.5198237885462555,False
0.7770600115455454,0.6344086021505376,0.5198237885462555,False
0.7776017663903747,0.6378378378378379,0.5198237885462555,False
0.7787460791873838,0.6413043478260869,0.5198237885462555,False
0.7794036421033522,0.639344262295082,0.5154185022026432,False
0.7811214426290851,0.6428571428571429,0.5154185022026432,False
0.7844136348423295,0.6464088397790055,0.5154185022026432,False
0.7853162930018104,0.6444444444444445,0.5110132158590308,False
0.7863524475080372,0.6424581005586593,0.5066079295154186,False
0.7875503243107345,0.6460674157303371,0.5066079295154186,False
0.7936933884467067,0.6440677966101694,0.5022026431718062,False
0.7945717758194267,0.6420454545454546,0.4977973568281938,False
0.795672391463843,0.6457142857142857,0.4977973568281938,False
0.7968570685704758,0.6494252873563219,0.4977973568281938,False
0.7969622500466392,0.6473988439306358,0.4933920704845815,False
0.7982051081680498,0.6453488372093024,0.4889867841409692,False
0.7988874695372681,0.6432748538011696,0.4845814977973568,False
0.7998610309691327,0.6411764705882353,0.4801762114537445,False
0.8004771830678856,0.6449704142011834,0.4801762114537445,False
0.8007063822242386,0.6488095238095238,0.4801762114537445,False
0.801989364368378,0.6526946107784432,0.4801762114537445,False
0.8029887801350697,0.6506024096385542,0.47577092511013214,False
0.8031395789397077,0.6545454545454545,0.47577092511013214,False
0.8035831769871143,0.6585365853658537,0.47577092511013214,False
0.8044781476932076,0.656441717791411,0.4713656387665198,False
0.806699655866283,0.654320987654321,0.4669603524229075,False
0.8069504821504486,0.6583850931677019,0.4669603524229075,False
0.8070669974612275,0.6625,0.4669603524229075,False
0.807068373259203,0.660377358490566,0.46255506607929514,False
0.8074937870090599,0.6582278481012658,0.4581497797356828,False
0.8081705570358052,0.6560509554140127,0.45374449339207046,False
0.8085852167391572,0.6602564102564102,0.45374449339207046,False
0.809501051220341,0.6645161290322581,0.45374449339207046,False
0.8155089580717458,0.6688311688311688,0.45374449339207046,False
0.8170355457634076,0.6666666666666666,0.44933920704845814,False
0.8188223697657219,0.6644736842105263,0.44493392070484583,False
0.8189073817288677,0.6688741721854304,0.44493392070484583,False
0.8192497003612872,0.6666666666666666,0.44052863436123346,False
0.8193107473368445,0.6711409395973155,0.44052863436123346,False
0.8195205696027789,0.6756756756756757,0.44052863436123346,False
0.8195314916663404,0.673469387755102,0.43612334801762115,False
0.819812677572835,0.678082191780822,0.43612334801762115,False
0.8206156850733956,0.6758620689655173,0.43171806167400884,False
0.8208922120222228,0.6736111111111112,0.42731277533039647,False
0.8217732199756105,0.6783216783216783,0.42731277533039647,False
0.8218272697974623,0.676056338028169,0.42290748898678415,False
0.8228280450053408,0.6737588652482269,0.4185022026431718,False
0.8229725632106476,0.6714285714285714,0.41409691629955947,False
0.8244872019507096,0.6690647482014388,0.40969162995594716,False
0.8255060237910706,0.6666666666666666,0.4052863436123348,False
0.8262095104741882,0.6715328467153284,0.4052863436123348,False
0.8284428587270568,0.6691176470588235,0.4008810572687225,False
0.8297965917405179,0.674074074074074,0.4008810572687225,False
0.8298813388668017,0.6791044776119403,0.4008810572687225,False
0.8310013596053341,0.6766917293233082,0.3964757709251101,False
0.8334669207302026,0.6818181818181818,0.3964757709251101,False
0.8337848625800206,0.6870229007633588,0.3964757709251101,False
0.8361681463505422,0.6923076923076923,0.3964757709251101,False
0.8365387845361915,0.6976744186046512,0.3964757709251101,False
0.8372742566487865,0.6953125,0.3920704845814978,False
0.8384077798135966,0.6929133858267716,0.3876651982378855,False
0.8386927915215903,0.6904761904761905,0.3832599118942731,False
0.8390206672726882,0.696,0.3832599118942731,False
0.8393446811379711,0.7016129032258065,0.3832599118942731,False
0.8408779101702275,0.6991869918699187,0.3788546255506608,False
0.8432045041962946,0.6967213114754098,0.3744493392070485,False
0.843886329348589,0.7024793388429752,0.3744493392070485,False
0.8440809599780604,0.7083333333333334,0.3744493392070485,False
0.8442733447516586,0.7142857142857143,0.3744493392070485,False
0.8457214480243146,0.711864406779661,0.3700440528634361,False
0.8499470573204116,0.717948717948718,0.3700440528634361,False
0.8510693810527208,0.7155172413793104,0.3656387665198238,False
0.8517337771366562,0.7130434782608696,0.36123348017621143,False
0.8519970719232333,0.7105263157894737,0.3568281938325991,False
0.8525646403216829,0.7079646017699115,0.3524229074889868,False
0.8541384467696899,0.7142857142857143,0.3524229074889868,False
0.8554944918156279,0.7117117117117117,0.34801762114537443,False
0.8575887732538127,0.7090909090909091,0.3436123348017621,False
0.857907148148999,0.7155963302752294,0.3436123348017621,False
0.8593288304941455,0.7222222222222222,0.3436123348017621,False
0.8600411583983782,0.719626168224299,0.3392070484581498,False
0.8613396283364998,0.7264150943396226,0.3392070484581498,False
0.8627987940536701,0.7333333333333333,0.3392070484581498,False
0.8646517547743338,0.7307692307692307,0.33480176211453744,False
0.8669131500659484,0.7378640776699029,0.33480176211453744,False
0.8677100322850293,0.7450980392156863,0.33480176211453744,False
0.8694515255545235,0.7524752475247525,0.33480176211453744,False
0.8694964509839377,0.75,0.3303964757709251,False
0.8698525536064259,0.7575757575757576,0.3303964757709251,False
0.8702939344502221,0.7551020408163265,0.32599118942731276,False
0.8718406378318031,0.7525773195876289,0.32158590308370044,False
0.872634114659558,0.75,0.31718061674008813,False
0.8733206361875925,0.7473684210526316,0.31277533039647576,False
0.8750856647604817,0.7446808510638298,0.30837004405286345,False
0.8755044637488428,0.7526881720430108,0.30837004405286345,False
0.8757522229904303,0.75,0.3039647577092511,False
0.8775257930062846,0.7472527472527473,0.29955947136563876,False
0.8799892127808133,0.7444444444444445,0.29515418502202645,False
0.8802499104550416,0.7415730337078652,0.2907488986784141,False
0.8802526659881954,0.7386363636363636,0.28634361233480177,False
0.8803366888538566,0.7471264367816092,0.28634361233480177,False
0.8825353212402367,0.7441860465116279,0.28193832599118945,False
0.882630936145076,0.7411764705882353,0.2775330396475771,False
0.8837250672370688,0.7380952380952381,0.27312775330396477,False
0.8848077881023759,0.7349397590361446,0.2687224669603524,False
0.8862836209632886,0.7317073170731707,0.2643171806167401,False
0.8887339259016174,0.7283950617283951,0.2599118942731278,False
0.8889406659011119,0.725,0.2555066079295154,False
0.8894384469495752,0.7341772151898734,0.2555066079295154,False
0.8902968494107788,0.7307692307692307,0.2511013215859031,False
0.8912558181858535,0.7402597402597403,0.2511013215859031,False
0.8914698642691086,0.7368421052631579,0.24669603524229075,False
0.8925053567904276,0.7333333333333333,0.2422907488986784,False
0.8925451348157807,0.7297297297297297,0.23788546255506607,False
0.8942375613014005,0.726027397260274,0.23348017621145375,False
0.8958138147727402,0.7222222222222222,0.2290748898678414,False
0.896279522608096,0.7183098591549296,0.22466960352422907,False
0.8966948150716824,0.7285714285714285,0.22466960352422907,False
0.897242580625479,0.7246376811594203,0.22026431718061673,False
0.8974060728231547,0.7205882352941176,0.21585903083700442,False
0.8982171990997682,0.7313432835820896,0.21585903083700442,False
0.898879161929565,0.7272727272727273,0.21145374449339208,False
0.9000093783760502,0.7384615384615385,0.21145374449339208,False
0.9004094748247432,0.75,0.21145374449339208,False
0.9004317298112355,0.7619047619047619,0.21145374449339208,False
0.9008192430176732,0.7741935483870968,0.21145374449339208,False
0.9011629312289752,0.7868852459016393,0.21145374449339208,False
0.9017025046146547,0.8,0.21145374449339208,False
0.9023252557737796,0.7966101694915254,0.20704845814977973,False
0.9024698954185982,0.8103448275862069,0.20704845814977973,False
0.9033130306479528,0.8070175438596491,0.2026431718061674,False
0.9036850701273448,0.8035714285714286,0.19823788546255505,False
0.9038061199184185,0.8181818181818182,0.19823788546255505,False
0.904701857050181,0.8148148148148148,0.19383259911894274,False
0.9048836863350276,0.8301886792452831,0.19383259911894274,False
0.9049664034024012,0.8269230769230769,0.1894273127753304,False
0.9050117825704995,0.8235294117647058,0.18502202643171806,False
0.9054169425184392,0.84,0.18502202643171806,False
0.9055453252716086,0.8367346938775511,0.18061674008810572,False
0.9057995453966449,0.8333333333333334,0.1762114537444934,False
0.9061321057854502,0.8297872340425532,0.17180616740088106,False
0.9063153902573998,0.8260869565217391,0.16740088105726872,False
0.906350151165928,0.8222222222222222,0.16299559471365638,False
0.9064966271616305,0.8181818181818182,0.15859030837004406,False
0.9066674416530744,0.8372093023255814,0.15859030837004406,False
0.907807635434836,0.8333333333333334,0.15418502202643172,False
0.9079978097674505,0.8292682926829268,0.14977973568281938,False
0.908423503444942,0.85,0.14977973568281938,False
0.9090209188821579,0.8461538461538461,0.14537444933920704,False
0.9090355229506751,0.8421052631578947,0.14096916299559473,False
0.9103607060300046,0.8378378378378378,0.13656387665198239,False
0.9104212599543731,0.8333333333333334,0.13215859030837004,False
0.9105314290614573,0.8285714285714286,0.1277533039647577,False
0.9106137799265495,0.8529411764705882,0.1277533039647577,False
0.9118685989517183,0.8484848484848485,0.12334801762114538,False
0.9122933870186669,0.84375,0.11894273127753303,False
0.9127564857597292,0.8709677419354839,0.11894273127753303,False
0.9128215855342265,0.8666666666666667,0.1145374449339207,False
0.9128538206500497,0.8620689655172413,0.11013215859030837,False
0.9131980150634386,0.8571428571428571,0.10572687224669604,False
0.9140135144765179,0.8518518518518519,0.1013215859030837,False
0.9150889763929746,0.8461538461538461,0.09691629955947137,False
0.9152490272472262,0.88,0.09691629955947137,False
0.9156558412665156,0.875,0.09251101321585903,False
0.9175444972463551,0.8695652173913043,0.0881057268722467,False
0.9179644936988188,0.9090909090909091,0.0881057268722467,False
0.9182638062383446,0.9047619047619048,0.08370044052863436,False
0.919257029574502,0.9,0.07929515418502203,False
0.9195207345946611,0.8947368421052632,0.07488986784140969,False
0.9201615699752548,0.8888888888888888,0.07048458149779736,False
0.9203201917117897,0.8823529411764706,0.06607929515418502,False
0.9205079102220537,0.875,0.06167400881057269,False
0.9219059429032317,0.8666666666666667,0.05726872246696035,False
0.9220729239325965,0.8571428571428571,0.05286343612334802,False
0.9228838210268242,0.9230769230769231,0.05286343612334802,False
0.9233009612405163,0.9166666666666666,0.048458149779735685,False
0.924693248243655,0.9090909090909091,0.04405286343612335,False
0.9249151551923132,0.9,0.039647577092511016,False
0.9265135847566937,0.8888888888888888,0.03524229074889868,False
0.9270197164036921,0.875,0.030837004405286344,False
0.9270820339693258,1.0,0.030837004405286344,False
0.9274522923904122,1.0,0.02643171806167401,False
0.927823238745287,1.0,0.022026431718061675,False
0.9286930345459865,1.0,0.01762114537444934,False
0.9293748048321298,1.0,0.013215859030837005,False
0.9305325713794732,1.0,0.00881057268722467,False
0.9307753561659052,1.0,0.004405286343612335,False
