sample_id,target_id,host_name,candidate_rank,label,label_source,matched_planet,negative_category,period_days,duration_hours,depth_fraction,depth_error_fraction,snr,power,duty_cycle,odd_even_mismatch,secondary_depth_fraction,secondary_to_primary_ratio,robust_scatter,transit_count,primary_point_count
10019708-r1,10019708,Kepler-490,1,1,recovered_confirmed_planet,Kepler-490 b,,3.26995381885768,4.0,0.006448186450470001,1.0422726385880581e-05,618.6660007889304,618.6660007889304,0.05096911941248446,0.017593859552842317,2.488370324016387e-06,0.00027686244926673564,0.00031022292138203195,90.0,715.0
10024051-r1,10024051,Kepler-1228,1,1,recovered_confirmed_planet,Kepler-1228 b,,0.5774773830940206,1.0,0.0002387977210781897,9.478649332320582e-06,25.193222441928526,25.193222441928526,0.07215289790818145,0.05230489908348519,-1.2635929091731057e-05,-0.041347198320080776,0.00030560544861861326,499.0,1000.0
10123064-r1,10123064,Kepler-565,1,1,recovered_confirmed_planet,Kepler-565 b,,4.243609771046929,4.0,0.0010455519605089432,1.4324225204969189e-05,72.99186835922077,72.99186835922077,0.039274739115691314,0.19016280690888837,4.951507509631803e-05,0.045786781561140015,0.0004972769041861306,67.0,537.0
10155434-r2,10155434,Kepler-1720,2,1,recovered_confirmed_planet,Kepler-1720 b,,12.72602458451273,8.0,0.00015438230840833386,1.4329070565623816e-05,10.774062958326484,10.774062958326484,0.02619304489942539,0.00019618013348791043,1.4685652568457996e-05,0.052102476426293474,0.0002818609320659256,22.0,337.0
10187017-r1,10187017,Kepler-102,1,1,recovered_confirmed_planet,Kepler-102 e,,16.14741200129976,4.0,0.0006002942728618008,5.036169184898109e-06,119.19660575778408,119.19660575778408,0.010321571447687784,0.037948059620378054,3.1075606021779834e-05,0.04807046662276844,0.00015081861832641198,12.0,95.0
10189546-r1,10189546,Kepler-549,1,1,recovered_confirmed_planet,Kepler-549 d,,24.630995241000342,4.0,0.00068817381101935,2.7974141664343942e-05,24.6003548304219,24.6003548304219,0.0067665421163833495,0.3239258286108419,9.646564440390915e-05,0.1802502128493088,0.00043760674914056745,12.0,97.0
10264660-r1,10264660,Kepler-14,1,1,recovered_confirmed_planet,Kepler-14 b,,6.778052224776733,8.0,0.001037090608290047,2.640933577919036e-06,392.69848244621073,392.69848244621073,0.049178336530789006,0.06315606446411377,1.936443266625787e-05,0.01553665354901073,0.00014849089678233392,33.0,509.0
10290666-r1,10290666,Kepler-526,1,1,recovered_confirmed_planet,Kepler-526 b,,5.454080506587944,4.0,0.000158660702545315,6.15994498663903e-06,25.756837583688057,25.756837583688057,0.03055816034716598,0.023597450879443153,1.2541482387495861e-05,0.07562131355348103,0.0001230586420832194,38.0,308.0
10318874-r4,10318874,Kepler-94,4,1,recovered_confirmed_planet,Kepler-94 b,,2.505563024812149,4.0,0.0002525145533398138,4.050168863368779e-06,62.34667290631968,62.34667290631968,0.06651864870937031,0.13072584550798919,-1.0237740939444961e-06,-0.007626068344361785,0.0001342466455472311,87.0,684.0
10332883-r2,10332883,Kepler-994,2,1,recovered_confirmed_planet,Kepler-994 b,,1.1515009310834072,2.0,0.0002153448299739912,7.192599624263951e-06,29.939777163118315,29.939777163118315,0.07236931476462453,0.05378028077904463,2.4889554157692118e-06,0.007158604494543681,0.0003476872367605033,250.0,1002.0
10337517-r1,10337517,Kepler-783,1,1,recovered_confirmed_planet,Kepler-783 c,,7.058939564863045,4.0,0.00014102551297820383,9.067879674421611e-06,15.552203827318547,15.552203827318547,0.023610722989650678,0.3651770349785865,-1.6408550870705696e-05,-0.08463515813649508,0.0001938739317322815,42.0,337.0
10386922-r1,10386922,Kepler-511,1,1,recovered_confirmed_planet,Kepler-511 c,,26.68760264273878,8.0,0.00031808234948536737,7.888756659257728e-06,40.320973662191335,40.320973662191335,0.012490193959929455,0.09674637789075015,3.389988287394452e-05,0.08619500460738262,0.00011574147453876579,7.0,111.0
10388286-r1,10388286,Kepler-617,1,1,recovered_confirmed_planet,Kepler-617 b,,1.682923314765182,1.0,0.0005430929935851791,1.5800892884672606e-05,34.3710319125065,34.3710319125065,0.024758505810159512,0.06465237848455967,-5.653868124566586e-06,-0.010150765099763584,0.0003524592978538816,172.0,347.0
10418224-r1,10418224,Kepler-40,1,1,recovered_confirmed_planet,Kepler-40 b,,6.87159105951601,8.0,0.0027604962295505356,9.793639031429192e-06,281.8662420262486,281.8662420262486,0.048508901424179206,0.015007128818116527,4.6425614083300815e-05,0.013978332880091886,0.0002935407633763942,42.0,677.0
10454313-r1,10454313,Kepler-588,1,1,recovered_confirmed_planet,Kepler-588 b,,4.220551481312624,2.0,0.0005411026768752794,1.6042088440793317e-05,33.730189112990615,33.730189112990615,0.019744655100715897,0.005637842113292059,6.902112140938499e-06,0.012301268825118688,0.00028668029517787903,69.0,274.0
10460984-r3,10460984,Kepler-164,3,1,recovered_confirmed_planet,Kepler-164 c,,10.934499902422118,8.0,0.00016800076556088703,9.495141976823904e-06,17.693338969648853,17.693338969648853,0.030484552225337358,0.3862227415619321,-6.117165508356948e-05,-0.20518599364266607,0.0002981278302558052,27.0,435.0
10489206-r1,10489206,Kepler-125,1,1,recovered_confirmed_planet,Kepler-125 b,,4.16398580686496,2.0,0.00174666278979329,1.9816012888755907e-05,88.1440075558484,88.1440075558484,0.020012876411813346,0.019330233585985054,5.219208992790492e-05,0.028536546075122394,0.0007548998456652343,69.0,278.0
10587105-r1,10587105,Kepler-529,1,1,recovered_confirmed_planet,Kepler-529 b,,1.9806457822721075,2.0,0.00024860826572335466,7.251421792550012e-06,34.284071846264766,34.284071846264766,0.04207381959925065,0.1635735935493626,-1.8425209515893215e-05,-0.07749941371072813,0.0001764785049093956,112.0,450.0
10619192-r2,10619192,Kepler-17,2,1,recovered_confirmed_planet,Kepler-17 b,,1.4850400424350823,4.0,0.008361898201798976,5.879559678750127e-06,1422.1980316009895,1422.1980316009895,0.11223041931810562,0.1759838049476245,0.00025282573425866595,0.03553918539519768,0.0045763175876303306,194.0,1558.0
10656823-r1,10656823,Kepler-195,1,1,recovered_confirmed_planet,Kepler-195 b,,8.304175573682322,4.0,0.0005024996751689691,1.5621191198026394e-05,32.16782054575042,32.16782054575042,0.020070224333270163,0.08830171584779864,-3.5646012731538335e-05,-0.07060264505566435,0.0003992297506992516,37.0,300.0
10663396-r1,10663396,Kepler-1069,1,1,recovered_confirmed_planet,Kepler-1069 b,,23.98303001496872,8.0,0.00014265497718244754,7.509445270578254e-06,18.996739711435783,18.996739711435783,0.013898716430963366,0.41555796374638615,6.172394376613433e-06,0.04128716663882221,0.0001385425905300279,12.0,190.0
10858832-r1,10858832,Kepler-552,1,1,recovered_confirmed_planet,Kepler-552 b,,5.26471516216506,2.0,0.0007062217088163374,1.2791526302233911e-05,55.21012052275598,55.21012052275598,0.015828649939546465,0.14951657040461577,-4.114942639743546e-06,-0.005652505789432633,0.0003947738268782332,55.0,223.0
10873260-r1,10873260,Kepler-590,1,1,recovered_confirmed_planet,Kepler-590 b,,5.860564911975462,8.0,0.00042570134288807363,8.83201991314544e-06,48.19977163485177,48.19977163485177,0.056877338335115254,0.5847613485603633,7.062812677482988e-06,0.022613130884403053,0.00027025048245750855,49.0,760.0
10874614-r1,10874614,Kepler-6,1,1,recovered_confirmed_planet,Kepler-6 b,,3.23481813931516,4.0,0.007621192079218873,4.879599524495712e-06,1561.8478608665114,1561.8478608665114,0.05152273156906171,0.005506476531464142,1.781048735816082e-05,0.0019185609172910922,0.00013058801511964979,67.0,542.0
10875245-r1,10875245,Kepler-107,1,1,recovered_confirmed_planet,Kepler-107 c,,4.915454373451036,4.0,0.00012921059487313102,4.340563346270815e-06,29.7681624630918,29.7681624630918,0.03390666538720276,0.028639786456277173,-1.1756905885285107e-05,-0.10448398080120722,0.00011252352556947435,43.0,342.0
10875245-r3,10875245,Kepler-107,3,1,recovered_confirmed_planet,Kepler-107 b,,3.180889101323158,4.0,8.897798000316218e-05,3.4534154633491636e-06,25.765211555771014,25.765211555771014,0.052396251915019024,0.03223423662765155,-9.044207440744856e-06,-0.08057553680514709,0.0001122450783370657,70.0,552.0
10905239-r1,10905239,Kepler-101,1,1,recovered_confirmed_planet,Kepler-101 b,,3.4903679002729113,8.0,0.0005171486663425151,4.1994387425759165e-06,123.14709132423216,123.14709132423216,0.09550091648140302,0.007837846023689442,8.054790320954908e-06,0.034673761880987954,0.00016926404587372764,86.0,1372.0
10925104-r1,10925104,Kepler-114,1,1,recovered_confirmed_planet,Kepler-114 c,,8.004647933083985,8.0,0.00023904381027659838,6.042682729241735e-06,39.55921913950871,39.55921913950871,0.041642472738324235,0.054395968593335835,-4.27819240369498e-05,-0.1463320082025729,0.0002923620372770746,38.0,617.0
10925104-r4,10925104,Kepler-114,4,1,recovered_confirmed_planet,Kepler-114 d,,11.762439785536742,8.0,0.00025903641452942026,7.4183955484653204e-06,34.91811845797416,34.91811845797416,0.028338791901252033,0.2759639185258533,-1.6742350207987755e-05,-0.05780555232089599,0.0002896322158647657,25.0,403.0
10937029-r2,10937029,Kepler-553,2,1,recovered_confirmed_planet,Kepler-553 b,,4.034223329332655,8.0,0.0007893473723564306,1.1881750227459323e-05,66.4335941461056,66.4335941461056,0.08262639574504509,0.13372315015370725,1.542221824568646e-05,0.0344636931687239,0.0004474917464644287,73.0,1139.0
10975146-r1,10975146,Kepler-808,1,1,recovered_confirmed_planet,Kepler-808 b,,0.6312113813604467,2.0,0.0002081701725475636,4.736655715392565e-06,43.94876576549132,43.94876576549132,0.13202127812354303,0.025465686110233404,-2.8280347751152846e-05,-0.1097000749232638,0.0002577969775402178,460.0,1835.0
10982872-r2,10982872,Kepler-142,2,1,recovered_confirmed_planet,Kepler-142 c,,4.752212616008416,8.0,0.00013923578547901053,4.183540692857841e-06,33.28180498320824,33.28180498320824,0.07014276512175797,0.17253208991585012,1.0394295724247549e-05,0.06810091244078972,0.00015263078498815798,45.0,724.0
10982872-r3,10982872,Kepler-142,3,1,recovered_confirmed_planet,Kepler-142 b,,2.0229659645487708,4.0,0.00012373394726019688,3.87472387330585e-06,31.93361677012332,31.93361677012332,0.08238728163864201,0.021102036231891785,-4.701323282674252e-06,-0.031039210177018543,0.00015146401135410063,106.0,856.0
10990886-r1,10990886,Kepler-568,1,1,recovered_confirmed_planet,Kepler-568 b,,11.012013252311734,8.0,0.0003604428668330201,1.245547695653376e-05,28.93850376752878,28.93850376752878,0.0302699720474235,0.35671689283658514,-1.7067083203148314e-05,-0.05003663759446954,0.0003410917284544857,26.0,411.0
11037335-r1,11037335,Kepler-300,1,1,recovered_confirmed_planet,Kepler-300 c,,40.80619095907083,8.0,0.0002402628998486481,1.7826807701245003e-05,13.477617747111752,13.477617747111752,0.008168695129316804,0.11611321978466695,-1.620618257791584e-05,-0.07796015706404573,0.00020787775689833665,7.0,116.0
11046458-r1,11046458,Kepler-424,1,1,recovered_confirmed_planet,Kepler-424 b,,3.31178252541285,1.0,0.004649271917998348,1.884689030503381e-05,246.68642108860664,246.68642108860664,0.012581341421708376,0.016012005972476054,2.5645459134637782e-05,0.0051577918214305,0.0002938305513141155,86.0,171.0
11073351-r1,11073351,Kepler-592,1,1,recovered_confirmed_planet,Kepler-592 b,,2.822323500669081,4.0,0.00022964002789329556,1.0538593884914948e-05,21.79038592824083,21.79038592824083,0.0590529989305462,0.11287197632388123,7.608516109369745e-06,0.02821083836748397,0.00026970187876938035,79.0,634.0
11075737-r1,11075737,Kepler-97,1,1,recovered_confirmed_planet,Kepler-97 b,,2.584771546347904,4.0,0.00010522100363529899,3.7436081789891446e-06,28.106842010295782,28.106842010295782,0.06448023110675086,0.10353528842453537,-8.874048618157104e-06,-0.07311936340570524,0.00012136386594231062,80.0,622.0
11090765-r3,11090765,Kepler-593,3,1,recovered_confirmed_planet,Kepler-593 b,,21.260079828258647,8.0,0.00019534872644656702,1.6176787637250196e-05,12.075866409764732,12.075866409764732,0.015678837333915868,0.49129389513051513,0.00014684013504961957,0.5222106021747978,0.00028118949411997627,13.0,204.0
11122894-r2,11122894,Kepler-297,2,1,recovered_confirmed_planet,Kepler-297 b,,38.76940133875418,8.0,0.0002456771108547708,1.9471606407494386e-05,12.617197868184757,12.617197868184757,0.00859784577070915,0.394608647844351,4.5194348133881235e-05,0.18760040601521763,0.00024090751770662584,8.0,131.0
11192998-r1,11192998,Kepler-166,1,1,recovered_confirmed_planet,Kepler-166 b,,7.649883802019965,2.0,0.0009419652897271157,1.9313284183277404e-05,48.77292131095578,48.77292131095578,0.01089341165042651,0.06861001844110877,4.316820928207399e-05,0.04613477871450347,0.00030079751688049554,40.0,163.0
11250587-r1,11250587,Kepler-464,1,1,recovered_confirmed_planet,Kepler-464 b,,7.250277011228804,8.0,0.0002438802637119274,3.845038865523466e-06,63.42725580713354,63.42725580713354,0.04597525485124033,0.21982619424698574,3.2319091769483776e-06,0.012475227956485615,0.00012740422442578166,30.0,486.0
11295426-r1,11295426,Kepler-68,1,1,recovered_confirmed_planet,Kepler-68 b,,5.402592503071413,4.0,0.000205549493367753,1.1505335425703502e-06,178.6558025144969,178.6558025144969,0.030849386951156403,0.0932523770307201,4.352577831046034e-06,0.015960072200825525,4.041415308395195e-05,40.0,321.0
11359879-r1,11359879,Kepler-15,1,1,recovered_confirmed_planet,Kepler-15 b,,4.946220627495931,4.0,0.005242057724991945,7.114823448409747e-06,736.7797336086549,736.7797336086549,0.033695760706704096,0.21065179190567762,-7.962901141800316e-06,-0.0015121374601637298,0.0001882237322779239,58.0,465.0
11361646-r1,11361646,Kepler-524,1,1,recovered_confirmed_planet,Kepler-524 b,,7.9636143135376285,8.0,0.0001290978374963472,7.633769875392806e-06,16.911413312639883,16.911413312639883,0.041857041314355,0.06850569596518398,1.08377051448727e-05,0.051993309926189085,0.00020844422407917786,35.0,553.0
11401182-r1,11401182,Kepler-845,1,1,recovered_confirmed_planet,Kepler-845 b,,0.9279516422603137,1.0,0.00039985906255282096,9.865798216186008e-06,40.52982371936261,40.52982371936261,0.04490176510186952,0.11031937134395513,-4.077210633557371e-05,-0.09892303773363798,0.0002708828323230454,311.0,627.0
11497977-r1,11497977,Kepler-571,1,1,recovered_confirmed_planet,Kepler-571 b,,4.792521218458509,8.0,0.0002334181211090925,1.048684107654829e-05,22.2581919002363,22.2581919002363,0.06955281325609829,0.07427163962561713,1.164383974483485e-05,0.04075573476228351,0.00028569819223601343,44.0,711.0
11502867-r1,11502867,Kepler-426,1,1,recovered_confirmed_planet,Kepler-426 b,,3.21580320395247,4.0,0.005270688483610777,1.138516019296924e-05,462.9437262433623,462.9437262433623,0.05182738373474486,0.033920808082782715,4.547573964064355e-06,0.005657727137229259,0.0003324853173980953,86.0,689.0
11512246-r5,11512246,Kepler-23,5,1,recovered_confirmed_planet,Kepler-23 c,,10.709386265330464,8.0,0.00013032399860140508,6.744544229023447e-06,19.32287700636443,19.32287700636443,0.031125344167707777,0.34057590526821857,9.408160383639341e-06,0.06271020253967743,0.00015002599262355586,21.0,342.0
11547505-r1,11547505,Kepler-922,1,1,recovered_confirmed_planet,Kepler-922 b,,0.9381775979542535,2.0,0.00010954242421335908,5.75542694927306e-06,19.032892812095348,19.032892812095348,0.08882468896618947,0.09640691443491854,-3.0796185157555556e-08,-0.00016424445171535376,0.00018750213377635022,237.0,953.0
11600889-r1,11600889,Kepler-407,1,1,recovered_confirmed_planet,Kepler-407 b,,0.6695052828672173,2.0,7.869115544148318e-05,2.461503147907697e-06,31.968740526848997,31.968740526848997,0.1244700160937502,0.0327765975265051,4.522740189027985e-06,0.04119725578080233,0.000109782559622225,317.0,1280.0
11621223-r2,11621223,Kepler-535,2,1,recovered_confirmed_planet,Kepler-535 b,,4.8994219146666875,4.0,0.00011922955860075209,5.590046750762288e-06,21.328901870899973,21.328901870899973,0.03401761872512773,0.272641406410643,-6.5285983581464535e-06,-0.03891418418203323,0.00016776911800609512,58.0,451.0
11624249-r1,11624249,Kepler-536,1,1,recovered_confirmed_planet,Kepler-536 b,,1.8274459314439226,2.0,0.0008128124471647742,7.275438416506454e-06,111.72006422605023,111.72006422605023,0.04560098435716182,0.025380515955603502,1.7654759485452587e-06,0.0018625935798806336,0.00020429898760048016,158.0,632.0
11666881-r1,11666881,Kepler-480,1,1,recovered_confirmed_planet,Kepler-480 b,,4.915453324357148,4.0,0.00027493252323249745,6.194657442740384e-06,44.38219962504871,44.38219962504871,0.033906672623824304,0.04723899701766588,2.206109097180331e-05,0.0707782904798602,0.00014067915415686831,45.0,353.0
11673802-r1,11673802,Kepler-1004,1,1,recovered_confirmed_planet,Kepler-1004 b,,5.278063221355375,8.0,0.00019661266949608922,5.715788749726774e-06,34.39816936997325,34.39816936997325,0.06315447908707227,0.017652025232516595,-2.1562253043505564e-05,-0.10320050772903694,0.00020893553256655844,40.0,633.0
11804465-r1,11804465,Kepler-12,1,1,recovered_confirmed_planet,Kepler-12 b,,4.438944120700799,4.0,0.014106313645650776,7.143972568726856e-06,1974.5755614183013,1974.5755614183013,0.037546466487249706,0.007956710587712945,2.284311334888045e-05,0.0014759161272393912,0.0001603953296070879,47.0,381.0
11823054-r1,11823054,Kepler-181,1,1,recovered_confirmed_planet,Kepler-181 c,,4.302377192762173,2.0,0.0005859757338346917,1.87357567118169e-05,31.275797548390916,31.275797548390916,0.01936913701418922,0.0221705421460737,2.5701938341171626e-05,0.04294598907665151,0.00034274675903922416,65.0,263.0
11853905-r1,11853905,Kepler-4,1,1,recovered_confirmed_planet,Kepler-4 b,,3.2166289023095316,4.0,0.0004403163033447187,3.253654833789893e-06,135.3297524900124,135.3297524900124,0.05181407981100972,0.04758759353875497,-2.0109186182892813e-07,-0.0003415667621124642,9.25444938707749e-05,65.0,520.0
11904151-r1,11904151,Kepler-10,1,1,recovered_confirmed_planet,Kepler-10 b,,0.8375068116505512,2.0,0.00014306069513041875,1.2467112965626191e-06,114.75046029089476,114.75046029089476,0.09950167828378699,0.03080763166650767,3.6127056055601514e-06,0.02374539447018641,6.102476793272444e-05,253.0,1021.0
12019440-r1,12019440,Kepler-485,1,1,recovered_confirmed_planet,Kepler-485 b,,3.2426545887199842,2.0,0.01429780937092863,1.744613324075304e-05,819.5403057870652,819.5403057870652,0.025699108879255805,0.01607121498974494,7.642609872959838e-06,0.0004887891914982811,0.0004321053008655675,88.0,356.0
12024120-r1,12024120,Kepler-507,1,1,recovered_confirmed_planet,Kepler-507 b,,3.567481681223316,4.0,5.7931437173737164e-05,3.0834302368345375e-06,18.78798374670212,18.78798374670212,0.046718296422902844,0.34523644137259474,-2.4074410687191516e-06,-0.023898740071722428,0.00010073506224571623,58.0,457.0
12058931-r1,12058931,Kepler-182,1,1,recovered_confirmed_planet,Kepler-182 c,,20.69367284609918,8.0,0.0005838400289326835,2.170929833678536e-05,26.893546713271462,26.893546713271462,0.016107983141144887,0.24440076198203464,6.0551925968210796e-05,0.09638192125705891,0.0003584386486307243,14.0,224.0
12252424-r1,12252424,Kepler-113,1,1,recovered_confirmed_planet,Kepler-113 b,,4.752205046011164,2.0,0.0005799786237474817,1.1042643897588916e-05,52.52171754575152,52.52171754575152,0.017535719213816425,0.0923945270089366,1.8058328157488646e-05,0.026754222809531724,0.00016737808765526644,44.0,177.0
12302530-r1,12302530,Kepler-155,1,1,recovered_confirmed_planet,Kepler-155 b,,5.927657310742725,4.0,0.00037585297735142124,1.2035492089337251e-05,31.228717077917004,31.228717077917004,0.02811678508550347,0.20420958151130988,-2.844081563591061e-05,-0.07349645069419324,0.00038696855926074867,50.0,404.0
12404305-r1,12404305,Kepler-573,1,1,recovered_confirmed_planet,Kepler-573 b,,22.17033679509839,4.0,0.0005568659187334866,2.0636069290888166e-05,26.985076997166807,26.985076997166807,0.0075175523135721945,0.07763871465236201,2.8535350111047464e-05,0.04773375714483535,0.00022673768593808028,13.0,107.0
12404954-r2,12404954,Kepler-537,2,1,recovered_confirmed_planet,Kepler-537 b,,3.2494380619457237,8.0,0.00010383544836929139,3.2764351585995756e-06,31.691592643534282,31.691592643534282,0.10258183937617121,0.6222886695861022,-4.5618989819029565e-06,-0.020057301528472026,0.0002274433066395888,91.0,1451.0
12470954-r1,12470954,Kepler-554,1,1,recovered_confirmed_planet,Kepler-554 b,,1.9012541893079242,4.0,0.0009551076882720633,8.317332057638466e-06,114.83342033878667,114.83342033878667,0.08766143296564412,0.02887629181452381,-6.164196192592897e-06,-0.010193643093415892,0.0003146833726047838,152.0,1210.0
12600735-r1,12600735,Kepler-596,1,1,recovered_confirmed_planet,Kepler-596 b,,21.260090562067834,8.0,0.00019957735363642013,1.4591684901127247e-05,13.677471449578947,13.677471449578947,0.01567882941797366,0.21411461726039532,4.3697650587093406e-05,0.19103095565496425,0.00022874643765076014,13.0,211.0
12784167-r1,12784167,Kepler-1522,1,1,recovered_confirmed_planet,Kepler-1522 b,,1.847002002829541,4.0,0.00013134253597253085,7.30828114269623e-06,17.971741016530583,17.971741016530583,0.09023632156940777,0.10816147821821773,4.386082123497559e-06,0.016530047052111172,0.0002653399660430719,156.0,1252.0
12834874-r1,12834874,Kepler-574,1,1,recovered_confirmed_planet,Kepler-574 b,,7.649889526396285,8.0,0.00019532091637395927,1.2339842994569642e-05,15.828476623236904,15.828476623236904,0.043573613995751416,0.06764469525304373,2.146893288723639e-05,0.06281362513412916,0.00034178783411071526,40.0,645.0
1871056-r2,1871056,Kepler-264,2,1,recovered_confirmed_planet,Kepler-264 b,,41.036700084867924,8.0,0.00020515244239826944,1.357574764794144e-05,15.11168649554102,15.11168649554102,0.00812281037812415,0.28666353114206655,1.3087254715493657e-06,0.00670527187054557,0.00015781492772825396,5.0,80.0
2441495-r4,2441495,Kepler-479,4,1,recovered_confirmed_planet,Kepler-479 b,,12.457394386785687,8.0,0.00011123232769347794,9.316129925318012e-06,11.939757021978302,11.939757021978302,0.026757869501741086,0.37473484604405927,-7.34792343903834e-06,-0.03952503128704215,0.00018590556919931587,18.0,289.0
2444412-r1,2444412,Kepler-1710,1,1,recovered_confirmed_planet,Kepler-1710 b,,14.887457913685102,8.0,0.0003758618791596395,6.095551667252677e-06,61.661667339954484,61.661667339954484,0.02239021163088703,0.23550471458291797,-4.583071360131363e-05,-0.18144076962533076,0.00019233066719234797,14.0,224.0
2571238-r4,2571238,Kepler-19,4,1,recovered_confirmed_planet,Kepler-19 b,,9.315056592231278,8.0,0.0001455647464450139,3.2386849880320354e-06,44.94563286732783,44.94563286732783,0.03578435944354134,0.33354590322455935,4.103059452753577e-06,0.04930194762500139,8.322307029251892e-05,22.0,357.0
2987027-r1,2987027,Kepler-489,1,1,recovered_confirmed_planet,Kepler-489 b,,17.24733451042096,4.0,0.002050955120726782,1.7813997246494598e-05,115.1316626104433,115.1316626104433,0.00966332893734771,0.1724368038771184,2.7203913285700487e-05,0.10789019794556814,0.0002521444376200438,17.0,124.0
2989404-r1,2989404,Kepler-323,1,1,recovered_confirmed_planet,Kepler-323 b,,1.678820118942134,2.0,0.00012099872964716556,4.109409400285439e-06,29.44431130146366,29.44431130146366,0.04963803589978641,0.1759767893631634,4.597742684797623e-06,0.03876060265527913,0.00011283898741856932,130.0,520.0
2989404-r2,2989404,Kepler-323,2,1,recovered_confirmed_planet,Kepler-323 c,,3.556370606699939,4.0,0.0001148155119719728,4.371128234672556e-06,26.26679104521254,26.26679104521254,0.04686425715944199,0.19498928679063948,-1.668432581003465e-05,-0.1385086028310513,0.00011313638315219383,57.0,457.0
3217264-r3,3217264,Kepler-149,3,1,recovered_confirmed_planet,Kepler-149 b,,29.272271582024047,8.0,0.0005113832064900786,1.568327163840372e-05,32.606921456225464,32.606921456225464,0.011387340828650675,0.6963011875996904,-3.0557060844760286e-05,-0.13470540108657594,0.00022684362021327628,10.0,161.0
3247268-r1,3247268,Kepler-418,1,1,recovered_confirmed_planet,Kepler-418 c,,12.225250142676137,4.0,0.0009682938943103726,2.3568027300239982e-05,41.08506333495773,41.08506333495773,0.01363298621472484,0.08870387105956631,-6.33384702795059e-05,-0.08155942935386654,0.0003676939821245399,24.0,195.0
3338885-r1,3338885,Kepler-975,1,1,recovered_confirmed_planet,Kepler-975 b,,1.9712111253434508,4.0,0.00016021006189588584,7.65858355848912e-06,20.91901990392228,20.91901990392228,0.08455038860316282,0.09145765270595516,-2.6646231280347266e-05,-0.08095148002894421,0.0003291629908535323,146.0,1180.0
3353050-r2,3353050,Kepler-541,2,1,recovered_confirmed_planet,Kepler-541 b,,5.09028008730324,8.0,0.00010770232383404859,5.423397388547867e-06,19.858829460196766,19.858829460196766,0.06548428133940438,0.12131283796509224,-1.0400316054370862e-05,-0.06247603899758141,0.00016646887704858308,42.0,643.0
3531558-r1,3531558,Kepler-467,1,1,recovered_confirmed_planet,Kepler-467 b,,24.943109807863237,8.0,0.00010479131487892478,6.317417296478507e-06,16.58768290284357,16.58768290284357,0.013363743971822271,0.2698483724800962,1.4222734951885307e-05,0.12081544636486224,9.622347842907536e-05,9.0,146.0
3544595-r1,3544595,Kepler-93,1,1,recovered_confirmed_planet,Kepler-93 b,,4.732538958199689,4.0,9.924505114010112e-05,1.1127223407386651e-06,89.19120925910293,89.19120925910293,0.03521717795431916,0.7266784754854878,-5.632662124499532e-06,-0.0953024141189155,3.940164647937816e-05,46.0,375.0
3632418-r2,3632418,Kepler-21,2,1,recovered_confirmed_planet,Kepler-21 b,,2.786055957293354,4.0,5.17715539764564e-05,3.901654547939311e-07,132.69128094336273,132.69128094336273,0.05982172261485476,0.22354361699723463,4.987595346395146e-06,0.05992417673006233,8.323177085707053e-05,78.0,632.0
3642289-r1,3642289,Kepler-135,1,1,recovered_confirmed_planet,Kepler-135 b,,5.99689015972878,4.0,0.00013553708635791228,5.381678232099515e-06,25.184910823818647,25.184910823818647,0.027792182652584128,0.0998430748359564,-9.294963210670915e-06,-0.06761042918666574,0.00010128102624549111,35.0,281.0
3762468-r1,3762468,Kepler-493,1,1,recovered_confirmed_planet,Kepler-493 b,,3.004339084764576,4.0,0.005803874291054141,1.5090550939812192e-05,384.60320727868486,384.60320727868486,0.05547531818623825,0.10212444429972359,0.0015333784560846997,0.27028947762945676,0.003763374261748247,97.0,782.0
3831053-r2,3831053,Kepler-1719,2,1,recovered_confirmed_planet,Kepler-1719 b,,6.138446941476467,8.0,0.00013296727562640674,5.231540481211162e-06,25.41646692861359,25.41646692861359,0.05430255185249796,0.047892215714265905,1.1534235724308672e-05,0.06969504152238223,0.00016549578667808825,47.0,745.0
3847907-r1,3847907,Kepler-497,1,1,recovered_confirmed_planet,Kepler-497 b,,3.570584285399386,4.0,0.0012009972195804186,1.1364472450293497e-05,105.67997985242174,105.67997985242174,0.04667770127936477,0.15914582650070858,-2.8895685848295827e-05,-0.03525466745628709,0.0003149414247688869,85.0,678.0
3937519-r1,3937519,Kepler-495,1,1,recovered_confirmed_planet,Kepler-495 b,,3.4136596466942777,2.0,0.003224795352742882,1.5170472989329271e-05,212.57052136813166,212.57052136813166,0.024411728748070044,0.009073899945274633,-9.473501477286206e-06,-0.0027067837616193725,0.00032047056998808147,86.0,345.0
4149450-r1,4149450,Kepler-1772,1,1,recovered_confirmed_planet,Kepler-1772 b,,3.215794341083131,4.0,0.0001305462641651774,4.725592236317027e-06,27.62537638391774,27.62537638391774,0.05182752657327292,0.11521686010754831,1.173547638400052e-05,0.08438007187984227,0.00013907876732686256,87.0,692.0
4157325-r1,4157325,Kepler-416,1,1,recovered_confirmed_planet,Kepler-416 b,,6.314620191050223,8.0,0.0001953157685328703,6.895351572165725e-06,28.325715735988872,28.325715735988872,0.052787550675774626,0.14084429727707318,-8.935040989976883e-06,-0.0297231280097237,0.00030060904044331576,57.0,917.0
4180280-r1,4180280,Kepler-472,1,1,recovered_confirmed_planet,Kepler-472 b,,4.175168469039738,4.0,0.0009319186181648929,7.465901352470306e-06,124.82332328922897,124.82332328922897,0.039918548892710654,0.029141769404044924,-6.307286763984621e-06,-0.0056714552756901146,0.00020424240393396938,70.0,564.0
4249725-r1,4249725,Kepler-120,1,1,recovered_confirmed_planet,Kepler-120 b,,6.3130693850998485,2.0,0.0011511245366120618,2.032322404406622e-05,56.64084271846406,56.64084271846406,0.013200129485352602,0.03742402990440368,1.6771208753318945e-05,0.014092115927759483,0.0003615949198424738,46.0,183.0
4349452-r1,4349452,Kepler-25,1,1,recovered_confirmed_planet,Kepler-25 c,,12.734534203052021,8.0,0.00032738411162089775,1.912673531610126e-06,171.16570403172747,171.16570403172747,0.02617554187835508,0.6739523681212627,-1.4792890380643797e-05,-0.22493300981883002,6.576576018148061e-05,17.0,268.0
4545187-r1,4545187,Kepler-121,1,1,recovered_confirmed_planet,Kepler-121 b,,3.1763430229065803,2.0,0.0005243399006904072,1.4841195346313045e-05,35.330031608314314,35.330031608314314,0.026235621509504786,0.19021678943438144,-4.270504564152233e-05,-0.0839353250389546,0.00030009508170506356,90.0,356.0
4570949-r2,4570949,Kepler-76,2,1,recovered_confirmed_planet,Kepler-76 b,,1.545616183400119,4.0,0.0013755513713151982,3.335587551666991e-06,412.3865286125539,412.3865286125539,0.1078318592006623,0.025199558829911945,-1.6239104760673584e-05,-0.07147236925983455,0.00017165202704879208,187.0,1499.0
4644604-r1,4644604,Kepler-626,1,1,recovered_confirmed_planet,Kepler-626 b,,14.508873385872466,8.0,0.00010187380888747982,9.329002747495145e-06,10.920117792315276,10.920117792315276,0.022974446359005765,0.11230007792000908,-3.280763080759641e-06,-0.01787924557441326,0.00018349561043306522,20.0,325.0
4757437-r5,4757437,Kepler-168,5,1,recovered_confirmed_planet,Kepler-168 c,,13.157143386419785,8.0,0.0001410602159131385,1.4897514810275962e-05,9.468707882460935,9.468707882460935,0.025334780015955825,0.16895211668487128,-8.785784153308995e-06,-0.029323813931550726,0.0002996126006602436,22.0,354.0
4832837-r1,4832837,Kepler-621,1,1,recovered_confirmed_planet,Kepler-621 b,,2.628205510720206,2.0,0.0007056389838542839,1.3628557179404319e-05,51.776499490397725,51.776499490397725,0.03170731245841484,0.06996106337776564,-1.2706572967369212e-05,-0.017708920703922805,0.00041345262924054517,110.0,445.0
4852528-r1,4852528,Kepler-80,1,1,recovered_confirmed_planet,Kepler-80 b,,7.0589268205853255,4.0,0.00046533700093072476,1.771871940511965e-05,26.262451043514478,26.262451043514478,0.023610765616755135,0.040893940071957,7.04995634653871e-05,0.13422788689048024,0.000525222925716691,42.0,337.0
5084942-r1,5084942,Kepler-475,1,1,recovered_confirmed_planet,Kepler-475 b,,3.106473487224775,2.0,0.0004825784173237611,6.209164499521103e-06,77.720346652272,77.720346652272,0.026825702416594804,0.11388305241850619,-4.286468271885724e-06,-0.007494233057961111,0.00015177458338571203,94.0,382.0
5094751-r1,5094751,Kepler-109,1,1,recovered_confirmed_planet,Kepler-109 c,,21.24070070736088,8.0,0.00022871667893506828,5.224301133704262e-06,43.77938275026232,43.77938275026232,0.015693142044876984,0.09055260222996867,-1.608540700415162e-06,-0.005923810356888869,8.660832562489325e-05,10.0,159.0
5094751-r5,5094751,Kepler-109,5,1,recovered_confirmed_planet,Kepler-109 b,,6.471503348593673,8.0,8.707886108102524e-05,2.937888183992456e-06,29.639950749483273,29.639950749483273,0.05150786693261469,0.2657395694229134,1.4647444290138978e-05,0.17170585197657762,8.53054460376635e-05,34.0,521.0
5121511-r2,5121511,Kepler-632,2,1,recovered_confirmed_planet,Kepler-632 b,,31.027594578164283,4.0,0.0002723582029164317,1.630804437132273e-05,16.70085000476001,16.70085000476001,0.005371562602018739,0.06089524476674626,-5.941825077426799e-05,-0.2718491744565315,0.00014631922757493403,8.0,65.0
5299459-r1,5299459,Kepler-307,1,1,recovered_confirmed_planet,Kepler-307 b,,10.42101972486178,4.0,0.0004161805981990857,1.2854844428570514e-05,32.375389722656166,32.375389722656166,0.01599331649560593,0.01643433206136178,4.692982860610151e-05,0.11647466171865882,0.0003091073168318307,29.0,246.0
5340644-r1,5340644,Kepler-580,1,1,recovered_confirmed_planet,Kepler-580 b,,8.216319173294703,4.0,0.0005531579017726117,2.2031066651855384e-05,25.108085346654182,25.108085346654182,0.02028483353085639,0.13789968320076224,1.143501793787749e-05,0.02399600181515849,0.00047653846778149045,37.0,298.0
5357901-r1,5357901,Kepler-425,1,1,recovered_confirmed_planet,Kepler-425 b,,3.797528159410297,2.0,0.011205684159538674,1.4196845907172855e-05,789.3080077650968,789.3080077650968,0.021944098854628065,0.020264298760733303,1.1153786682482902e-05,0.0008487140868674388,0.0002677859695717613,75.0,302.0
5444548-r2,5444548,Kepler-545,2,1,recovered_confirmed_planet,Kepler-545 b,,13.269532236427972,8.0,0.0002360452763255265,9.640374831475958e-06,24.485072463659336,24.485072463659336,0.025120202234277352,0.5483737976497756,5.757373227943674e-06,0.0271811516407685,0.00021181491145166555,20.0,323.0
5446285-r1,5446285,KOI-142,1,1,recovered_confirmed_planet,KOI-142 b,,10.913526597526992,4.0,0.0010607790402759425,7.8984095303185e-06,134.30286644470397,134.30286644470397,0.015271568285217115,0.023083821674780923,5.673138874784378e-05,0.04722152935155933,0.00021295038590608915,19.0,156.0
5531694-r3,5531694,Kepler-634,3,1,recovered_confirmed_planet,Kepler-634 b,,5.159097777118798,8.0,7.00008864951876e-05,4.770422187757021e-06,14.673939483771548,14.673939483771548,0.06461078036002839,0.041566013527858825,3.1360706764793633e-07,0.0022726001608199017,0.00013799482771082534,43.0,700.0
5613330-r1,5613330,Kepler-635,1,1,recovered_confirmed_planet,Kepler-635 b,,23.41274611851433,8.0,0.00022718265781243615,9.513904896123944e-06,23.879012907202018,23.879012907202018,0.014237259125692223,0.017249003234276687,3.13351525302874e-05,0.12794205932099847,0.0001355025206450831,9.0,134.0
5683743-r2,5683743,Kepler-546,2,1,recovered_confirmed_planet,Kepler-546 b,,4.141775391647653,8.0,0.0009156022039062156,7.668515522116649e-06,119.39758109187382,119.39758109187382,0.08048078464262856,0.0902181255992774,2.089007360650541e-06,0.007122224746445065,0.00029330826181710043,72.0,1156.0
5728139-r1,5728139,Kepler-433,1,1,recovered_confirmed_planet,Kepler-433 b,,5.337055215506127,8.0,0.002991201446687419,8.428914589317535e-06,354.87385890448417,354.87385890448417,0.062456414609479066,0.0027759439788476556,-6.658472542220295e-07,-0.00016563578068933883,0.0003700631069536761,55.0,876.0
5774349-r2,5774349,Kepler-599,2,1,recovered_confirmed_planet,Kepler-599 b,,15.680496440379834,8.0,0.00025710343864764117,1.766756183096839e-05,14.552287469399442,14.552287469399442,0.021257830362752143,0.02368839467774314,-2.1167905644770002e-05,-0.060509847886254554,0.00034982579504349594,20.0,322.0
5780885-r2,5780885,Kepler-7,2,1,recovered_confirmed_planet,Kepler-7 b,,4.894406048604017,8.0,0.0029158480207671406,3.3985950769237126e-06,857.9568777009065,857.9568777009065,0.06810496105618509,0.3328955854175136,6.6696402722943304e-06,0.015795754766640625,0.000142881437735873,43.0,688.0
5786676-r2,5786676,Kepler-1665,2,1,recovered_confirmed_planet,Kepler-1665 b,,11.937781814811228,8.0,0.00024098756069622704,8.607276041330846e-06,27.998121535668307,27.998121535668307,0.027922551986983547,0.7226223667827455,-3.572293069797894e-06,-0.01810282206051853,0.00019733349075937227,16.0,262.0
5791986-r1,5791986,Kepler-151,1,1,recovered_confirmed_planet,Kepler-151 b,,15.21961580147455,4.0,0.0004673398098658358,2.048293034102378e-05,22.816062061678483,22.816062061678483,0.010950780153761778,0.008821559516673462,-1.878395144316869e-05,-0.0406587714333184,0.0003774744810476061,20.0,164.0
5809890-r1,5809890,Kepler-755,1,1,recovered_confirmed_planet,Kepler-755 b,,1.2690881601226567,1.0,0.0003277583485296316,8.232081321511996e-06,39.814760779043404,39.814760779043404,0.0328319717856635,0.05374656168781098,-1.7724762242599112e-05,-0.054651932051217544,0.0002455816649750296,229.0,463.0
5812701-r1,5812701,KOI-12,1,1,recovered_confirmed_planet,KOI-12 b,,17.916464176213935,8.0,0.003068993247200128,3.1283254572504538e-06,981.0338755154734,981.0338755154734,0.018604861431078,0.4047911884023289,7.114666805174696e-05,0.1901368882585536,0.0002806574947190207,12.0,184.0
5959753-r1,5959753,Kepler-496,1,1,recovered_confirmed_planet,Kepler-496 b,,8.30416176232396,4.0,0.00042035077447823355,1.621052722059304e-05,25.930728147092037,25.930728147092037,0.020070257713768837,0.23477969118489772,6.567495343301477e-05,0.14021775277908585,0.00031889901920283104,37.0,300.0
5972334-r1,5972334,Kepler-487,1,1,recovered_confirmed_planet,Kepler-487 b,,15.370203887678818,4.0,0.0028136239082329037,3.0413331313269573e-05,92.51284837071753,92.51284837071753,0.010843490944207402,0.00015426823859136525,-2.5556646680469086e-05,-0.06961769009146464,0.00036709989439311227,20.0,113.0
5978361-r1,5978361,Kepler-1722,1,1,recovered_confirmed_planet,Kepler-1722 b,,9.188268036841338,8.0,0.00020024358882417333,1.3389928764210096e-05,14.954791197949003,14.954791197949003,0.03627814643595484,0.09852550209025611,3.2047253143430154e-05,0.09832528546872231,0.0003259309443207721,32.0,511.0
6020753-r5,6020753,Kepler-202,5,1,recovered_confirmed_planet,Kepler-202 b,,4.06589307490922,4.0,0.00014839586546780523,8.094252904979096e-06,18.3334851542038,18.3334851542038,0.040991404248963886,0.3456380076661233,-5.943094420590711e-06,-0.02534230781128363,0.00023451275490958074,70.0,565.0
6046540-r5,6046540,Kepler-74,5,1,recovered_confirmed_planet,Kepler-74 b,,7.325216356034087,8.0,0.0012821044181019728,8.726413000713583e-06,146.92227126966503,146.92227126966503,0.04550491304721023,0.046555854503318464,1.5297639489153525e-05,0.05986413644688207,0.00025553929943894277,39.0,628.0
6062088-r2,6062088,Kepler-203,2,1,recovered_confirmed_planet,Kepler-203 b,,3.163407872590123,2.0,0.00034140912775552213,9.052512555206993e-06,37.71429486271677,37.71429486271677,0.026342898762878143,0.14473477789382938,-2.4563314328540642e-05,-0.05673236575316224,0.00043296827132881363,93.0,376.0
6152974-r1,6152974,Kepler-118,1,1,recovered_confirmed_planet,Kepler-118 c,,20.156626319101253,8.0,0.0018307196363326749,2.1146582636613147e-05,86.57283627298582,86.57283627298582,0.016537158949930665,0.6847281338750535,3.7897646221196624e-05,0.046420196246305064,0.0004289444979766385,14.0,212.0
6196457-r5,6196457,Kepler-92,5,1,recovered_confirmed_planet,Kepler-92 c,,26.68759215794107,8.0,0.00016038920483959655,4.081196551229902e-06,39.29955414454664,39.29955414454664,0.01249019886697226,0.17402844244824187,-2.2102234376042418e-05,-0.1231678620591804,0.00010659042981120371,9.0,144.0
6266741-r1,6266741,Kepler-170,1,1,recovered_confirmed_planet,Kepler-170 b,,7.922984270098909,8.0,0.0002557446581492401,9.511598534666419e-06,26.887663226863612,26.887663226863612,0.042071689400081574,0.12055342929752448,3.217494853713365e-05,0.13439837861495027,0.00023939982661036775,37.0,559.0
6267535-r1,6267535,Kepler-638,1,1,recovered_confirmed_planet,Kepler-638 b,,6.0926326540380895,8.0,0.00013542311534565452,5.876281175128344e-06,23.045717403523792,23.045717403523792,0.05471088645273991,0.05236393082390809,7.368135227503458e-06,0.04626890818986355,0.00015924592811372294,35.0,557.0
6291033-r1,6291033,Kepler-557,1,1,recovered_confirmed_planet,Kepler-557 b,,3.706911094153993,4.0,0.00045892723103901337,9.847373555471116e-06,46.604023748447865,46.604023748447865,0.04496106392449211,0.06659426601431705,9.788799087973032e-06,0.020776971889815175,0.0002608907275488252,78.0,627.0
6362874-r1,6362874,Kepler-775,1,1,recovered_confirmed_planet,Kepler-775 b,,0.9751990122627001,2.0,0.0001233733438719808,4.194365744757651e-06,29.41406433766049,29.41406433766049,0.08545264329173143,0.024526824452752255,-7.867623374568922e-06,-0.05897545297611315,0.00013340505206048265,218.0,877.0
6365156-r1,6365156,Kepler-639,1,1,recovered_confirmed_planet,Kepler-639 b,,10.230802840835866,8.0,0.00012782526047247562,6.161375044419824e-06,20.74622296986177,20.74622296986177,0.03258134659802511,0.19062159114493685,1.587953394110997e-06,0.011738500181979259,0.00013066248802166873,22.0,357.0
6381846-r2,6381846,Kepler-171,2,1,recovered_confirmed_planet,Kepler-171 b,,4.1637283731887305,4.0,0.0003483971883169285,1.3431615655916012e-05,25.93859124933161,25.93859124933161,0.040028227523167516,0.27869437900392224,2.2402145791744488e-06,0.004287553260066361,0.000522492536720063,72.0,569.0
6383785-r3,6383785,Kepler-501,3,1,recovered_confirmed_planet,Kepler-501 b,,5.6474978732149745,8.0,0.00036246093771364214,1.0559699148899982e-05,34.32493034154294,34.32493034154294,0.05902318882035723,0.26452000699644435,-2.3974382047597942e-05,-0.07352392692714074,0.00032607591908625323,51.0,818.0
6422155-r2,6422155,Kepler-172,2,1,recovered_confirmed_planet,Kepler-172 b,,2.941759361354282,4.0,0.00021875353819133302,9.549551337323033e-06,22.90720584289302,22.90720584289302,0.05665543852979845,0.08694111484265704,-4.280399608158625e-05,-0.11372781319779045,0.00037637227761641215,101.0,814.0
6425957-r2,6425957,Kepler-205,2,1,recovered_confirmed_planet,Kepler-205 b,,2.759197980201225,8.0,0.00010060236772534835,3.948476002537264e-06,25.478784133600392,25.478784133600392,0.12080805209527723,0.04172425418588641,1.1489535446163046e-05,0.07526651508653817,0.00015265135409754093,77.0,1223.0
6442377-r1,6442377,Kepler-483,1,1,recovered_confirmed_planet,Kepler-483 b,,30.208805941934173,8.0,0.0002841158295209325,1.0706756547711756e-05,26.5361249464156,26.5361249464156,0.01103431012712153,0.022253046346198447,-3.1511530869110516e-06,-0.009900557872923554,0.0001308514836638577,8.0,119.0
6451936-r1,6451936,Kepler-173,1,1,recovered_confirmed_planet,Kepler-173 c,,8.00463489559213,4.0,0.0004341983974971454,1.1060284550922998e-05,39.25743460740446,39.25743460740446,0.02082127028160199,0.17952643044122835,7.605484112338523e-05,0.16554148159333906,0.00035616111504894164,36.0,287.0
6462863-r1,6462863,KOI-94,1,1,recovered_confirmed_planet,KOI-94 d,,22.348675469363492,8.0,0.003574617567984551,4.993554237594443e-06,715.8463486934228,715.8463486934228,0.014915127019061183,0.0004834206735441636,3.5274878453006586e-05,0.007143555785251312,0.00010931602835823394,14.0,173.0
6528464-r1,6528464,Kepler-449,1,1,recovered_confirmed_planet,Kepler-449 c,,33.720084584721775,8.0,0.0001127939812640045,3.4704712228981227e-06,32.501056490482135,32.501056490482135,0.009885305373295631,0.274216892037889,1.909442722936028e-06,0.015325747901863453,6.059491033561976e-05,8.0,129.0
6541920-r3,6541920,Kepler-11,3,1,recovered_confirmed_planet,Kepler-11 c,,13.046648432389402,8.0,0.00023999121964103382,7.919190755823956e-06,30.30501815662651,30.30501815662651,0.025549345876892435,0.3581860164005112,-3.4386038074707415e-06,-0.019859134206286037,0.00017314973410987453,23.0,369.0
6665695-r3,6665695,Kepler-601,3,1,recovered_confirmed_planet,Kepler-601 b,,5.373983031869081,8.0,0.00011374290915820915,7.695253953496607e-06,14.780916893135943,14.780916893135943,0.06202723963893861,0.029411430864958742,-7.66413694264223e-06,-0.03021501223223846,0.00025365327949345784,57.0,896.0
6678383-r2,6678383,Kepler-104,2,1,recovered_confirmed_planet,Kepler-104 b,,11.459766609091702,8.0,0.00014188223980692185,4.4468919478640645e-06,31.905933733125867,31.905933733125867,0.029087270683931778,0.2685654823490772,-3.0435262388106565e-06,-0.03531727450673908,8.617670194878444e-05,19.0,304.0
6685609-r1,6685609,Kepler-207,1,1,recovered_confirmed_planet,Kepler-207 d,,5.87381802127706,8.0,0.0002315323399487878,4.532818994623049e-06,51.079105568397424,51.079105568397424,0.05674900586396809,0.10325893372594598,-4.145108308595269e-06,-0.015011502614321567,0.00027612880702832985,37.0,590.0
6849046-r3,6849046,Kepler-491,3,1,recovered_confirmed_planet,Kepler-491 b,,4.2205456113734865,8.0,0.0018620423383595261,5.12125195677457e-06,363.59123786056875,363.59123786056875,0.07897873024640932,0.3316140050763898,-2.7358059788706868e-06,-0.01405493798763245,0.00019465087510724282,70.0,1094.0
6850504-r1,6850504,Kepler-20,1,1,recovered_confirmed_planet,Kepler-20 c,,10.858059366091787,4.0,0.0007225881447797337,5.145824055891855e-06,140.4222408172674,140.4222408172674,0.015349581453490992,0.026707352036151495,1.404370678870226e-05,0.016898003864306954,0.00014233320018966502,25.0,200.0
6850504-r4,6850504,Kepler-20,4,1,recovered_confirmed_planet,Kepler-20 b,,3.698087708410191,4.0,0.0001765722752242188,2.9844489948433918e-06,59.16411221277527,59.16411221277527,0.045068337964952354,0.14705735137732592,1.7374260785629758e-07,0.0009469206901332815,0.00014103752690475393,77.0,614.0
6922244-r1,6922244,Kepler-8,1,1,recovered_confirmed_planet,Kepler-8 b,,3.523524144904343,4.0,0.005679777986903635,7.696025645217341e-06,738.0144309203681,738.0144309203681,0.047301128021982476,0.02496514142863056,1.638823218585994e-05,0.0021552565610922433,0.0002204036388534441,63.0,498.0
6937692-r1,6937692,Kepler-584,1,1,recovered_confirmed_planet,Kepler-584 b,,35.25041740010494,8.0,0.0003939238820795096,2.275606615543762e-05,17.31071967310925,17.31071967310925,0.009456152803805976,0.33452579528793885,-6.116885869555944e-05,-0.1652352579339988,0.0003064809213113353,9.0,144.0
7050989-r4,7050989,Kepler-136,4,1,recovered_confirmed_planet,Kepler-136 b,,11.575683798816462,2.0,0.00018093499591130384,5.616937121296332e-06,32.212394763206085,32.212394763206085,0.007198998761684698,0.2518284634951887,1.201679796947186e-05,0.06897054756593433,0.00011032011967746831,19.0,79.0
7115785-r1,7115785,Kepler-209,1,1,recovered_confirmed_planet,Kepler-209 c,,41.90699341035971,8.0,0.0003089798482102829,1.5019027674099296e-05,20.572560016193773,20.572560016193773,0.007954121882934482,0.06143903881342241,-1.9520689314100892e-05,-0.0897292473779432,0.00021755102025852242,7.0,115.0
7132798-r1,7132798,Kepler-119,1,1,recovered_confirmed_planet,Kepler-119 b,,2.4232213646896725,4.0,0.0009178400000412945,6.061831227925248e-06,151.41299147575228,151.41299147575228,0.06877896881204275,0.022764917951841594,4.375142543144861e-06,0.004336565858688652,0.00019520722547557563,120.0,967.0
7219825-r2,7219825,Kepler-123,2,1,recovered_confirmed_planet,Kepler-123 b,,17.247349197256153,8.0,0.00022213284090624152,1.0698199756579203e-05,20.763571999077115,20.763571999077115,0.019326641417242406,0.12246028572530818,-8.556634359280224e-06,-0.039955012855228345,0.0001834410113456281,16.0,265.0
7419318-r2,7419318,Kepler-137,2,1,recovered_confirmed_planet,Kepler-137 b,,8.423954912771077,8.0,9.632314066045742e-05,5.5837502102913e-06,17.25061778066758,17.25061778066758,0.03956969580024529,0.045159912622491576,-2.2680847089340261e-07,-0.0018632011297744068,0.00012173053529699404,24.0,388.0
7445445-r4,7445445,Kepler-184,4,1,recovered_confirmed_planet,Kepler-184 b,,10.70836491906435,8.0,0.00016867727257529512,1.056962673569152e-05,15.958678276282512,15.958678276282512,0.03112831285193618,0.49044978269515477,5.573956120441537e-06,0.022607168009578196,0.00024655702642984584,27.0,417.0
7529266-r3,7529266,Kepler-435,3,1,recovered_confirmed_planet,Kepler-435 b,,8.579336780122098,8.0,0.001978640916163511,5.9903781971423725e-06,330.3031713602648,330.3031713602648,0.03885304212624573,0.5496698218208487,-8.319248698374082e-06,-0.02332860505436475,0.0001832417371087271,33.0,521.0
7626370-r2,7626370,Kepler-932,2,1,recovered_confirmed_planet,Kepler-932 b,,1.922425435032635,4.0,0.00010488729819685062,5.505508356320854e-06,19.05133757111274,19.05133757111274,0.0866960370110986,0.07356983109108717,-1.3839443655738748e-05,-0.06703238104459988,0.00020645907903123266,152.0,1214.0
7626506-r5,7626506,Kepler-112,5,1,recovered_confirmed_planet,Kepler-112 b,,8.393907428795874,8.0,0.0001755783011891555,6.2594773763945675e-06,28.04999373450693,28.04999373450693,0.03971134256136904,0.43341654725704837,3.926868861192645e-06,0.02337720944975409,0.0001679785121330618,36.0,564.0
7700622-r4,7700622,Kepler-1716,4,1,recovered_confirmed_planet,Kepler-1716 b,,35.89152675505312,8.0,0.0003181080241472124,1.0387115614720416e-05,30.625251123266207,30.625251123266207,0.009287243075732457,3.5595404567715367,3.875899008698447e-05,0.1938210873191843,0.00016999214540162075,5.0,78.0
7764367-r1,7764367,Kepler-644,1,1,recovered_confirmed_planet,Kepler-644 b,,3.1763460721778753,4.0,0.000155171408965259,6.1901060687801654e-06,25.06764944592256,25.06764944592256,0.052471192646962095,0.010028111190599482,-8.496997237816828e-06,-0.042756646322165436,0.00019872927296011773,90.0,727.0
7778437-r1,7778437,Kepler-471,1,1,recovered_confirmed_planet,Kepler-471 b,,5.010021834201156,8.0,0.0030526069845425354,6.024689747804856e-06,506.6828521177837,506.6828521177837,0.06653330950731935,0.36958300896009205,2.5358290041133102e-06,0.001118633707403882,0.0003695937406482068,58.0,918.0
7831264-r1,7831264,Kepler-116,1,1,recovered_confirmed_planet,Kepler-116 b,,5.973231184829868,4.0,0.00025299400431154725,7.122310681287129e-06,35.52133789617651,35.52133789617651,0.027902262864016994,0.038189848477264775,1.5615779513922234e-05,0.05752360497097887,0.0001785610623499242,48.0,396.0
7877496-r1,7877496,Kepler-412,1,1,recovered_confirmed_planet,Kepler-412 b,,1.7201927041537417,4.0,0.003761812839390841,5.8227686539425495e-06,646.0522584636344,646.0522584636344,0.09688836969498672,0.09043036611227014,1.7316725475780004e-05,0.014988568640948404,0.0003509328086493283,166.0,1340.0
7950644-r1,7950644,Kepler-427,1,1,recovered_confirmed_planet,Kepler-427 b,,10.283063917239652,8.0,0.003594076784420755,9.754002700094199e-06,368.4719899027756,368.4719899027756,0.03241576012908924,0.0020505160030457937,1.1015088913657323e-05,0.03660667484174694,0.0002051245112864368,26.0,360.0
7977197-r5,7977197,Kepler-162,5,1,recovered_confirmed_planet,Kepler-162 c,,19.401411948816435,8.0,0.00016571587603495384,1.2508411072193535e-05,13.248355452863535,13.248355452863535,0.017180880144842654,0.21030356836641945,-3.853354085414651e-05,-0.181803104207977,0.00021195205121506263,16.0,248.0
8017703-r1,8017703,Kepler-174,1,1,recovered_confirmed_planet,Kepler-174 b,,13.986369148069818,4.0,0.0005791868958954362,1.648540632751322e-05,35.13331029813961,35.13331029813961,0.01191636406148106,0.00431254548195057,1.0763365056121188e-05,0.015574368777976673,0.0002143212858596815,18.0,142.0
8026752-r1,8026752,Kepler-502,1,1,recovered_confirmed_planet,Kepler-502 b,,4.290487270024514,8.0,0.0005700953904328805,9.882390524904213e-06,57.68800463776514,57.68800463776514,0.07769125331338621,0.20261881050629071,-1.5723606463735607e-05,-0.03193994938205948,0.0003524444447473694,69.0,1091.0
8030148-r1,8030148,Kepler-474,1,1,recovered_confirmed_planet,Kepler-474 b,,5.670174751713008,8.0,0.0002839727093983119,5.32847308682478e-06,53.29344913094614,53.29344913094614,0.05878713583432865,0.11595691760030813,1.0523468860768048e-06,0.005669158680282829,0.00014588382529237217,38.0,589.0
8107225-r3,8107225,Kepler-499,3,1,recovered_confirmed_planet,Kepler-499 b,,5.627044076360001,8.0,0.0001226658625115533,7.263963617793562e-06,16.88690485881222,16.88690485881222,0.059237732779402474,0.036833664013302764,4.690717757327434e-06,0.01958735012210906,0.00023947689340748677,53.0,850.0
8107380-r1,8107380,Kepler-476,1,1,recovered_confirmed_planet,Kepler-476 b,,13.986368733808233,8.0,0.00025266323693869406,8.26926565048524e-06,30.554495116971818,30.554495116971818,0.023832728828862552,0.01958401953533873,1.393060431231774e-06,0.007882635419901841,0.000176725213970269,21.0,342.0
8121310-r1,8121310,Kepler-521,1,1,recovered_confirmed_planet,Kepler-521 b,,22.17031266365912,8.0,0.00021331711881273537,6.885888212001508e-06,30.978882062148795,30.978882062148795,0.015035120992214188,0.08437478629043636,2.621211119735456e-05,0.10328515324591521,0.0001259435889562769,13.0,210.0
8158127-r1,8158127,Kepler-750,1,1,recovered_confirmed_planet,Kepler-750 b,,9.429585614175545,4.0,0.0004917494729225088,1.4066296587189856e-05,34.95941308178756,34.95941308178756,0.01767486647728356,0.013968919962608028,-8.48523728502748e-06,-0.016921648609567803,0.0002512748414130307,32.0,263.0
8161561-r1,8161561,Kepler-645,1,1,recovered_confirmed_planet,Kepler-645 b,,3.2768490845025546,4.0,0.00017078266406566503,6.203362393947053e-06,27.530660506358075,27.530660506358075,0.05086186832799096,0.18245390246051665,1.2868400255494628e-05,0.0714528939568604,0.00018009627802148794,90.0,715.0
8162789-r2,8162789,Kepler-1989,2,1,recovered_confirmed_planet,Kepler-1989 b,,10.148705530446689,4.0,0.00043216608029487334,2.0385893271904347e-05,21.199271208315444,21.199271208315444,0.016422455668524155,0.1402734192912921,-4.098205472979899e-06,-0.01007088687245451,0.00040693590593189437,30.0,242.0
8191672-r1,8191672,Kepler-5,1,1,recovered_confirmed_planet,Kepler-5 b,,3.545378962572815,4.0,0.004810081522540483,5.582139856580896e-06,861.6913309453868,861.6913309453868,0.04700954916980716,0.019119582060081505,-9.139685397840935e-06,-0.0013908735836001768,0.00014482297140980054,60.0,491.0
8193178-r1,8193178,Kepler-187,1,1,recovered_confirmed_planet,Kepler-187 c,,10.635058626145758,4.0,0.00037717175080527606,1.5381751912495043e-05,24.52072773965939,24.52072773965939,0.015671438449518748,0.25510971733090804,1.5033780333406632e-05,0.04046553885408934,0.0002519750375131573,27.0,219.0
8219268-r1,8219268,Kepler-91,1,1,recovered_confirmed_planet,Kepler-91 b,,6.259201101462178,8.0,0.00030221196091749855,3.0352754865554374e-06,99.56656727078892,99.56656727078892,0.05325493268709087,0.324925833088535,8.183415516871406e-05,0.2228804976216628,0.0003671660645142073,36.0,570.0
8235924-r1,8235924,Kepler-1203,1,1,recovered_confirmed_planet,Kepler-1203 b,,0.5879682803386493,1.0,0.00023570183036079022,1.0373489243110478e-05,22.721557311811054,22.721557311811054,0.07086550084414096,0.0386231263886731,1.6612209337907302e-05,0.048524079816999126,0.00034234980654053855,493.0,991.0
8344004-r1,8344004,Kepler-188,1,1,recovered_confirmed_planet,Kepler-188 c,,5.996289516460322,4.0,0.000491496387562658,1.5510601270543346e-05,31.687771414514646,31.687771414514646,0.02779496657210306,0.04238793601484043,-8.91664848112761e-06,-0.01746464782291737,0.0003183283040803058,48.0,379.0
8355239-r1,8355239,Kepler-189,1,1,recovered_confirmed_planet,Kepler-189 c,,20.156636370370858,8.0,0.000345937197157947,1.8066761636652682e-05,19.14771468817809,19.14771468817809,0.016537150703542725,0.3791137699142272,-5.8211886225345566e-05,-0.18865029601625427,0.00030857034128549675,15.0,244.0
8359498-r1,8359498,Kepler-77,1,1,recovered_confirmed_planet,Kepler-77 b,,3.5788150920031465,2.0,0.010561700534580266,9.516688879271625e-06,1109.808323941827,1109.808323941827,0.023285174335925165,0.010626391919287643,-6.778475687641006e-06,-0.0006255599437642023,0.0002404981613760232,80.0,321.0
8456679-r1,8456679,Kepler-1990,1,1,recovered_confirmed_planet,Kepler-1990 b,,1.7355679388947287,2.0,0.0006730000018728686,3.2052006961085827e-06,209.971251625508,209.971251625508,0.04801502232543138,0.007874881437495694,5.3070564609569715e-08,6.571542255156775e-05,0.00011225693710060763,165.0,657.0
8564587-r1,8564587,Kepler-57,1,1,recovered_confirmed_planet,Kepler-57 b,,5.7308381769755865,2.0,0.00034359178883534657,1.796631481047196e-05,19.12422177057025,19.12422177057025,0.014541212081006965,0.2097883380476625,-5.8564298721641705e-06,-0.01813844424555807,0.0003056011181239267,50.0,203.0
8565266-r1,8565266,Kepler-608,1,1,recovered_confirmed_planet,Kepler-608 b,,6.417395569551789,8.0,0.0006050742805412174,9.031223277055099e-06,66.99804245549778,66.99804245549778,0.05194215156610867,0.15433361649402272,-8.937778339657143e-07,-0.0013567557280689017,0.00026264051035978283,46.0,718.0
8616637-r1,8616637,Kepler-190,1,1,recovered_confirmed_planet,Kepler-190 b,,2.019913638048091,2.0,0.00025569510038865655,8.158519641310178e-06,31.340869622224066,31.340869622224066,0.04125588924379018,0.23019181018993207,-2.486423471337318e-05,-0.09644466024849253,0.000257808308405149,141.0,570.0
8625925-r1,8625925,Kepler-609,1,1,recovered_confirmed_planet,Kepler-609 b,,6.525220145150824,4.0,0.00040332121230987806,1.5286637748993984e-05,26.383905927019217,26.383905927019217,0.025541922411694253,0.17851150437171792,1.2871018106430654e-05,0.03516976956625607,0.00031570676473937986,43.0,354.0
8628758-r1,8628758,Kepler-804,1,1,recovered_confirmed_planet,Kepler-804 b,,14.374632045982592,4.0,0.00032199337812649395,1.1038526440483276e-05,29.169960307890225,29.169960307890225,0.01159449968065419,0.08862239888309204,1.345561800170092e-05,0.04093838948857752,0.00016312572598272635,20.0,163.0
8644288-r1,8644288,Kepler-18,1,1,recovered_confirmed_planet,Kepler-18 c,,7.637224240518956,4.0,0.0014356788964520583,9.03808033527151e-06,158.84776890610914,158.84776890610914,0.021822937420433987,0.11128803910533186,2.2385818008729963e-05,0.011804312376340885,0.0002223510297360857,29.0,230.0
8644288-r3,8644288,Kepler-18,3,1,recovered_confirmed_planet,Kepler-18 d,,14.88752581352387,8.0,0.0009151247105738106,8.942657021452377e-06,102.33252917768563,102.33252917768563,0.022390109512390056,0.10197108382794132,6.427816886978022e-06,0.028596764619613982,0.00022477426983363367,15.0,234.0
8684730-r1,8684730,KOI-319,1,1,recovered_confirmed_planet,KOI-319 b,,45.98323629741965,1.0,0.0004428666113631796,2.3973550779749702e-05,18.473133806163833,18.473133806163833,0.0009061273199034229,2.1377767312212543,-3.873452014668821e-05,-0.21700987208113368,9.373705914104551e-05,4.0,7.0
8692861-r1,8692861,Kepler-69,1,1,recovered_confirmed_planet,Kepler-69 b,,13.738975093080839,8.0,0.00025772452391542155,7.679885667058653e-06,33.55838030517561,33.55838030517561,0.024261877692842253,0.028753764794226713,-1.39171552591133e-05,-0.0570737820872412,0.000155859278347063,22.0,339.0
8738735-r1,8738735,Kepler-214,1,1,recovered_confirmed_planet,Kepler-214 b,,15.680507984355014,8.0,0.00019515784493342835,9.71773622104015e-06,20.082644815043086,20.082644815043086,0.021257814712757492,0.2870012100092942,2.4328003773943507e-05,0.12192267794818712,0.00019953633059373958,16.0,256.0
8753657-r1,8753657,Kepler-406,1,1,recovered_confirmed_planet,Kepler-406 b,,2.4259263037868064,2.0,0.00016279584633099064,4.046762667510611e-06,40.22866169988057,40.22866169988057,0.034351139687653416,0.059089965543176685,-1.4939789496848377e-05,-0.08865797373689992,8.923577210784765e-05,88.0,354.0
8802165-r1,8802165,Kepler-648,1,1,recovered_confirmed_planet,Kepler-648 b,,17.44099712395345,8.0,0.0003238074073265697,9.719750742757265e-06,33.314373577723366,33.314373577723366,0.019112057124046743,0.40192107447686815,8.142506670583138e-06,0.02658989809258975,0.00028690535103893236,17.0,269.0
8822216-r1,8822216,Kepler-610,1,1,recovered_confirmed_planet,Kepler-610 b,,6.995360244375961,2.0,0.0010214805291950462,2.0999757318763876e-05,48.6424920864359,48.6424920864359,0.011912657879246545,0.27168931791839623,0.00013616502385294105,0.13428684955200879,0.0005836357135133503,38.0,153.0
8845205-r1,8845205,Kepler-560,1,1,recovered_confirmed_planet,Kepler-560 b,,18.478299650317297,2.0,0.0020577765030867197,4.674373029824686e-05,44.02251360679054,44.02251360679054,0.0045097944567590335,0.037130698037177105,0.00011289756651811089,0.0517079783229529,0.0004367143114148889,13.0,52.0
8878187-r1,8878187,Kepler-650,1,1,recovered_confirmed_planet,Kepler-650 b,,3.031750728081948,4.0,0.0003608618786545939,5.10393749787888e-06,70.70264453758743,70.70264453758743,0.0549737368322854,0.0568509215744804,-1.5977484606688463e-05,-0.042446834830076656,0.00016164163991744907,108.0,865.0
8934495-r1,8934495,Kepler-1721,1,1,recovered_confirmed_planet,Kepler-1721 b,,4.595077127073228,4.0,0.000414425676724802,1.2951972867983647e-05,31.99710815865224,31.99710815865224,0.036270700590573704,0.1777849499329497,-8.058052826331874e-06,-0.022635316655821917,0.00030528993573584177,63.0,504.0
9002278-r5,9002278,Kepler-62,5,1,recovered_confirmed_planet,Kepler-62 b,,5.709776254241034,8.0,9.467048361549066e-05,5.317539126866512e-06,17.803439026367357,17.803439026367357,0.058379403761354795,0.01070590125609641,9.112351289974896e-06,0.05437219433055825,0.00016759211950461182,50.0,804.0
9044228-r1,9044228,Kepler-1039,1,1,recovered_confirmed_planet,Kepler-1039 b,,0.9346503919593121,2.0,0.00013267455259437266,5.932209530216069e-06,22.365115715921156,22.365115715921156,0.0891598977010444,0.013667403979028414,-5.337616919343091e-06,-0.02004848052676345,0.0002662354841414396,311.0,1256.0
9115800-r1,9115800,Kepler-548,1,1,recovered_confirmed_planet,Kepler-548 b,,4.4502757302525,8.0,0.003512706918181236,1.2751539546956586e-05,275.4731619069177,275.4731619069177,0.07490172599135125,0.1302840950654682,2.4155916342749606e-06,0.004136558206908706,0.0005839617173138144,65.0,1049.0
9146018-r4,9146018,Kepler-192,4,1,recovered_confirmed_planet,Kepler-192 c,,21.260069564329452,8.0,0.00023865841126294402,1.183480589296793e-05,20.165806978275107,20.165806978275107,0.015678844903339654,0.7385298764843302,3.924192387871894e-05,0.18709169795437838,0.00020974700805958765,14.0,224.0
9157634-r1,9157634,Kepler-586,1,1,recovered_confirmed_planet,Kepler-586 b,,2.104753299186711,2.0,0.0006889372786507455,9.125894794010073e-06,75.49257296971477,75.49257296971477,0.039592922061475716,0.061014780150443634,4.569324072445369e-06,0.006482666699850912,0.00023278962332547322,134.0,536.0
9279669-r1,9279669,Kepler-612,1,1,recovered_confirmed_planet,Kepler-612 b,,3.724691212090612,4.0,0.0002701830481382309,1.2604209716205053e-05,21.43593721634609,21.43593721634609,0.0447464386109793,0.04585120107230256,-3.090869896960058e-05,-0.09046061637213666,0.0003416812775456719,75.0,604.0
9305831-r2,9305831,Kepler-44,2,1,recovered_confirmed_planet,Kepler-44 b,,3.2494337162135123,8.0,0.002144236256163359,9.394947525083816e-06,228.2329145999386,228.2329145999386,0.10258197656721514,0.046821380160980273,6.828526837532323e-06,0.018744338473926526,0.0003642980971044051,88.0,1401.0
9410930-r1,9410930,Kepler-41,1,1,recovered_confirmed_planet,Kepler-41 b,,1.855824758645673,2.0,0.008422221855560191,8.836621744343708e-06,953.1042630574549,953.1042630574549,0.044903665039013475,0.009299731163250143,4.515564910589909e-05,0.004606477535679975,0.00025574346589741695,155.0,619.0
9450647-r1,9450647,Kepler-465,1,1,recovered_confirmed_planet,Kepler-465 b,,9.963661823949144,8.0,0.00014380984276606606,4.121042560551243e-06,34.89647113637905,34.89647113637905,0.0334549023464563,0.028587210027279097,-1.082989288958558e-05,-0.12078575374403633,8.966200527701135e-05,23.0,366.0
9451706-r1,9451706,Kepler-127,1,1,recovered_confirmed_planet,Kepler-127 c,,29.432135630605078,8.0,0.00017212730708686245,3.770345399889269e-06,45.65292800280782,45.65292800280782,0.011325489169964134,0.10743795573158531,-1.3301958321054741e-05,-0.060683148119874554,0.00011183057167532241,8.0,130.0
9458613-r5,9458613,Kepler-33,5,1,recovered_confirmed_planet,Kepler-33 d,,21.85836399018788,8.0,0.00022993354613037983,1.1319601351245358e-05,20.31286606264478,20.31286606264478,0.01524969267978908,0.9852389641164068,3.6170081707531665e-05,0.18755628153381584,0.0001928492152421475,13.0,208.0
9467404-r1,9467404,Kepler-1323,1,1,recovered_confirmed_planet,Kepler-1323 b,,0.9300424602305042,2.0,7.911015083664772e-05,2.34134218949168e-06,33.78837625346127,33.78837625346127,0.08960164389987074,0.09486440737341616,7.473211995900897e-07,0.00935979316982209,7.825427672239566e-05,229.0,917.0
9475552-r1,9475552,Kepler-1315,1,1,recovered_confirmed_planet,Kepler-1315 b,,0.8433199280284561,2.0,0.0002189267743936402,8.57462181102472e-06,25.53194522377158,25.53194522377158,0.09881579998726345,0.12857064684230027,-2.0542662682698776e-05,-0.05502438469422095,0.00037333743569978187,342.0,1373.0
9530945-r1,9530945,Kepler-216,1,1,recovered_confirmed_planet,Kepler-216 c,,17.44099878388507,8.0,0.0002532174243584815,9.797739799231557e-06,25.844473271104984,25.844473271104984,0.019112055305073625,0.35098288176556725,2.3435771773661074e-05,0.10394329155866543,0.00022130810004580714,17.0,275.0
9530945-r3,9530945,Kepler-216,3,1,recovered_confirmed_planet,Kepler-216 b,,7.687735455994736,4.0,0.0002047482336766465,9.641895168292692e-06,21.23526859636057,21.23526859636057,0.021679552791674623,0.42731215128195005,-9.013281515590776e-06,-0.040757452131918476,0.0002211443808218862,35.0,285.0
9579641-r2,9579641,Kepler-105,2,1,recovered_confirmed_planet,Kepler-105 b,,5.402579286146875,8.0,0.00015283927986759147,3.567833173562981e-06,42.83812399080309,42.83812399080309,0.061698924842816506,0.0792697932004138,-1.4327444798567512e-05,-0.10279394198254779,0.00013938024481053568,39.0,628.0
9583881-r2,9583881,Kepler-562,2,1,recovered_confirmed_planet,Kepler-562 b,,18.048919091422288,8.0,0.0008839087631363405,1.6440225784876227e-05,53.76500144842719,53.76500144842719,0.01846832664299267,0.09085288041457064,1.220192096051953e-05,0.04296172186484648,0.0002840184338724975,15.0,237.0
9589524-r1,9589524,Kepler-563,1,1,recovered_confirmed_planet,Kepler-563 b,,22.170318131249893,4.0,0.0007140390107365531,2.418772819205459e-05,29.52071418477025,29.52071418477025,0.007517558642144325,0.07432175002452285,-1.5499968600396485e-05,-0.021218291963959128,0.00028734549250121217,13.0,112.0
9631995-r1,9631995,Kepler-422,1,1,recovered_confirmed_planet,Kepler-422 b,,7.900726366206401,8.0,0.004253566008941459,6.359032829918889e-06,668.9014072908496,668.9014072908496,0.04219021364403816,0.5553875437958273,1.5218660787130744e-06,0.0018362956339051091,0.00015992263805234827,28.0,431.0
9651668-r1,9651668,Kepler-423,1,1,recovered_confirmed_planet,Kepler-423 b,,2.6826742235937187,4.0,0.007816938185670018,6.7758832305266946e-06,1153.6412183806776,1153.6412183806776,0.062127061571941256,0.1418266922801868,4.5989772212706725e-08,1.0150247436461592e-05,0.0002976151862539343,109.0,880.0
9663113-r1,9663113,KIC 9663113,1,1,recovered_confirmed_planet,Kepler-458 c,,20.693658031379773,8.0,0.0004898523426079151,1.0950965149855317e-05,44.73143105695912,44.73143105695912,0.016107994672950914,0.3716287484690322,-3.4964108996948795e-06,-0.006825902188161585,0.00018551109798432375,14.0,227.0
9702072-r5,9702072,Kepler-652,5,1,recovered_confirmed_planet,Kepler-652 b,,4.186427816576921,8.0,0.00016075112331572777,3.716745058998879e-06,43.250511069227535,43.250511069227535,0.07962237686589017,0.4166870094844501,2.292915638835158e-05,0.11118973710906184,0.0002062164817051526,72.0,1132.0
9818381-r1,9818381,Kepler-43,1,1,recovered_confirmed_planet,Kepler-43 b,,3.021877939102925,4.0,0.0029490335774693304,5.700158194368145e-06,517.3599533400716,517.3599533400716,0.055153341738264694,0.010946880652789455,1.6100818915676385e-05,0.014435394035616443,0.0004670611834035562,97.0,778.0
9844088-r1,9844088,Kepler-564,1,1,recovered_confirmed_planet,Kepler-564 b,,3.7516781355135125,2.0,0.0016197191332892145,1.5196843824754813e-05,106.58260043778184,106.58260043778184,0.022212282163679545,0.06242693242241945,-1.7975789482038707e-05,-0.009241069231036495,0.0004364091102367837,76.0,303.0
9881662-r1,9881662,Kepler-140,1,1,recovered_confirmed_planet,Kepler-140 b,,3.2531892235109106,4.0,0.00010130655856100109,4.2272647720017075e-06,23.965037447377608,23.965037447377608,0.051231777562202936,0.2656768380691487,5.966775999954876e-07,0.004792241931392243,0.00012450907290111307,65.0,525.0
9884104-r1,9884104,Kepler-219,1,1,recovered_confirmed_planet,Kepler-219 b,,4.581526638794611,8.0,0.00012137408575166869,4.412601667892245e-06,27.50624118982512,27.50624118982512,0.07275595224325325,0.03679103892098899,2.685559142889815e-05,0.11952562035904928,0.0002246848110741884,66.0,1058.0
9941662-r1,9941662,KOI-13,1,1,recovered_confirmed_planet,KOI-13 b,,1.764202052409063,2.0,0.003922989129664916,8.696436561301479e-07,4511.030583632309,4511.030583632309,0.04723570818860546,0.004094158015093521,7.895373414434914e-05,0.017531024899723614,4.6622378013597965e-05,122.0,489.0
9941859-r1,9941859,Kepler-178,1,1,recovered_confirmed_planet,Kepler-178 b,,9.585135552721892,8.0,0.0002469198526936922,1.0656743251567339e-05,23.17029197990451,23.17029197990451,0.03477606878899867,0.23610087018672862,7.06833795671713e-06,0.02875230669467672,0.0002458355091915384,30.0,486.0
9964801-r1,9964801,Kepler-654,1,1,recovered_confirmed_planet,Kepler-654 b,,13.738981553333119,8.0,0.00016040027188440501,7.95436320251622e-06,20.165067623975894,20.165067623975894,0.02426186628458393,0.1253942231948901,3.4441824966480183e-06,0.020682212996767733,0.0001576656023725273,21.0,336.0
9489348-r1,9489348,K05686.01,1,0,official_kepler_false_positive,,not_transit,13.64537153354722,8.0,8.694466281527928e-05,1.0196034447120614e-05,8.527301792299522,8.527301792299522,0.02442830761433146,0.3398861297661696,5.555898561593331e-05,0.28631570166161896,0.00019404798721655675,17.0,272.0
9489348-r2,9489348,K05686.01,2,0,official_kepler_false_positive,,not_transit,44.20755096206976,8.0,0.0001544425975269718,1.854044895520388e-05,8.330035475415135,8.330035475415135,0.007540189991961657,0.14804770711639553,1.91913601689242e-05,0.0983426242405952,0.00019514793628012755,5.0,80.0
9489348-r3,9489348,K05686.01,3,0,official_kepler_false_positive,,not_transit,6.818450736277751,8.0,6.236867845842739e-05,7.5664229887357515e-06,8.242822077390676,8.242822077390676,0.048886960722591175,0.27252026707982985,-1.106334545442067e-05,-0.05710769389373835,0.00019372775715661888,31.0,500.0
9489348-r4,9489348,K05686.01,4,0,official_kepler_false_positive,,not_transit,27.3246865199924,8.0,0.00012114996011959925,1.4707131884524789e-05,8.237497363240228,8.237497363240228,0.012198981060201602,0.5473446796775322,7.268337635868427e-05,0.3739573647872384,0.00019436273544187903,8.0,128.0
9489348-r5,9489348,K05686.01,5,0,official_kepler_false_positive,,not_transit,22.059386481603028,8.0,0.00011009986367457109,1.3434896885665061e-05,8.195065776206057,8.195065776206057,0.015110725477851568,0.4034394726074593,-5.8455419946090714e-05,-0.30030133259786207,0.00019465587928099284,10.0,154.0
4373195-r1,4373195,K07692.01,1,0,official_kepler_false_positive,,not_transit,3.2531862819138215,8.0,3.2535972481745074e-05,4.671875726001374e-07,69.64220452326198,69.64220452326198,0.10246364777403284,0.22404633651106398,-2.350208131440823e-05,-0.7742904541814642,3.0353055739597476e-05,66.0,1044.0
4373195-r2,4373195,K07692.01,2,0,official_kepler_false_positive,,not_transit,6.508302672701718,8.0,3.302868131914234e-05,6.381528128662871e-07,51.75669628531886,51.75669628531886,0.051216630525107464,0.10216785874819645,2.8818408069009038e-05,0.8178276458580614,3.075348706847918e-05,33.0,531.0
4373195-r3,4373195,K07692.01,3,0,official_kepler_false_positive,,not_transit,13.024332655756835,8.0,3.195217162462874e-05,8.489720770275499e-07,37.63630452546894,37.63630452546894,0.025593121900644784,0.3358839655317128,3.158770162225988e-05,0.9027217334065233,3.122855610185951e-05,18.0,293.0
4373195-r4,4373195,K07692.01,4,0,official_kepler_false_positive,,not_transit,9.793197240719179,8.0,2.7478022200751583e-05,7.733990110128298e-07,35.528907859303885,35.528907859303885,0.03403723269734272,0.32912777535845716,-1.8872736885944263e-05,-0.5954621667109053,3.16942669761703e-05,22.0,355.0
4373195-r5,4373195,K07692.01,5,0,official_kepler_false_positive,,not_transit,19.437466761953196,8.0,3.746690982437706e-05,1.127208350581314e-06,33.23867305015524,33.23867305015524,0.017149011103946857,0.4496666485206066,1.5234459846968917e-05,0.3893990543822037,3.175283828532097e-05,11.0,164.0
8738244-r1,8738244,K03157.01,1,0,official_kepler_false_positive,,not_transit,0.6497436002009209,4.0,0.0003484824663450089,1.9692010912248508e-07,1769.6641947737874,1769.6641947737874,0.2565114402283118,0.005275282624203918,1.4144009466310337e-05,0.023570735735658373,0.0006000665242244832,328.0,2637.0
8738244-r2,8738244,K03157.01,2,0,official_kepler_false_positive,,not_transit,0.6884258939744712,8.0,0.0002394759698116677,1.7200710184366836e-07,1392.2446645797195,1392.2446645797195,0.4841963909999212,0.007822775918495223,-0.00010044496831262961,-0.17976217449598328,0.0005587658727107466,316.0,4977.0
8738244-r3,8738244,K03157.01,3,0,official_kepler_false_positive,,not_transit,1.2995641994154423,4.0,0.0003313477564209043,2.565214501635905e-07,1291.6960987457194,1291.6960987457194,0.12824812097904442,0.08853732099138291,0.0003377122433836366,0.588293783866158,0.0005740537341126641,166.0,1327.0
8738244-r4,8738244,K03157.01,4,0,official_kepler_false_positive,,not_transit,0.656826714271434,8.0,0.0001836837309332651,1.7194069060185072e-07,1068.2970406266822,1068.2970406266822,0.5074905238942262,0.07072947521617681,-9.968070745669522e-05,-0.16863674625383682,0.0005910971936487258,330.0,5236.0
8738244-r5,8738244,K03157.01,5,0,official_kepler_false_positive,,not_transit,1.9505690280070997,4.0,0.00030480009571614197,3.0633655100154807e-07,994.9844206302423,994.9844206302423,0.0854451517857588,0.03342384461978578,-0.00013787181607893828,-0.2344328692335931,0.0005881078729687872,110.0,887.0
9591070-r1,9591070,K02825.01,1,0,official_kepler_false_positive,,not_transit,0.7640928788867227,2.0,8.316612947541122e-05,5.4629545262575425e-06,15.223653990835084,15.223653990835084,0.109061785073497,0.0319964528655109,2.6121158345659978e-05,0.11620929935161183,0.00022477683362177227,378.0,1510.0
9591070-r2,9591070,K02825.01,2,0,official_kepler_false_positive,,not_transit,1.5288858238142797,4.0,5.441846562345031e-05,5.449040952090985e-06,9.986796961503487,9.986796961503487,0.10901184645094358,0.057032263037317975,5.3380407746939085e-05,0.23810703236966338,0.00022418660723999746,192.0,1519.0
9591070-r3,9591070,K02825.01,3,0,official_kepler_false_positive,,not_transit,1.1464017829775135,2.0,5.981878119208381e-05,6.581539120776378e-06,9.088874212302397,9.088874212302397,0.07269121050814686,0.35494648326669437,-3.698400652751843e-05,-0.16460385467689007,0.00022468493584258014,252.0,1000.0
9591070-r4,9591070,K02825.01,4,0,official_kepler_false_positive,,not_transit,3.057563795559514,2.0,9.00815307716058e-05,1.0320822082936052e-05,8.728135224861811,8.728135224861811,0.027254814259103262,0.14801601335085243,6.108940547633335e-05,0.2722470899583838,0.0002243895627522468,98.0,388.0
9591070-r5,9591070,K02825.01,5,0,official_kepler_false_positive,,not_transit,6.114296352364765,2.0,0.00010895403553399797,1.4548649480559773e-05,7.488944982803027,7.488944982803027,0.013629259775918995,0.07641185032367794,4.820437102348585e-05,0.21356309510868038,0.0002257148923551378,49.0,193.0
5471059-r1,5471059,K03956.02,1,0,official_kepler_false_positive,,not_transit,2.6371295462132855,1.0,0.00029363945141503155,2.0161517715304267e-05,14.564352523527274,14.564352523527274,0.01580000752200315,0.06600494932077001,-8.541330094180566e-05,-0.2524736438497164,0.0003186477844453328,110.0,219.0
5471059-r2,5471059,K03956.02,2,0,official_kepler_false_positive,,not_transit,0.8791118578844246,4.0,5.322546172026518e-05,6.394638059324766e-06,8.32345180860564,8.32345180860564,0.1895852787923355,0.062199680059643644,-5.542941063252371e-06,-0.017566124401732747,0.0003155471825478822,330.0,2647.0
5471059-r3,5471059,K03956.02,3,0,official_kepler_false_positive,,not_transit,1.3186420318876653,1.0,0.00010393323533441164,1.4455075143711226e-05,7.190086132456285,7.190086132456285,0.031598163610043514,1.2163803863383162,1.687153519414064e-05,0.05308528190187452,0.0003178194518270964,216.0,433.0
5471059-r4,5471059,K03956.02,4,0,official_kepler_false_positive,,not_transit,0.7533459428167084,4.0,4.0672914160099927e-05,6.0451271899361105e-06,6.728214788898393,6.728214788898393,0.22123523496192402,0.04064674261659278,1.5724999463673228e-05,0.04863350046610818,0.00032333678046949754,384.0,3080.0
5471059-r5,5471059,K03956.02,5,0,official_kepler_false_positive,,not_transit,0.6593403323366995,4.0,3.875034789108469e-05,5.776151437707207e-06,6.708679353196858,6.708679353196858,0.25277790314449694,0.029994460156362906,-9.21274359488855e-06,-0.029250428323584942,0.00031496098084349126,439.0,3515.0
8192861-r1,8192861,K06987.01,1,0,official_kepler_false_positive,,not_transit,0.6502336080810935,2.0,0.00021595440008348807,4.865039316003344e-06,44.389034919638796,44.389034919638796,0.12815906821435852,0.1873282005550558,-0.0001795137083440146,-0.5723310892477597,0.00031365360316169,444.0,1781.0
8192861-r2,8192861,K06987.01,2,0,official_kepler_false_positive,,not_transit,0.8673328290654588,2.0,0.0002217203901041014,5.501312374200547e-06,40.30318131795268,40.30318131795268,0.09607999436977849,0.0918358456740648,0.00022938552932005862,0.735512248654149,0.0003118718005577631,334.0,1344.0
8192861-r3,8192861,K06987.01,3,0,official_kepler_false_positive,,not_transit,1.0840042802152694,2.0,0.0002163129286114682,6.098721032746319e-06,35.46857241870927,35.46857241870927,0.07687546521198643,0.1753928391560772,-0.00018879536508564776,-0.5967296238885856,0.00031638342982767253,265.0,1069.0
8192861-r4,8192861,K06987.01,4,0,official_kepler_false_positive,,not_transit,1.3009741621701219,2.0,0.00022857243947425144,6.692103329443416e-06,34.155545457374444,34.155545457374444,0.06405456446139339,0.07771458402244541,0.00015387786019738225,0.4881786629960277,0.00031520808232996113,220.0,877.0
8192861-r5,8192861,K06987.01,5,0,official_kepler_false_positive,,not_transit,1.951404812761836,2.0,0.0002077028722774872,8.116749688816697e-06,25.58941451202584,25.58941451202584,0.04270427785580334,0.05076927084552161,-0.000136512783225351,-0.42588552504787963,0.0003205386781107522,147.0,583.0
7115200-r1,7115200,K06821.01,1,0,official_kepler_false_positive,,not_transit,29.43214365033301,8.0,8.662415661500513e-05,7.630428488365601e-06,11.35246293797055,11.35246293797055,0.011325486083972746,0.7813757519736272,-9.221655469016099e-06,-0.08460047950716426,0.00010900240190997,7.0,114.0
7115200-r2,7115200,K06821.01,2,0,official_kepler_false_positive,,not_transit,9.093103835787568,8.0,4.7408103047882995e-05,4.319188336139908e-06,10.976160185284252,10.976160185284252,0.03665781666557454,0.37098248750854274,-5.569994848908522e-06,-0.05131522812230274,0.00010854467675040263,24.0,367.0
7115200-r3,7115200,K06821.01,3,0,official_kepler_false_positive,,not_transit,17.91643529357314,8.0,6.177265018149509e-05,5.638661743240658e-06,10.955196994312526,10.955196994312526,0.01860489142351349,0.20731222961781606,7.032161639997092e-06,0.06475751222957112,0.00010859221421396573,13.0,211.0
7115200-r4,7115200,K06821.01,4,0,official_kepler_false_positive,,not_transit,10.709343449138007,8.0,4.5507356643312955e-05,4.482506082098844e-06,10.152213027674252,10.152213027674252,0.031125468607523576,0.3670982793782924,1.065888881124355e-05,0.09857317992770827,0.00010813173338894595,21.0,339.0
7115200-r5,7115200,K06821.01,5,0,official_kepler_false_positive,,not_transit,26.687609099010448,8.0,6.851300363841712e-05,6.750657197690659e-06,10.149086471440858,10.149086471440858,0.012490190938299265,0.439445888542844,-2.6285028684736034e-05,-0.24094318997682349,0.00010909222496499865,9.0,145.0
4680745-r1,4680745,K07552.01,1,0,official_kepler_false_positive,,not_transit,1.4622440295846437,8.0,0.00019723964153523668,1.2481517469412963e-06,158.0253699268454,158.0253699268454,0.22796012607281288,0.05265858298062513,-6.449404522301805e-05,-0.2521565002321975,0.0002557699094158942,149.0,2366.0
4680745-r2,4680745,K07552.01,2,0,official_kepler_false_positive,,not_transit,2.9286190058148667,8.0,0.00018252564186984588,1.6583204174331408e-06,110.06657094192404,110.06657094192404,0.11381928911595852,0.005608803448937142,0.0001729343530549876,0.6708734510660701,0.0002577749242874069,73.0,1165.0
4680745-r3,4680745,K07552.01,3,0,official_kepler_false_positive,,not_transit,4.387901331629006,8.0,0.00019445461383173852,1.974356112222901e-06,98.49014199004084,98.49014199004084,0.07596646053332823,0.39558576438570076,-0.00010268640472221868,-0.3909629538172495,0.00026264996138283245,50.0,790.0
4680745-r4,4680745,K07552.01,4,0,official_kepler_false_positive,,not_transit,5.843847529839749,8.0,0.00018177076516072874,2.1957847679521037e-06,82.78168598931353,82.78168598931353,0.0570400462420131,0.028207913635462045,0.00012928216774810153,0.4837372473422083,0.0002672570046206179,39.0,627.0
4680745-r5,4680745,K07552.01,5,0,official_kepler_false_positive,,not_transit,0.7315404831998965,8.0,8.292580953379657e-05,1.0547247497901478e-06,78.62317590470482,78.62317590470482,0.45565944877755804,0.752367104887002,-6.4357416400318e-05,-0.2577384240202323,0.00024970051184632834,295.0,4676.0
9164788-r1,9164788,K07140.01,1,0,official_kepler_false_positive,,not_transit,2.6642698262190523,8.0,0.00012638375015123658,2.7650136587587704e-06,45.70818294184157,45.70818294184157,0.1251124529704174,0.1210362115832505,-4.5000657573623926e-05,-0.28313805444969364,0.0001589353916452067,107.0,1704.0
9164788-r2,9164788,K07140.01,2,0,official_kepler_false_positive,,not_transit,2.701333476230722,8.0,7.937532638388116e-05,2.756527700970891e-06,28.795403128335682,28.795403128335682,0.1233958473718123,0.041797504091739296,-5.757666467243183e-05,-0.3548565957825874,0.00016225333094191028,107.0,1714.0
9164788-r3,9164788,K07140.01,3,0,official_kepler_false_positive,,not_transit,5.318787570854466,8.0,0.00010536187254597954,3.747560986962623e-06,28.114785299698283,28.114785299698283,0.06267092432115749,0.001767004165221045,0.0001207856981604305,0.747858666792362,0.00016150872286937854,55.0,863.0
9164788-r4,9164788,K07140.01,4,0,official_kepler_false_positive,,not_transit,8.004641589739736,8.0,0.00011550371650229851,4.622180349290462e-06,24.989011196854136,24.989011196854136,0.041642505738245225,0.11586797000593071,-5.817799565766002e-05,-0.358326087134315,0.0001623604804298063,35.0,562.0
9164788-r5,9164788,K07140.01,5,0,official_kepler_false_positive,,not_transit,1.331072311777608,8.0,4.882557039356092e-05,2.0975664538922812e-06,23.27724602143562,23.27724602143562,0.2504246616685884,0.9312962599273354,-1.324828059168226e-05,-0.08180817086950422,0.00016194324418785955,219.0,3493.0
7458309-r1,7458309,K03957.01,1,0,official_kepler_false_positive,,not_transit,0.6607429789171061,2.0,0.00016611516723678328,3.803069916934179e-06,43.67923042832091,43.67923042832091,0.1261206490153079,0.027302002546269546,7.538764338854698e-05,0.19077076919085537,0.0003951739761196114,437.0,1759.0
7458309-r2,7458309,K03957.01,2,0,official_kepler_false_positive,,not_transit,7.922986250020716,8.0,0.0002689091500989983,6.224040095479971e-06,43.20491930864742,43.20491930864742,0.04207167888653874,0.32431179042371333,-8.721715663861929e-05,-0.21984248158645714,0.0003967256738062226,37.0,599.0
7458309-r3,7458309,K03957.01,3,0,official_kepler_false_positive,,not_transit,15.680501710676626,8.0,0.0003461619364434804,8.3838613496633e-06,41.28908172573518,41.28908172573518,0.021257823217886676,0.027362436616719034,4.269886757668484e-05,0.10716270454008191,0.0003984489544187852,20.0,324.0
7458309-r4,7458309,K03957.01,4,0,official_kepler_false_positive,,not_transit,5.159787695870263,8.0,0.00019666398580432177,5.2713070522755775e-06,37.308391230866285,37.308391230866285,0.06460214120827551,0.2199329714207131,-0.00021849714067045944,-0.5609907320192337,0.00038948440357294215,56.0,856.0
7458309-r5,7458309,K03957.01,5,0,official_kepler_false_positive,,not_transit,10.782693402022216,8.0,0.0002720387835981818,7.343475890522855e-06,37.04496176657463,37.04496176657463,0.030913735641488152,0.41346064455515136,5.509662657732228e-05,0.13791120625076037,0.0003995079738273155,26.0,424.0
5471415-r1,5471415,K06586.01,1,0,official_kepler_false_positive,,not_transit,12.45743764924097,8.0,0.0007792929557073164,5.894592932320755e-06,132.20471110640403,132.20471110640403,0.026757776576440923,0.1688592880241726,-0.00016374687680453803,-0.22387379723399678,0.0007178200456114068,16.0,260.0
5471415-r2,5471415,K06586.01,2,0,official_kepler_false_positive,,not_transit,4.134354352775763,8.0,0.0003631371992975104,3.3797863120310845e-06,107.44383395034312,107.44383395034312,0.08062524517511101,0.10783646715375408,-0.00018908894189295644,-0.2645098169589382,0.0007148654974961104,54.0,857.0
5471415-r3,5471415,K06586.01,3,0,official_kepler_false_positive,,not_transit,2.489227319367429,8.0,0.00027466719054708417,2.7732943560051305e-06,99.04004237860138,99.04004237860138,0.1339103627619036,0.1291695778865077,-9.935807594341206e-05,-0.1397793633742822,0.000710820778868226,86.0,1341.0
5471415-r4,5471415,K06586.01,4,0,official_kepler_false_positive,,not_transit,24.943185715000595,8.0,0.0007380983707559787,7.935647113467301e-06,93.01048297666595,93.01048297666595,0.013363703303258085,0.03800424661954818,0.0004844091716238452,0.6751421190452817,0.0007174921515915022,9.0,145.0
5471415-r5,5471415,K06586.01,5,0,official_kepler_false_positive,,not_transit,6.191517407577309,8.0,0.0003257262471904929,4.097844784934117e-06,79.48720956636471,79.48720956636471,0.053837098628745354,1.161379311345227,-2.8851361623116745e-05,-0.04035383174211664,0.0007149596550705009,35.0,565.0
9119405-r1,9119405,K07135.01,1,0,official_kepler_false_positive,,not_transit,6.212098241035792,8.0,0.04807767819812267,6.975092439830953e-06,6892.765739358126,6892.765739358126,0.053658735003803484,0.5071718916353698,-3.3465778513708244e-05,-0.060780832645141336,0.000550597565997369,47.0,746.0
9119405-r2,9119405,K07135.01,2,0,official_kepler_false_positive,,not_transit,1.4343070881494433,4.0,0.03215295393758998,4.891324524587093e-06,6573.465689296952,6573.465689296952,0.11620012760426471,0.16595631554241666,-3.2748477440947e-06,-0.005817040890795414,0.0005629748536367778,201.0,1629.0
9119405-r3,9119405,K07135.01,3,0,official_kepler_false_positive,,not_transit,2.0710807901565866,8.0,0.026692164983369463,4.273122748491295e-06,6246.524276138247,6246.524276138247,0.16094656225754053,0.1371409338624866,-8.406959336015873e-06,-0.015415662995270476,0.0005453517852975333,142.0,2256.0
9119405-r4,9119405,K07135.01,4,0,official_kepler_false_positive,,not_transit,4.664058522384799,8.0,0.03595452374608081,6.02310935902736e-06,5969.429011311679,5969.429011311679,0.07146851432792384,0.5457142164693131,-0.00012920599007593125,-0.23527874198428134,0.0005491613436311357,65.0,1021.0
9119405-r5,9119405,K07135.01,5,0,official_kepler_false_positive,,not_transit,1.0970182726022661,4.0,0.023465694029478103,4.3969822497760735e-06,5336.772517258432,5336.772517258432,0.15192697407975916,0.025438752752760266,-1.389960153286296e-05,-0.02490653655113655,0.0005580704287938696,265.0,2106.0
5471770-r1,5471770,K06012.01,1,0,official_kepler_false_positive,,not_transit,25.861103914474036,1.0,0.00022859369214313474,3.606308813387853e-05,6.338716509648777,6.338716509648777,0.0016111712324602863,0.6885025737517528,-4.212596435793081e-06,-0.024000524382817343,0.00017552101648283147,10.0,20.0
5471770-r2,5471770,K06012.01,2,0,official_kepler_false_positive,,not_transit,41.90699016085329,8.0,9.093075775707967e-05,1.4872466448438693e-05,6.114033477387711,6.114033477387711,0.007954122499704381,0.09809282649351216,-1.998945723813428e-05,-0.11420723830968198,0.00017502793635488568,7.0,116.0
5471770-r3,5471770,K06012.01,3,0,official_kepler_false_positive,,not_transit,4.266914330648939,8.0,3.038023846615925e-05,5.068074663203978e-06,5.994433879739494,5.994433879739494,0.07812046540025984,0.03795039863126015,-3.842564304523677e-06,-0.021901843454937845,0.00017544478903931522,68.0,1072.0
5471770-r4,5471770,K06012.01,4,0,official_kepler_false_positive,,not_transit,0.721840855965816,4.0,1.911119582374258e-05,3.2081006199693865e-06,5.957168458115554,5.957168458115554,0.23089115182274947,0.0829892854454571,-7.096602043787925e-07,-0.004114143704113162,0.00017249280905509004,403.0,3218.0
5471770-r5,5471770,K06012.01,5,0,official_kepler_false_positive,,not_transit,3.150575808970462,2.0,4.8946155822100925e-05,8.29400727480447e-06,5.901388098704655,5.901388098704655,0.026450191452642685,0.05071500146560363,-2.0106351118931443e-05,-0.11467294312337466,0.00017533648802664254,95.0,380.0
5385439-r1,5385439,K02478.01,1,0,official_kepler_false_positive,,not_transit,12.420751632254586,8.0,0.0001025951963116146,1.1155955740900191e-05,9.196450639856701,9.196450639856701,0.026836808528376267,0.2370294358523995,-1.3703733279912811e-05,-0.05974148478513349,0.00022938387502754114,23.0,368.0
5385439-r2,5385439,K02478.01,2,0,official_kepler_false_positive,,not_transit,8.260006141639103,8.0,7.131243995028682e-05,9.153884080580066e-06,7.790402338781624,7.790402338781624,0.04035509509526674,0.11056396473796981,2.655684477204101e-05,0.1159014009423364,0.00022913307825548758,35.0,555.0
5385439-r3,5385439,K02478.01,3,0,official_kepler_false_positive,,not_transit,4.130761119323802,8.0,4.957610271844197e-05,6.501560558467856e-06,7.6252620078839914,7.6252620078839914,0.08069537881868592,0.19803115432727517,-3.8386214678443054e-05,-0.1682904061400067,0.00022809508610079776,72.0,1151.0
5385439-r4,5385439,K02478.01,4,0,official_kepler_false_positive,,not_transit,6.212090058260557,8.0,5.3921744898557646e-05,8.085058115171144e-06,6.669308263520903,6.669308263520903,0.053658805684904984,0.37254588678394823,-1.1232228724677995e-05,-0.04882792609960065,0.00023003698133248918,45.0,720.0
5385439-r5,5385439,K02478.01,5,0,official_kepler_false_positive,,not_transit,33.0036849285012,8.0,0.0001008592600472358,1.6777336896977118e-05,6.011637047439172,6.011637047439172,0.010099882302702343,0.3542576951127807,2.8206206893033325e-05,0.12287968275593882,0.00022954329194563379,10.0,160.0
5112198-r1,5112198,K06522.01,1,0,official_kepler_false_positive,,not_transit,3.215795566300313,8.0,0.000152904145063727,5.516723237868075e-06,27.71647923429569,27.71647923429569,0.10365501365400054,0.04397105585685434,5.320007057330045e-06,0.02393103287041667,0.00022230578538490875,87.0,1373.0
5112198-r2,5112198,K06522.01,2,0,official_kepler_false_positive,,not_transit,9.64463050374555,8.0,0.0001815078073220834,8.811193993275158e-06,20.599683477700413,20.599683477700413,0.03456154522497065,0.27270901124948,6.18606075053485e-06,0.027813722552680567,0.0002224103853347262,31.0,502.0
5112198-r3,5112198,K06522.01,3,0,official_kepler_false_positive,,not_transit,1.6080126656414329,8.0,7.399879679410499e-05,4.076137465936703e-06,18.154146520448602,18.154146520448602,0.20729521629754535,0.6641823029440802,-5.1564254046509994e-05,-0.2319203610890265,0.00022233603726891488,179.0,2850.0
5112198-r4,5112198,K06522.01,4,0,official_kepler_false_positive,,not_transit,6.444010093266995,8.0,0.00012406633535950776,7.484801474088634e-06,16.575768347231193,16.575768347231193,0.0517276243377731,0.10221643644318892,0.00011060990493327871,0.49620801544267096,0.00022291035511508772,45.0,709.0
5112198-r5,5112198,K06522.01,5,0,official_kepler_false_positive,,not_transit,4.823348751218954,8.0,9.751432075184726e-05,6.57437072306217e-06,14.832494980816602,14.832494980816602,0.06910827943948558,0.7213681699096903,-5.116236451052636e-05,-0.22993136610618786,0.0002225114623417596,58.0,934.0
3761319-r1,3761319,K06104.01,1,0,official_kepler_false_positive,,not_transit,44.29695947573455,8.0,0.0005385276053158591,3.431088195660098e-05,15.695533737577188,15.695533737577188,0.007524970952372704,0.7776623953819035,1.1809277302154975e-05,0.022423432640667564,0.000526648952076028,7.0,113.0
3761319-r2,3761319,K06104.01,2,0,official_kepler_false_positive,,not_transit,13.7389598993986,8.0,0.0003028780477516693,1.965676302313002e-05,15.408337954487935,15.408337954487935,0.024261904523640427,0.05511922532357764,-4.587425407276413e-05,-0.08689018602433876,0.0005279566792493035,22.0,352.0
3761319-r3,3761319,K06104.01,3,0,official_kepler_false_positive,,not_transit,25.027796720314967,8.0,0.0004040332796637258,2.7312612002403933e-05,14.792919828691764,14.792919828691764,0.013318524880888452,0.6714032087898889,-0.0001118474903754052,-0.21218892431469466,0.0005271127639514569,11.0,179.0
3761319-r4,3761319,K06104.01,4,0,official_kepler_false_positive,,not_transit,23.5125449715358,8.0,0.00037731213365073873,2.6305840667468496e-05,14.343283623600264,14.343283623600264,0.014176829166594488,0.020759204109399194,-0.00013555665147424456,-0.2577903285364843,0.000525840718089855,12.0,195.0
3761319-r5,3761319,K06104.01,5,0,official_kepler_false_positive,,not_transit,10.017801776945936,8.0,0.00023776940246302797,1.6837766991063738e-05,14.121195678097855,14.121195678097855,0.03327409952355381,0.13505387912537847,4.724113351806114e-05,0.08934624922052871,0.0005287422127979687,31.0,486.0
6806632-r1,6806632,K06772.01,1,0,official_kepler_false_positive,,not_transit,9.468282663233628,4.0,0.05663772136950345,7.964629016959801e-06,7111.156244553218,7111.156244553218,0.017602628966058593,0.005585905126833584,0.000602281032597185,0.00967986150346036,0.0011886830745460172,32.0,256.0
6806632-r2,6806632,K06772.01,2,0,official_kepler_false_positive,,not_transit,18.928600066895857,8.0,0.04619476936424572,7.973181203435201e-06,5793.76890924578,5793.76890924578,0.017610036249658973,0.01767803550758126,0.05693460658848459,0.99993820715744,0.0011672088100063776,16.0,257.0
6806632-r3,6806632,K06772.01,3,0,official_kepler_false_positive,,not_transit,4.735137617662736,4.0,0.03187421113996774,5.820165828178219e-06,5476.512539496619,5476.512539496619,0.035197850648516806,1.2888108402424063,-0.0013282147597302174,-0.027643642222649967,0.0011801869062051083,62.0,496.0
6806632-r4,6806632,K06772.01,4,0,official_kepler_false_positive,,not_transit,3.156979870801706,4.0,0.01973871638997775,4.780279836045717e-06,4129.196839301727,4129.196839301727,0.05279307233097502,0.04975754345610128,-0.00018650006109766082,-0.15566378404434694,0.0011980953838596712,94.0,753.0
6806632-r5,6806632,K06772.01,5,0,official_kepler_false_positive,,not_transit,2.367817958975667,4.0,0.014960928775690063,4.232636244765599e-06,3534.659703911927,3534.659703911927,0.07038829401343324,44.00502884213536,-9.264940182562853e-05,-0.07856932239235083,0.0011792058147449224,123.0,978.0
7117710-r1,7117710,K07817.01,1,0,official_kepler_false_positive,,not_transit,29.83446672732064,8.0,0.00015200618739392231,1.1186618340292642e-05,13.588216096227864,13.588216096227864,0.011172759894785932,0.4857512364191785,6.705165074505359e-06,0.036700465284432056,0.00018269972935056,9.0,146.0
7117710-r2,7117710,K07817.01,2,0,official_kepler_false_positive,,not_transit,41.906993453739894,8.0,0.00018192055314200395,1.3590468925284404e-05,13.385892285405225,13.385892285405225,0.007954121874700742,0.21029304673742033,-4.473756763045955e-06,-0.02442944240993803,0.00018312971241725952,6.0,99.0
7117710-r3,7117710,K07817.01,3,0,official_kepler_false_positive,,not_transit,20.42160727583586,8.0,0.00011462256466990822,8.615418046334831e-06,13.304353201835738,13.304353201835738,0.016322580726922234,0.23330994826923576,-1.871311756440619e-06,-0.010227057116882982,0.000182976562568662,15.0,244.0
7117710-r4,7117710,K07817.01,4,0,official_kepler_false_positive,,not_transit,8.773143428384067,8.0,7.669094608147664e-05,5.8838460102183746e-06,13.034152482625954,13.034152482625954,0.03799474339549585,0.18868795242578312,6.028644380151604e-06,0.03295470896608635,0.0001829372666090201,33.0,532.0
7117710-r5,7117710,K07817.01,5,0,official_kepler_false_positive,,not_transit,5.586569764073318,8.0,6.0958187840871074e-05,4.853522329461805e-06,12.559577087107082,12.559577087107082,0.05966690606406945,0.008179381146249094,-2.526484424558717e-06,-0.013849973351743775,0.0001824179989660862,50.0,802.0
8939211-r1,8939211,K05586.01,1,0,official_kepler_false_positive,,not_transit,9.028080213918939,8.0,8.460415864490371e-05,8.394652103143822e-06,10.078340067627009,10.078340067627009,0.03692184001859227,0.05095021638140764,1.977460376445528e-05,0.09385596002122171,0.00021069097540512137,31.0,496.0
8939211-r2,8939211,K05586.01,2,0,official_kepler_false_positive,,not_transit,6.781593686844625,8.0,6.972404684344027e-05,7.016508946343969e-06,9.937142156680464,9.937142156680464,0.04915265477788133,0.3677245726585849,-6.942447431379506e-06,-0.03258963596549268,0.0002130262344363242,45.0,724.0
8939211-r3,8939211,K05586.01,3,0,official_kepler_false_positive,,not_transit,18.048915780460323,8.0,0.00011978619621483929,1.2231021398485699e-05,9.793638021896504,9.793638021896504,0.018468330030892963,0.3434847371877617,6.365958053655696e-05,0.30245990941950934,0.00021047278847214645,15.0,228.0
8939211-r4,8939211,K05586.01,4,0,official_kepler_false_positive,,not_transit,27.220584208974767,8.0,0.00012911744788277624,1.3290541927598962e-05,9.714987438898385,9.714987438898385,0.012245634802482733,0.2043005566471063,1.5471251262333396e-05,0.07296721935256245,0.00021203016093541296,12.0,193.0
8939211-r5,8939211,K05586.01,5,0,official_kepler_false_positive,,not_transit,5.411427133170569,8.0,5.6712173170607745e-05,6.338123480379658e-06,8.947786098861338,8.947786098861338,0.06159804523470179,0.1018792248637351,-1.8822646185245873e-05,-0.0893063009005855,0.00021076504116096997,57.0,893.0
3558803-r1,3558803,K06345.01,1,0,official_kepler_false_positive,,not_transit,0.6766270377775648,8.0,0.00036056929702934403,1.5233993458957574e-06,236.68731249016628,236.68731249016628,0.49263968881319475,0.393843246814797,-0.0001234182711549181,-0.30278697112062763,0.000407607601800506,320.0,5045.0
3558803-r2,3558803,K06345.01,2,0,official_kepler_false_positive,,not_transit,1.353337547081039,4.0,0.0005018456322567825,2.3334845771141614e-06,215.06275943654143,215.06275943654143,0.12315232591170142,0.0639170587905159,0.00023677064918170565,0.4354957823690556,0.0004353055372010539,158.0,1249.0
3558803-r3,3558803,K06345.01,3,0,official_kepler_false_positive,,not_transit,2.7070090420577055,4.0,0.0004784573870367879,3.1864759146033284e-06,150.15251954174872,150.15251954174872,0.06156856666425343,0.3564056452254401,0.0004867060228430642,0.8963024727215383,0.00044320359794281205,80.0,626.0
3558803-r4,3558803,K06345.01,4,0,official_kepler_false_positive,,not_transit,4.061014608552107,4.0,0.0005017447999145516,3.918777592248239e-06,128.03604902382224,128.03604902382224,0.04104064691510409,0.07597858962342105,0.0001787130229889966,0.330576940061611,0.0004598699695000431,52.0,406.0
3558803-r5,3558803,K06345.01,5,0,official_kepler_false_positive,,not_transit,2.030131543357467,4.0,0.00035696338841564304,2.7901208619131608e-06,127.9383245680893,127.9383245680893,0.08209648641340275,0.7759364473417405,-0.00017731892285155482,-0.38699822109648124,0.00045819053728246475,106.0,834.0
8739209-r1,8739209,K07084.01,1,0,official_kepler_false_positive,,not_transit,3.718080272977799,8.0,0.0004230976206324559,1.8877879802382286e-06,224.12348476710994,224.12348476710994,0.08965200018835733,0.05924617917484471,-0.00036774763169233893,-0.9214418553441155,0.0003621009908022452,60.0,932.0
8739209-r2,8739209,K07084.01,2,0,official_kepler_false_positive,,not_transit,7.3906586909980225,8.0,0.00041690283665795654,2.56827166539139e-06,162.32816889112974,162.32816889112974,0.04510197903460761,0.08629611633920159,0.0003160329883964419,0.7084215341719966,0.00038566987906092133,30.0,480.0
8739209-r3,8739209,K07084.01,3,0,official_kepler_false_positive,,not_transit,11.125650342945498,8.0,0.00044779569832978676,3.129850928269246e-06,143.07253239610682,143.07253239610682,0.02996079537450966,0.0007109771733542918,-0.00034052680136698044,-0.7766431266495096,0.00038445351572463025,20.0,318.0
8739209-r4,8739209,K07084.01,4,0,official_kepler_false_positive,,not_transit,14.88746329042639,8.0,0.0004134811150956485,3.6785824966526904e-06,112.40229503399578,112.40229503399578,0.022390203544460686,0.4116548747326273,0.0003789997083576413,0.8590884206237066,0.00038715745459270734,14.0,228.0
8739209-r5,8739209,K07084.01,5,0,official_kepler_false_positive,,not_transit,26.079613620048576,8.0,0.00048458300315401537,4.57763134550864e-06,105.8588965731078,105.8588965731078,0.01278137545247545,0.3345068736235563,-0.000383790183126953,-0.7703134833306673,0.0003892654934283121,9.0,146.0
7115925-r1,7115925,K04258.01,1,0,official_kepler_false_positive,,not_transit,2.9665592284788507,8.0,1.8329912411188023e-05,2.2122111988276168e-06,8.285787731705788,8.285787731705788,0.11236361982371583,0.049984223888210465,-3.76857547124132e-06,-0.04104742810767141,9.1810270337912e-05,73.0,1142.0
7115925-r2,7115925,K04258.01,2,0,official_kepler_false_positive,,not_transit,47.90756858171502,8.0,6.460162928589104e-05,7.905801011555367e-06,8.171421111088842,8.171421111088842,0.00695784284616267,0.15563698533416337,-2.898686075214485e-05,-0.3132672517558979,9.253077233470865e-05,5.0,80.0
7115925-r3,7115925,K04258.01,3,0,official_kepler_false_positive,,not_transit,5.784777551285922,4.0,3.139523197217945e-05,4.062119294815137e-06,7.728781380756622,7.728781380756622,0.028811249039233607,0.03972126441907514,-1.3395029443863393e-05,-0.14454627837312772,9.266948685656117e-05,38.0,310.0
7115925-r4,7115925,K04258.01,4,0,official_kepler_false_positive,,not_transit,29.432145067615203,8.0,5.131932504723152e-05,6.8169914282828505e-06,7.528148683642761,7.528148683642761,0.01132548553860272,0.20685999173319952,5.554950666120106e-07,0.00598782156076877,9.277081171749066e-05,7.0,108.0
7115925-r5,7115925,K04258.01,5,0,official_kepler_false_positive,,not_transit,15.704398759485123,8.0,3.857792173604483e-05,5.1632526576644455e-06,7.471631603922949,7.471631603922949,0.021225475641466825,0.18851071114862764,5.321642618794087e-06,0.05762213625939792,9.235413617498693e-05,12.0,191.0
11071207-r1,11071207,K07405.01,1,0,official_kepler_false_positive,,not_transit,8.047725514174392,4.0,0.19891424773088187,1.0176827534483773e-05,19545.801189699727,19545.801189699727,0.020709785190004062,0.0006398421587776807,-4.602710511059094e-05,-0.0002150521193627832,0.0006334168832649921,29.0,230.0
11071207-r2,11071207,K07405.01,2,0,official_kepler_false_positive,,not_transit,4.026150258173085,4.0,0.10875658374746211,7.757984520586428e-06,14018.664700718064,14018.664700718064,0.04139603740032636,4.879308974546515,1.023611460038154e-06,2.333015834116893e-05,0.0006499347801436239,55.0,435.0
11071207-r3,11071207,K07405.01,3,0,official_kepler_false_positive,,not_transit,2.6846088910689785,4.0,0.066156426431226,6.40203802577001e-06,10333.650966290377,10333.650966290377,0.062082289610648655,0.177440188996241,-0.0002661934298887614,-0.4120043327809932,0.000646093763364038,85.0,672.0
11071207-r4,11071207,K07405.01,4,0,official_kepler_false_positive,,not_transit,1.0061285766053796,4.0,0.042818768281934406,4.174725695409496e-06,10256.666283252496,10256.666283252496,0.16565145901032896,0.2589918878811701,-4.4017273088670095e-06,-0.0068712727161564496,0.0006405985456693069,228.0,1822.0
11071207-r5,11071207,K07405.01,5,0,official_kepler_false_positive,,not_transit,16.077182176304984,8.0,0.10049086640485365,1.0396478301154442e-05,9665.856407712117,9665.856407712117,0.020733318169685832,0.7346103097765959,0.04893793690760384,1.172264996162456,0.000617245669370773,15.0,235.0
5534476-r1,5534476,K06595.01,1,0,official_kepler_false_positive,,not_transit,2.156321576060752,8.0,0.0004831009310029167,1.8648588187644934e-06,259.0549623070023,259.0549623070023,0.15458424060398215,0.009102517750614122,-0.00036023610686730656,-0.8237771297107865,0.00028415802431758713,101.0,1605.0
5534476-r2,5534476,K06595.01,2,0,official_kepler_false_positive,,not_transit,4.321632986097585,8.0,0.0004321216540192095,2.5601054290625826e-06,168.79056976080736,168.79056976080736,0.0771313377155453,0.05972489762841749,0.0005052195569041906,0.9948204361538431,0.00031197294284120825,50.0,777.0
5534476-r3,5534476,K06595.01,3,0,official_kepler_false_positive,,not_transit,6.471509123328133,8.0,0.0004407668969362821,3.0273886646608098e-06,145.59309879217832,145.59309879217832,0.051507820970498525,0.028142174502575806,-0.0003587544796861408,-0.8047313313682598,0.00035474584004441457,34.0,543.0
5534476-r4,5534476,K06595.01,4,0,official_kepler_false_positive,,not_transit,8.614140844158541,8.0,0.00040307926456854175,3.4640970426200015e-06,116.35911454249582,116.35911454249582,0.03869606259797514,0.08729346111759022,0.0004134655072365323,0.9028931280279733,0.00034739730595816543,26.0,409.0
5534476-r5,5534476,K06595.01,5,0,official_kepler_false_positive,,not_transit,10.810471264378021,8.0,0.00039151552845518954,3.842116940983638e-06,101.90099220534287,101.90099220534287,0.030834301778472153,0.015072910759043323,-0.0002875351259479242,-0.6774230262259814,0.00037239480078843585,21.0,329.0
5471606-r1,5471606,K03723.01,1,0,official_kepler_false_positive,,not_transit,0.9628977387661459,2.0,0.01307720714085582,2.0204361516186446e-06,6472.467407781828,6472.467407781828,0.08654432342952263,0.004355792415454786,0.0020680349302939494,0.22108042542226358,0.0018512403201157712,224.0,894.0
5471606-r2,5471606,K03723.01,2,0,official_kepler_false_positive,,not_transit,1.9243456987976297,4.0,0.00776929222449087,2.0165527648455206e-06,3852.7592036928636,3852.7592036928636,0.08660952487424863,0.22963667468383842,0.00355989921915989,0.9976573302432477,0.0018777864104077757,114.0,901.0
5471606-r3,5471606,K03723.01,3,0,official_kepler_false_positive,,not_transit,1.443802736404762,2.0,0.006668303581774532,2.43163779468013e-06,2742.309564509674,2742.309564509674,0.05771794943459041,2.588444448228222,-0.0010796422658208016,-0.3747913176009375,0.002085201170579858,149.0,601.0
5471606-r4,5471606,K03723.01,4,0,official_kepler_false_positive,,not_transit,2.891632775753461,4.0,0.006498015302845491,2.440834512721053e-06,2662.210514059585,2662.210514059585,0.057637563131867256,0.022415040566571155,0.0007057265768068977,0.3368222140918322,0.0020952495033907895,75.0,595.0
5471606-r5,5471606,K03723.01,5,0,official_kepler_false_positive,,not_transit,4.812129780562488,2.0,0.011238480140045262,4.293702759213229e-06,2617.4331970070007,2617.4331970070007,0.01731734951745057,0.23223595543444422,0.0015181844454448257,0.19345051587482726,0.002101036545329871,45.0,184.0
8263752-r1,8263752,K03338.01,1,0,official_kepler_false_positive,,not_transit,5.5065510501389765,8.0,0.0005097561745052395,6.456696669280431e-06,78.9499957355205,78.9499957355205,0.06053395860643488,0.24508637433313524,2.0385918602094932e-06,0.01147683499302387,0.00017762665939247536,39.0,607.0
8263752-r2,8263752,K03338.01,2,0,official_kepler_false_positive,,not_transit,1.8319674090662752,4.0,0.00039158932729328017,5.32934809547718e-06,73.47790391579179,73.47790391579179,0.09097687319209134,0.3325723109152225,-1.1427449232437326e-05,-0.06470775779231265,0.00017660091498016516,118.0,918.0
8263752-r3,8263752,K03338.01,3,0,official_kepler_false_positive,,not_transit,2.7459829616369684,4.0,0.0004523014281516516,6.454428793454614e-06,70.076135724098,70.076135724098,0.060694719885410836,3.453898774932164,-1.0664452199105057e-06,-0.0060088739368205244,0.0001774783813279321,77.0,607.0
8263752-r4,8263752,K03338.01,4,0,official_kepler_false_positive,,not_transit,1.3744681239738856,4.0,0.0002779166116427394,4.661604194508323e-06,59.61823442027607,59.61823442027607,0.12125902649877188,0.9355908464785061,9.911998757328178e-07,0.005621147350007441,0.00017633408519908406,156.0,1244.0
8263752-r5,8263752,K03338.01,5,0,official_kepler_false_positive,,not_transit,11.018626162321617,8.0,0.0005352385851952037,9.197744415010274e-06,58.19237424359391,58.19237424359391,0.030251805299754377,0.20820561590142436,9.987510352160722e-05,0.5629493378540328,0.0001774140172228142,19.0,291.0
11496490-r1,11496490,K04872.01,1,0,official_kepler_false_positive,,not_transit,0.8282328224128379,1.0,6.830875639854258e-05,7.72711070910742e-06,8.840142062159366,8.840142062159366,0.05030791528556164,0.05908944538830311,5.150473755699547e-05,0.26785106566002925,0.0001922887162314598,271.0,546.0
11496490-r2,11496490,K04872.01,2,0,official_kepler_false_positive,,not_transit,0.6212992305042107,1.0,4.20745099720505e-05,6.755427294762103e-06,6.228252949250663,6.228252949250663,0.06706376673419086,0.08752249877220229,-1.9079715338765624e-06,-0.009887276052159184,0.00019297241462777804,361.0,729.0
11496490-r3,11496490,K04872.01,3,0,official_kepler_false_positive,,not_transit,1.0354381543227373,1.0,5.34570392176282e-05,8.620169795149892e-06,6.201390516426442,6.201390516426442,0.040240613592146535,0.2157269734907106,-2.6346630714879637e-05,-0.13757729825622853,0.0001915042019927648,216.0,434.0
11496490-r4,11496490,K04872.01,4,0,official_kepler_false_positive,,not_transit,11.07012659819318,8.0,5.9486414146741186e-05,9.752373013819222e-06,6.0996861033153955,6.0996861033153955,0.030111067870510044,0.06004025744637537,9.586461186650297e-06,0.049717054822388466,0.000192820375641667,21.0,336.0
11496490-r5,11496490,K04872.01,5,0,official_kepler_false_positive,,not_transit,3.6938918426416985,8.0,3.53668564217217e-05,5.838514064800631e-06,6.0575098439759225,6.0575098439759225,0.09023906154624953,0.10681240635642417,-1.5036248193212032e-05,-0.0783278382756935,0.00019196557091603078,62.0,1000.0
10552700-r1,10552700,K07342.01,1,0,official_kepler_false_positive,,not_transit,1.8956728032272432,8.0,0.0005532823861398734,1.2904083098867617e-06,428.7653620181864,428.7653620181864,0.17583906503583208,0.03404382144538559,-0.00023281864344970593,-0.4744129727504157,0.0002377313806871779,115.0,1826.0
10552700-r2,10552700,K07342.01,2,0,official_kepler_false_positive,,not_transit,3.792000053039131,8.0,0.0005437665027976872,1.7390242698884957e-06,312.6848268958046,312.6848268958046,0.08790435882673062,0.025896819351499963,0.0005870274320469715,1.0369259780483098,0.0002576760895378406,57.0,907.0
10552700-r3,10552700,K07342.01,3,0,official_kepler_false_positive,,not_transit,0.948539899868208,8.0,0.00026382272093491076,1.0375160562628134e-06,254.28302467454228,254.28302467454228,0.3514173029301638,1.5495291172506798,-5.630510516785314e-05,-0.1883508402017366,0.00029893737191480824,229.0,3598.0
10552700-r4,10552700,K07342.01,4,0,official_kepler_false_positive,,not_transit,7.586619248499747,8.0,0.0005430918436630504,2.443532025750499e-06,222.25689614043296,222.25689614043296,0.04393700572217987,0.09759061920780862,0.0005403677417044062,0.9618099385054732,0.0002833759080426216,28.0,437.0
10552700-r5,10552700,K07342.01,5,0,official_kepler_false_positive,,not_transit,5.698421447456781,8.0,0.00044005672904189513,2.0453996011811592e-06,215.14462444784633,215.14462444784633,0.058495731915739715,0.13898715319925142,-0.00013161917363579967,-0.29748309519471067,0.000303371968634292,40.0,638.0
7117147-r1,7117147,K07815.01,1,0,official_kepler_false_positive,,not_transit,4.936627813094403,8.0,5.511111599173815e-05,3.1430609044696705e-06,17.534218288091704,17.534218288091704,0.06752247606132405,0.14739252871673286,-4.899633216992605e-05,-0.3732241707343111,0.0001312785612826917,44.0,697.0
7117147-r2,7117147,K07815.01,2,0,official_kepler_false_positive,,not_transit,4.618001629457317,8.0,4.727869863584888e-05,3.0203099096985815e-06,15.653591866195997,15.653591866195997,0.07218129400541266,0.1761090086112658,-3.547226429745365e-05,-0.2685233307043455,0.00013210123755134698,46.0,764.0
7117147-r3,7117147,K07815.01,3,0,official_kepler_false_positive,,not_transit,44.207521417522734,8.0,0.00013729224944109458,8.935054362393188e-06,15.36557516862403,15.36557516862403,0.0075401950311832795,0.3834491603440551,1.6957618068635938e-06,0.011291461587404721,0.00013139984930513935,5.0,81.0
7117147-r4,7117147,K07815.01,4,0,official_kepler_false_positive,,not_transit,14.510084044269599,8.0,7.762597748578486e-05,5.085716488748096e-06,15.263528287022805,15.263528287022805,0.02297252947097678,0.17365329633746068,-1.892834020233991e-05,-0.14273688317331798,0.00013261001488561446,16.0,254.0
7117147-r5,7117147,K07815.01,5,0,official_kepler_false_positive,,not_transit,7.250247329350097,8.0,5.80666020913682e-05,3.847098441201249e-06,15.093609633039964,15.093609633039964,0.04597544306991426,0.00144957008590165,2.366652778862388e-06,0.018003960184353063,0.00013145178919686824,29.0,454.0
9119568-r1,9119568,K03087.02,1,0,official_kepler_false_positive,,not_transit,38.292665442653,8.0,0.0016365692862353553,1.1994829457359367e-05,136.43956273436189,136.43956273436189,0.008704887201767984,3.88990741341759,9.14005961675235e-05,0.17468596048008092,0.0003760546168969563,5.0,83.0
9119568-r2,9119568,K03087.02,2,0,official_kepler_false_positive,,not_transit,19.113020454480196,8.0,0.0008337317633876278,8.30315723997728e-06,100.41141451271724,100.41141451271724,0.017440118066487924,2.1322341928734234,1.982991732574213e-05,0.05217504228298931,0.0003800651893713424,11.0,181.0
9119568-r3,9119568,K03087.02,3,0,official_kepler_false_positive,,not_transit,12.734628073512052,8.0,0.0006931838840654227,7.238100259285589e-06,95.76875965156097,95.76875965156097,0.026175348931207862,0.1694032133990438,2.3500397182907307e-05,0.06158607181255154,0.0003815862335632488,15.0,242.0
9119568-r4,9119568,K03087.02,4,0,official_kepler_false_positive,,not_transit,44.20755236227057,8.0,0.0010618475237913687,1.1420018803264175e-05,92.98124128200749,92.98124128200749,0.00754018975313866,0.632652422631453,0.00047366585707941944,1.2586893318893935,0.0003763167328735591,6.0,94.0
9119568-r5,9119568,K03087.02,5,0,official_kepler_false_positive,,not_transit,22.059389851844866,8.0,0.000760470178226922,8.411397679305627e-06,90.40949045815415,90.40949045815415,0.015110723169229272,0.6246637971271072,0.0001553868204792197,0.40829988703803405,0.00037694376225896664,11.0,176.0
8195877-r1,8195877,K06989.01,1,0,official_kepler_false_positive,,not_transit,0.7551894450142761,2.0,0.04245103787973005,4.7687317368818965e-06,8901.955534929559,8901.955534929559,0.1103475874609953,0.45936864991207627,-0.002506172214041591,-0.05991001110558206,0.005580893853679247,283.0,1143.0
8195877-r2,8195877,K06989.01,2,0,official_kepler_false_positive,,not_transit,1.5104827481384173,2.0,0.04852314515404322,6.531664407289073e-06,7428.909712491253,7428.909712491253,0.05517000007847613,0.0032340219447648685,0.03566114553006006,0.6473045379816854,0.005643829370689424,141.0,568.0
8195877-r3,8195877,K06989.01,3,0,official_kepler_false_positive,,not_transit,3.0213810144271633,2.0,0.04271110158981959,8.982677459092074e-06,4754.829702427791,4754.829702427791,0.02758120638721656,0.026453919780695213,0.05177086959472044,0.9953835964294995,0.00604809035247903,71.0,292.0
8195877-r4,8195877,K06989.01,4,0,official_kepler_false_positive,,not_transit,0.5034480912774487,2.0,0.014598046538089262,4.061393223500304e-06,3594.3445351760265,3594.3445351760265,0.16552517484351448,0.0729395351349305,0.0021387197649374023,0.37551070857207725,0.005695496070059176,424.0,1703.0
8195877-r5,8195877,K06989.01,5,0,official_kepler_false_positive,,not_transit,1.1324495752502945,2.0,0.01691765774469995,5.758090082607172e-06,2938.0675713638543,2938.0675713638543,0.07358679375628266,7.011925300648977,-0.00042447463470285385,-0.06713007593392913,0.0063231663125277995,190.0,762.0
3445812-r1,3445812,K04802.01,1,0,official_kepler_false_positive,,not_transit,0.6053813917453997,2.0,0.00010658924783998178,9.216728736325368e-06,11.564759134104452,11.564759134104452,0.13765426963830454,0.01380657699064236,2.154272425824999e-05,0.05331694510476177,0.00040405023611013295,477.0,1913.0
3445812-r2,3445812,K04802.01,2,0,official_kepler_false_positive,,not_transit,1.2107302236718454,2.0,0.00010817961401969221,1.2538363839768732e-05,8.627889204855581,8.627889204855581,0.06882898576745193,0.013323395154979531,9.200562215427865e-05,0.22883784799510373,0.00040205596652983394,238.0,956.0
3445812-r3,3445812,K04802.01,3,0,official_kepler_false_positive,,not_transit,1.816754451596676,1.0,0.000178882354045314,2.095640299244396e-05,8.535928332253002,8.535928332253002,0.022934671567777044,0.12567356127756615,2.662385477747442e-05,0.06569817175539569,0.00040524498728212847,160.0,326.0
3445812-r4,3445812,K04802.01,4,0,official_kepler_false_positive,,not_transit,3.027761181854768,2.0,0.00013437028786980688,1.9343962249052273e-05,6.946368388223573,6.946368388223573,0.027523086639972175,0.24970765051245677,3.8265996882280717e-07,0.000948680861861043,0.0004033600594325649,95.0,385.0
3445812-r5,3445812,K04802.01,5,0,official_kepler_false_positive,,not_transit,0.9084138826810528,2.0,7.264715238798462e-05,1.1029572123698132e-05,6.586579386148171,6.586579386148171,0.09173498437450889,0.12932443451622214,-3.199957627630923e-05,-0.07852075539429772,0.00040753016340228787,316.0,1268.0
11154043-r1,11154043,K07414.01,1,0,official_kepler_false_positive,,not_transit,4.528110922065178,8.0,0.007778719724301727,2.1409756401895474e-06,3633.2593319992434,3633.2593319992434,0.07361421552396664,4.8654928978298894e-05,-0.0009822973806505875,-0.10476481465917686,0.002770299081530512,67.0,1064.0
11154043-r2,11154043,K07414.01,2,0,official_kepler_false_positive,,not_transit,9.080862323279062,8.0,0.007000257758487854,3.035359106884415e-06,2306.2370915555794,2306.2370915555794,0.036707233461608965,0.005719343182772235,0.009194747311255802,0.9954681166947263,0.0023400056158565472,33.0,509.0
11154043-r3,11154043,K07414.01,3,0,official_kepler_false_positive,,not_transit,13.61854306715088,8.0,0.006951479459797632,3.607746890293014e-06,1926.8201653783553,1926.8201653783553,0.024476431266525312,0.002943440659011114,-0.0011423452759506958,-0.12886481361150184,0.002867176428686694,22.0,353.0
11154043-r4,11154043,K07414.01,4,0,official_kepler_false_positive,,not_transit,2.264283489349519,8.0,0.0028271102202333666,1.5959910475078071e-06,1771.3822547112609,1771.3822547112609,0.14721360417157525,1.9062633872225967,-0.0014258676008152005,-0.26526383094176403,0.004045700616767991,133.0,2082.0
11154043-r5,11154043,K07414.01,5,0,official_kepler_false_positive,,not_transit,18.048927628503797,8.0,0.0060770125971185045,4.078084479920576e-06,1490.1634890204284,1490.1634890204284,0.018468317907536853,0.015075731072082222,0.00818900750588325,0.9848135804062803,0.0026393224955542525,17.0,276.0
5385667-r1,5385667,K06573.01,1,0,official_kepler_false_positive,,not_transit,4.119806155174832,8.0,2.57154521294725e-05,3.842357529704876e-06,6.692623455956129,6.692623455956129,0.08090995565765587,0.0965419648451074,-1.2971546689000135e-05,-0.09389682668834878,0.00013814680587719705,72.0,1157.0
5385667-r2,5385667,K06573.01,2,0,official_kepler_false_positive,,not_transit,38.76938008401304,1.0,0.00024996884979930497,3.99540738536585e-05,6.256404558766063,6.256404558766063,0.0010747313105439196,0.45053789889998486,1.8490431355155934e-05,0.1330454324495153,0.00013897832503323413,5.0,10.0
5385667-r3,5385667,K06573.01,3,0,official_kepler_false_positive,,not_transit,6.4173897842221175,8.0,2.9403879939712877e-05,4.780482276867174e-06,6.150818732661912,6.150818732661912,0.051942198392385515,0.22867297989283622,-4.372655574735873e-06,-0.03162270535559166,0.0001382758219313036,45.0,722.0
5385667-r4,5385667,K06573.01,4,0,official_kepler_false_positive,,not_transit,1.1618332813501724,4.0,1.837691288764948e-05,3.0317517804507333e-06,6.061483333215811,6.061483333215811,0.14345144810534474,0.0755874444522985,-2.091861802000494e-06,-0.014901944402397031,0.00014037509102932976,249.0,1987.0
5385667-r5,5385667,K06573.01,5,0,official_kepler_false_positive,,not_transit,1.9965468898822893,1.0,4.482805031379497e-05,7.4208820558669105e-06,6.040798112180499,6.040798112180499,0.020869365441811994,0.09625625223796218,-7.892867075476317e-06,-0.05658196886122638,0.00013949438724612887,144.0,290.0
3831523-r1,3831523,K06361.01,1,0,official_kepler_false_positive,,not_transit,1.5306641571051354,8.0,0.0001093521258998952,1.2529323775751357e-06,87.27695752545718,87.27695752545718,0.2177703918825336,0.0202279403969254,-8.368048345630541e-05,-0.4924873410237761,0.00016991397846359164,141.0,2255.0
3831523-r2,3831523,K06361.01,2,0,official_kepler_false_positive,,not_transit,1.6058129589329644,8.0,9.750363529979753e-05,1.2748874785565027e-06,76.48018898906786,76.48018898906786,0.20757917756176764,0.007965435962763886,-3.7019924255421444e-05,-0.21649026603704954,0.00017100041000959348,136.0,2150.0
3831523-r3,3831523,K06361.01,3,0,official_kepler_false_positive,,not_transit,1.6240376503680125,8.0,8.310228032578513e-05,1.286078755478509e-06,64.61678957978387,64.61678957978387,0.20524975714559254,0.11122789897846494,-3.8888323495411825e-05,-0.22382593069380186,0.00017374360233806776,133.0,2101.0
3831523-r4,3831523,K06361.01,4,0,official_kepler_false_positive,,not_transit,0.7944898592456647,4.0,8.038033445185678e-05,1.2743220979745923e-06,63.0769368118259,63.0769368118259,0.20977821771685012,0.012782808708418853,6.989549611047252e-05,0.4019650725789583,0.00017388450111357099,268.0,2152.0
3831523-r5,3831523,K06361.01,5,0,official_kepler_false_positive,,not_transit,0.5349685873952791,8.0,6.5895197172223e-05,1.0686697425669335e-06,61.66095524885305,61.66095524885305,0.6230895442969983,0.025194900512854418,-2.4385925907255412e-05,-0.13859171358545025,0.00017595515111529377,403.0,6408.0
5385575-r1,5385575,K03965.01,1,0,official_kepler_false_positive,,not_transit,39.761710510396306,8.0,0.0017364995537632846,2.515047599993151e-05,69.04440113849192,69.04440113849192,0.008383274488309004,2.8249512612679433,0.0005123626698135819,0.6733015655687723,0.0007537341049845677,8.0,131.0
5385575-r2,5385575,K03965.01,2,0,official_kepler_false_positive,,not_transit,45.597173830158056,8.0,0.0026006979326514165,4.126644416918162e-05,63.02209906890052,63.02209906890052,0.007310394599782543,9.565049107448772,0.00031399475485449635,0.41445636444378,0.0007576063050108837,3.0,48.0
5385575-r3,5385575,K03965.01,3,0,official_kepler_false_positive,,not_transit,19.898433280075757,8.0,0.0011946163797041008,1.9237375250894342e-05,62.098720024113646,62.098720024113646,0.016751737618815397,0.3701489384425834,-7.127375939774971e-05,-0.09494989103776634,0.0007506460367542766,14.0,226.0
5385575-r4,5385575,K03965.01,4,0,official_kepler_false_positive,,not_transit,29.834460575805263,8.0,0.0013976037160252407,2.4021252349538817e-05,58.18196718840403,58.18196718840403,0.011172762198477801,0.34982404673555845,0.0002915678986279424,0.3863711142503857,0.0007529297175423745,9.0,143.0
5385575-r5,5385575,K03965.01,5,0,official_kepler_false_positive,,not_transit,14.11342829618498,8.0,0.0008933746465275452,1.5398430538080597e-05,58.017253402430434,58.017253402430434,0.023618168905384748,0.1770843809611908,-7.201916703691857e-05,-0.09540684458906844,0.000754863734851686,22.0,356.0
8823868-r1,8823868,K00081.01,1,0,official_kepler_false_positive,,not_transit,11.937814652976252,8.0,0.0032318522864809088,2.555963528592428e-06,1264.4359946171428,1264.4359946171428,0.02792247517850589,1.040330772470037,-2.093037635941819e-05,-0.0064705285826973805,0.00023377777973374625,16.0,262.0
8823868-r2,8823868,K00081.01,2,0,official_kepler_false_positive,,not_transit,23.901625062493192,8.0,0.004380045643329203,3.6095853329063336e-06,1213.448426720672,1213.448426720672,0.013946053143323934,0.042568460150594796,0.0015194833376998007,0.3115212020608659,0.00023387558322869335,8.0,130.0
8823868-r3,8823868,K00081.01,3,0,official_kepler_false_positive,,not_transit,5.965663155295094,8.0,0.0014201993653256918,1.7768342559028233e-06,799.2863490827272,799.2863490827272,0.0558753192488698,8.173411523093932,-3.957788107378235e-05,-0.16904235553021543,0.00023412996671540116,35.0,562.0
8823868-r4,8823868,K00081.01,4,0,official_kepler_false_positive,,not_transit,7.955658871719361,8.0,0.0014739805748517796,2.023463412787093e-06,728.4443916984579,728.4443916984579,0.04189889721368784,0.546884595969655,0.00014005622724422295,0.6031932386277645,0.0002321913083157963,27.0,428.0
8823868-r5,8823868,K00081.01,5,0,official_kepler_false_positive,,not_transit,3.976388365613309,8.0,0.0009207743506170013,1.4766028410352431e-06,623.5761743296175,623.5761743296175,0.08382816331923372,0.03848344568087356,2.8303172459942516e-05,0.12186806291115422,0.0002322443779267785,52.0,838.0
5080346-r1,5080346,K06509.01,1,0,official_kepler_false_positive,,not_transit,48.44086313874123,8.0,0.0001962730841421731,1.3966670205779996e-05,14.052961890726614,14.052961890726614,0.0068812426479400515,1.2390265740332236,1.8906935639328992e-07,0.001040417565709751,0.00018172449468815993,6.0,98.0
5080346-r2,5080346,K06509.01,2,0,official_kepler_false_positive,,not_transit,1.1557823690547342,8.0,3.4944462079455777e-05,2.570463911571848e-06,13.594612988784236,13.594612988784236,0.2884049300786208,0.02504408371262465,-5.7630635665884e-06,-0.03162457326699812,0.00018223371799936522,251.0,3997.0
5080346-r3,5080346,K06509.01,3,0,official_kepler_false_positive,,not_transit,41.90698987317476,8.0,0.0001590547103887386,1.2856574568350143e-05,12.371468741004609,12.371468741004609,0.007954122554306975,0.6293418286344187,1.557967372622926e-05,0.08568942604692663,0.00018181559201595383,7.0,114.0
5080346-r4,5080346,K06509.01,4,0,official_kepler_false_positive,,not_transit,37.825374669793455,8.0,0.0001604228008932952,1.3034654516382848e-05,12.307407203747887,12.307407203747887,0.008812426479400514,0.08671195177290421,2.9659752243116344e-05,0.1633416274836575,0.00018158109907459957,7.0,112.0
5080346-r5,5080346,K06509.01,5,0,official_kepler_false_positive,,not_transit,16.51395102544243,8.0,9.973120682045693e-05,8.420695621480125e-06,11.843582918025833,11.843582918025833,0.020184953486889905,0.05155707024744361,-4.658381573818815e-06,-0.02561436800752061,0.00018186595790499582,17.0,269.0
9291039-r1,9291039,K03230.02,1,0,official_kepler_false_positive,,not_transit,8.813119188175586,8.0,0.00017823129544085212,3.3028103247820635e-06,53.9635273946931,53.9635273946931,0.03782240160561553,0.09277835643465712,2.19636451848082e-06,0.012540465309690734,0.00010290742137515426,24.0,390.0
9291039-r2,9291039,K03230.02,2,0,official_kepler_false_positive,,not_transit,4.404791706015683,8.0,9.030902782041274e-05,2.384987396174113e-06,37.86562057530464,37.86562057530464,0.07567516368097396,1.6437357804620132,2.0756808964961238e-06,0.020355083666247675,0.00010197358706699739,49.0,778.0
9291039-r3,9291039,K03230.02,3,0,official_kepler_false_positive,,not_transit,17.640398523853722,8.0,0.00017478505142774344,4.618003100774343e-06,37.84862149582265,37.84862149582265,0.018896020567936312,0.08570629414529306,0.00016054547091015614,0.9108903250838019,0.00010259197142116327,12.0,195.0
9291039-r4,9291039,K03230.02,4,0,official_kepler_false_positive,,not_transit,2.9361351501195783,8.0,6.008441781428e-05,1.9994446135936115e-06,30.050553741666285,30.050553741666285,0.11352792575633239,0.3253753835548949,-3.499099521531157e-05,-0.3333250968726044,0.00010497557952764953,72.0,1156.0
9291039-r5,9291039,K03230.02,5,0,official_kepler_false_positive,,not_transit,2.2019541469116746,8.0,4.761950866802807e-05,1.7513783642556175e-06,27.189732178898776,27.189732178898776,0.15138068783169084,0.8323283108957533,-3.1030292233724666e-05,-0.30074193123472903,0.00010317913470305386,99.0,1578.0
6947837-r1,6947837,K06794.01,1,0,official_kepler_false_positive,,not_transit,0.5855976971274323,4.0,1.1470396606096423e-05,1.4176722860474398e-06,8.09100715234874,8.09100715234874,0.2846094980978011,0.04980580780789252,-6.0451697645458324e-06,-0.08738764081988659,6.917648431550457e-05,365.0,2923.0
6947837-r2,6947837,K06794.01,2,0,official_kepler_false_positive,,not_transit,1.7560822707620616,2.0,1.969707624706627e-05,3.0013033475709035e-06,6.5628408614570874,6.5628408614570874,0.04745411688324282,0.18332275079941932,-3.5072582016404397e-07,-0.004963338418166729,7.066328962786885e-05,122.0,490.0
6947837-r3,6947837,K06794.01,3,0,official_kepler_false_positive,,not_transit,5.067748762194784,2.0,3.000942728447687e-05,4.915333715393099e-06,6.105267520391928,6.105267520391928,0.01644385648219124,0.5264268026001052,4.108859944951249e-06,0.057841304262343296,7.103677894805459e-05,41.0,177.0
6947837-r4,6947837,K06794.01,4,0,official_kepler_false_positive,,not_transit,1.1706590494167475,8.0,8.597816039779186e-06,1.4169047081930495e-06,6.068027009906552,6.068027009906552,0.28473989373712916,0.033980521312545656,7.404275487288281e-06,0.10491740486617614,7.057242310494198e-05,184.0,2928.0
6947837-r5,6947837,K06794.01,5,0,official_kepler_false_positive,,not_transit,7.58658321986635,8.0,1.9005115442881734e-05,3.156206718870716e-06,6.021505286473037,6.021505286473037,0.043937214378728655,0.115049971507347,6.846381408465163e-06,0.09666161909192914,7.082833365282217e-05,28.0,441.0
4729553-r1,4729553,K06438.01,1,0,official_kepler_false_positive,,not_transit,0.9612747729152814,2.0,0.2470481675382988,2.1220622223223764e-06,116418.90842763803,116418.90842763803,0.08669044032083179,0.0012301802918653836,0.13530328045206574,0.48303122329753734,0.02455001177231893,223.0,895.0
4729553-r2,4729553,K06438.01,2,0,official_kepler_false_positive,,not_transit,1.4419753908019313,2.0,0.16940672153405711,2.628892851545625e-06,64440.3294848843,64440.3294848843,0.05779109259762668,0.8685286118825664,-0.0273289414671698,-0.16402862521253112,0.03203301775249578,149.0,595.0
4729553-r3,4729553,K06438.01,3,0,official_kepler_false_positive,,not_transit,2.8843302367351966,2.0,0.22440993859315356,3.506442534849521e-06,63999.32021209756,63999.32021209756,0.02889174487442159,0.004919935509990117,0.13133604674863308,0.47698857144994705,0.030686598161609468,75.0,305.0
4729553-r4,4729553,K06438.01,4,0,official_kepler_false_positive,,not_transit,1.9211048690554124,4.0,0.12450925191785465,2.261656607024467e-06,55052.23539733753,55052.23539733753,0.08675563179880698,0.06255046617360517,0.1413318332887381,1.0062927440414455,0.026613782132213572,109.0,866.0
4729553-r5,4729553,K06438.01,5,0,official_kepler_false_positive,,not_transit,3.8428832819460665,4.0,0.1314074841321428,2.9824278621333366e-06,44060.57420552219,44060.57420552219,0.043370213050619985,0.019516520909003937,0.15954474668575624,1.003974997039136,0.030001974801741944,58.0,470.0
7670485-r1,7670485,K06900.01,1,0,official_kepler_false_positive,,not_transit,4.232044652511224,4.0,0.0363486031893503,8.626826851890101e-06,4213.438360755609,4213.438360755609,0.039382067145196466,0.020910315681246405,3.884021375066826e-05,0.001093903521942118,0.0006897210430414622,69.0,556.0
7670485-r2,7670485,K06900.01,2,0,official_kepler_false_positive,,not_transit,2.1162213762414646,4.0,0.01949177844847018,6.3059511927253755e-06,3091.0132116081295,3091.0132116081295,0.07875672580279697,53.42844204008369,-2.0875710869061592e-05,-0.02936273733942606,0.0006901047616049949,137.0,1097.0
7670485-r3,7670485,K06900.01,3,0,official_kepler_false_positive,,not_transit,1.4108584897059278,4.0,0.013049997795579846,5.26648276290635e-06,2477.9342082908674,2477.9342082908674,0.11813138446039746,0.18510992573847734,-4.046499644916324e-06,-0.006007053970137768,0.0006736246527885815,206.0,1652.0
7670485-r4,7670485,K06900.01,4,0,official_kepler_false_positive,,not_transit,1.0581604576391133,4.0,0.009892712467445077,4.678339667070177e-06,2114.577643234788,2114.577643234788,0.15750604311799798,1.120201552794631,-7.874917536732084e-06,-0.011465216159490728,0.000686852949581186,274.0,2194.0
7670485-r5,7670485,K06900.01,5,0,official_kepler_false_positive,,not_transit,0.8469978915472387,4.0,0.007933629435369932,4.283275317195983e-06,1852.2342945173152,1852.2342945173152,0.19677341387734887,0.018003522882605275,-5.596383104711222e-06,-0.008055200579209217,0.0006947540349467775,343.0,2753.0
10093664-r1,10093664,K07285.01,1,0,official_kepler_false_positive,,not_transit,1.2089910707765708,8.0,1.7215880859428662e-05,1.5584958969237008e-06,11.046471725341668,11.046471725341668,0.27571198943530945,0.05569813560100675,-1.3517279643715518e-05,-0.17763792740816528,7.609455841407315e-05,178.0,2830.0
10093664-r2,10093664,K07285.01,2,0,official_kepler_false_positive,,not_transit,2.415696873855249,8.0,1.7616833226830637e-05,2.0341423714245416e-06,8.660570407612765,8.660570407612765,0.13798640754183755,0.06713661653773585,1.351085022771592e-05,0.1742075907361588,7.755603628190001e-05,88.0,1394.0
10093664-r3,10093664,K07285.01,3,0,official_kepler_false_positive,,not_transit,3.6239438386825227,8.0,2.0323225029436754e-05,2.427617210714858e-06,8.371676119173745,8.371676119173745,0.09198082204676658,0.1921411111512185,-1.6400504242897185e-05,-0.2121881611681619,7.729226811056425e-05,59.0,941.0
10093664-r4,10093664,K07285.01,4,0,official_kepler_false_positive,,not_transit,2.511075130312898,8.0,1.6821844722322093e-05,2.0398880706538466e-06,8.2464547757908,8.2464547757908,0.13274526489050034,0.043749802722053886,5.9428139275174985e-06,0.07595917311551484,7.823694866293463e-05,86.0,1384.0
10093664-r5,10093664,K07285.01,5,0,official_kepler_false_positive,,not_transit,7.2502798970599205,8.0,2.6127961987230837e-05,3.3864062360932427e-06,7.715542721588414,7.715542721588414,0.045975236551695636,0.05472743240342432,1.3571525313227362e-05,0.17531011894544196,7.741438654462916e-05,28.0,454.0
11769801-r1,11769801,K02633.01,1,0,official_kepler_false_positive,,not_transit,14.887537483576624,8.0,0.00012908101690136404,3.1493872741063984e-06,40.98607305701686,40.98607305701686,0.022390091961216167,1.5251715698536703,-9.8135260588883e-06,-0.07060375366386969,8.955276554894044e-05,14.0,227.0
11769801-r2,11769801,K02633.01,2,0,official_kepler_false_positive,,not_transit,5.934752734812959,8.0,7.103434594472581e-05,1.963321769596795e-06,36.18069490428665,36.18069490428665,0.05616633889024843,0.061231528583562775,-1.1103705690462817e-05,-0.12394936262537899,8.958259611243295e-05,38.0,605.0
11769801-r3,11769801,K02633.01,3,0,official_kepler_false_positive,,not_transit,29.43221313450472,8.0,0.0001555226251889753,4.479617681923287e-06,34.71783447425874,34.71783447425874,0.011325459346533187,0.41517605058739204,5.26620113239229e-06,0.028719555451648206,8.970814035775671e-05,7.0,111.0
11769801-r4,11769801,K02633.01,4,0,official_kepler_false_positive,,not_transit,9.877743430806193,8.0,8.146854433325009e-05,2.5393044390670216e-06,32.083015758119515,32.083015758119515,0.03374589911839081,0.47499380866661456,3.228239656249965e-05,0.36353593293200087,8.88011160331104e-05,23.0,354.0
11769801-r5,11769801,K02633.01,5,0,official_kepler_false_positive,,not_transit,4.958032375136558,8.0,5.777139050595695e-05,1.8571338335212806e-06,31.107822959865835,31.107822959865835,0.06723097150493142,0.21120081915070207,-2.664000453878046e-05,-0.2983922936877309,8.927846027638825e-05,43.0,683.0
6205384-r1,6205384,K05250.01,1,0,official_kepler_false_positive,,not_transit,3.698086521844353,8.0,4.182418886800013e-05,4.843343427768386e-06,8.635396083665906,8.635396083665906,0.09013670485110484,0.017401109479487406,-6.052955534352478e-06,-0.03369092279917582,0.00017966131620771608,80.0,1255.0
6205384-r2,6205384,K05250.01,2,0,official_kepler_false_positive,,not_transit,31.65849308163859,8.0,0.0001120301711898214,1.3829665235141433e-05,8.100714607693517,8.100714607693517,0.010529033472116246,0.16283019660959874,-7.110724615788655e-06,-0.03939787798588431,0.00018048496465561736,9.0,145.0
6205384-r3,6205384,K05250.01,3,0,official_kepler_false_positive,,not_transit,3.962189049753996,8.0,3.513829783868217e-05,5.038385893574141e-06,6.974118017339019,6.974118017339019,0.08412857870929437,0.03049835692912067,-1.664845116922109e-05,-0.09280963906359155,0.0001793827811119259,74.0,1158.0
6205384-r4,6205384,K05250.01,4,0,official_kepler_false_positive,,not_transit,3.4136614807925327,8.0,3.265515585281102e-05,4.72610659101453e-06,6.9095258906975054,6.9095258906975054,0.09764686252836792,0.11458942233875499,9.726261654185997e-06,0.05409170019513965,0.0001798106108533808,85.0,1326.0
6205384-r5,6205384,K05250.01,5,0,official_kepler_false_positive,,not_transit,11.852163682689028,4.0,7.850768512615175e-05,1.154788480817132e-05,6.7984471987977795,6.7984471987977795,0.014062130015137725,0.2555924536694953,-4.423102905759535e-05,-0.24523367911310437,0.00018036278384583356,25.0,203.0
3858884-r1,3858884,K06371.01,1,0,official_kepler_false_positive,,not_transit,2.8843396010108298,8.0,0.0771182068101133,4.744560224371935e-07,162540.263297684,162540.263297684,0.11556660429878478,0.13724445098686658,-0.000580867428840115,-0.05535769241334757,0.010492984868351542,75.0,1177.0
3858884-r2,3858884,K06371.01,2,0,official_kepler_false_positive,,not_transit,1.9947560646556555,8.0,0.058205417646833395,4.098474925802544e-07,142017.2593478436,142017.2593478436,0.16710481007655187,0.12686310935668652,-0.000775297617135795,-0.0731271201109091,0.010602053191209099,108.0,1710.0
3858884-r3,3858884,K06371.01,3,0,official_kepler_false_positive,,not_transit,6.5083013222323896,8.0,0.08254740304102513,6.755153965512654e-07,122199.1437389252,122199.1437389252,0.05121664115253315,0.1265675202241657,-0.0007842831169306841,-0.07503718158944031,0.010451926635808682,33.0,534.0
3858884-r4,3858884,K06371.01,4,0,official_kepler_false_positive,,not_transit,26.07962668987273,8.0,0.14646876614458681,1.3030342084209e-06,112405.92549146274,112405.92549146274,0.012781369047079716,3.0668778153558303,0.0007486804441225736,0.015597300152367962,0.010624858167618205,8.0,128.0
3858884-r5,3858884,K06371.01,5,0,official_kepler_false_positive,,not_transit,1.5265881616548334,8.0,0.04167460398117922,3.726620739213851e-07,111829.4747374016,111829.4747374016,0.21835183955048978,0.060121191041781236,-0.0007848532028786881,-0.07398743955553652,0.01060792490716699,140.0,2237.0
4732015-r1,4732015,K05076.01,1,0,official_kepler_false_positive,,not_transit,0.9391931793256755,4.0,0.006736201034440069,5.910713090389009e-07,11396.596199861786,11396.596199861786,0.1774572796475486,0.014517370434644843,0.000990208107107371,0.14617562116475272,0.001425376137509579,230.0,1832.0
4732015-r2,4732015,K05076.01,2,0,official_kepler_false_positive,,not_transit,1.877007251352444,2.0,0.008831923047369818,1.0868550362517345e-06,8126.127912907966,8126.127912907966,0.04439691603390929,0.01631661323906641,0.01001020661741192,0.9824822954104236,0.001668191563527004,115.0,465.0
4732015-r3,4732015,K05076.01,3,0,official_kepler_false_positive,,not_transit,3.754657409645282,2.0,0.009734680847815836,1.5328566522991069e-06,6350.679193135866,6350.679193135866,0.022194656993008096,0.050600345841603805,0.010442880562339663,0.9696155831467387,0.0017795184078555552,57.0,228.0
4732015-r4,4732015,K05076.01,4,0,official_kepler_false_positive,,not_transit,4.69372368212502,2.0,0.009842120360338442,1.7163070011894547e-06,5734.475448458547,5734.475448458547,0.017754205184827856,0.0015618170286122413,0.001151615841997633,0.10606193882962883,0.0018598535950550344,45.0,181.0
4732015-r5,4732015,K05076.01,5,0,official_kepler_false_positive,,not_transit,1.4082724138308909,2.0,0.005439905360026349,9.611802822911816e-07,5659.609815402325,5659.609815402325,0.059174157297197626,1.7679079429041125,-0.0007282840598461515,-0.129071580997764,0.0018430110637143134,151.0,605.0
10490960-r1,10490960,K07335.01,1,0,official_kepler_false_positive,,not_transit,5.6888696179612515,8.0,0.0702197761547376,8.965443202563553e-06,7832.270482139595,7832.270482139595,0.058593948485110764,0.34000393321739614,-0.0003357913151431635,-0.00966130805776279,0.0016063663564901806,51.0,809.0
10490960-r2,10490960,K07335.01,2,0,official_kepler_false_positive,,not_transit,2.839594623178766,8.0,0.05030121056616703,6.6003383966365055e-06,7621.004794511784,7621.004794511784,0.11738764773409292,0.21529366487402934,-0.0001909083629070274,-0.060199577740198094,0.0017461328924849953,102.0,1608.0
10490960-r3,10490960,K07335.01,3,0,official_kepler_false_positive,,not_transit,0.6314678113227299,4.0,0.03294794581492719,4.81990975325413e-06,6835.801394970643,6835.801394970643,0.26393533237672323,0.009932088431955241,-7.441841023392293e-05,-0.043301196712651244,0.0017186224835255006,459.0,3670.0
10490960-r4,10490960,K07335.01,4,0,official_kepler_false_positive,,not_transit,1.8942970346539394,4.0,0.04680657910380284,7.442168943551705e-06,6289.37336129121,6289.37336129121,0.0879833857191854,0.1770834161257058,0.0002119222206320437,0.12265643320391652,0.0017277709378661179,153.0,1230.0
10490960-r5,10490960,K07335.01,5,0,official_kepler_false_positive,,not_transit,0.5166008486471528,4.0,0.026475381852710256,4.5499441573439016e-06,5818.8366575834325,5818.8366575834325,0.32262174385335324,0.027941525784091186,-0.00013716751789738524,-0.07900903127715699,0.0017360992241027891,559.0,4491.0
4073730-r1,4073730,K03785.01,1,0,official_kepler_false_positive,,not_transit,3.1372887315634292,8.0,0.0006551010466058787,1.2389056519614673e-06,528.7739591539565,528.7739591539565,0.10624885429885847,0.16778252451203618,2.9212614993667785e-08,6.868432040722021e-05,0.00021786227953426746,69.0,1114.0
4073730-r2,4073730,K03785.01,2,0,official_kepler_false_positive,,not_transit,1.5705719028825853,4.0,0.0004946068915175872,1.250532871977134e-06,395.5169053138101,395.5169053138101,0.10611845682504008,2.9843388335658214,-5.542765818766782e-06,-0.022289836360849125,0.00022138911187474897,135.0,1090.0
4073730-r3,4073730,K03785.01,3,0,official_kepler_false_positive,,not_transit,6.293624814711939,8.0,0.000539389441602735,1.7056056592913255e-06,316.2451054640906,316.2451054640906,0.052963648636018996,0.028453328832112348,0.00026759872465675905,0.7409653723381205,0.00021992101396553295,34.0,554.0
4073730-r4,4073730,K03785.01,4,0,official_kepler_false_positive,,not_transit,15.704405872270014,4.0,0.0010371880257876382,3.5561456407516864e-06,291.6607278121491,291.6607278121491,0.010612733014049108,0.24490077500700663,-1.1031708142761332e-05,-0.013998860806892045,0.0002316256725555806,15.0,122.0
4073730-r5,4073730,K03785.01,5,0,official_kepler_false_positive,,not_transit,1.0465194131972768,8.0,0.00023648203034658092,8.256432027577177e-07,286.42157963235337,286.42157963235337,0.3185161489885305,0.11914533523195214,-1.2889728856047e-05,-0.05922808864283421,0.0002176286480182825,206.0,3287.0
7199724-r1,7199724,K07822.01,1,0,official_kepler_false_positive,,not_transit,5.264707240378653,8.0,4.324267234448181e-05,7.667380110987441e-06,5.639823736208744,5.639823736208744,0.06331469502744069,0.05648610309609355,5.384802964858437e-06,0.0227561600772278,0.00023663056273923102,55.0,884.0
7199724-r2,7199724,K07822.01,2,0,official_kepler_false_positive,,not_transit,13.500174250259436,8.0,7.056491264447941e-05,1.262499870631833e-05,5.589300584178623,5.589300584178623,0.024691039326912953,0.09510104252256908,1.0275816648697145e-06,0.004339442360910777,0.00023680039493692966,20.0,313.0
7199724-r3,7199724,K07822.01,3,0,official_kepler_false_positive,,not_transit,5.606732929989697,8.0,4.2869103372990586e-05,7.995260751222925e-06,5.36181429310276,5.36181429310276,0.05945232945738792,0.015621311020945862,3.942501647147267e-06,0.016540214362971116,0.00023835855815589784,51.0,809.0
7199724-r4,7199724,K07822.01,4,0,official_kepler_false_positive,,not_transit,5.92764452317686,2.0,8.420504059696242e-05,1.57509245721552e-05,5.346037955500199,5.346037955500199,0.014058422870585986,0.2185547313017678,-1.680558369376861e-05,-0.0709434523008163,0.00023688702972205427,50.0,198.0
7199724-r5,7199724,K07822.01,5,0,official_kepler_false_positive,,not_transit,28.209172598881093,4.0,0.00013932822939787296,2.6148312818851742e-05,5.328383148966447,5.328383148966447,0.0059082437133685176,0.264704528444581,3.448118030291436e-05,0.14544653720710224,0.0002370711669389309,9.0,71.0
5732636-r1,5732636,K05195.01,1,0,official_kepler_false_positive,,not_transit,1.7587849807079914,8.0,0.000268259139363738,5.820397174727825e-07,460.8949034071415,460.8949034071415,0.1895247781790537,0.04181041381079956,-0.0002114585232555477,-0.7014593840050658,0.00030145512067740845,123.0,1972.0
5732636-r2,5732636,K05195.01,2,0,official_kepler_false_positive,,not_transit,3.5235478952387322,8.0,0.00024687609439613656,7.755036046597279e-07,318.3429360131212,318.3429360131212,0.09460161838122222,0.11431201236499175,0.00022555316474925924,0.7228638188510379,0.0003120271880639519,64.0,997.0
5732636-r3,5732636,K05195.01,3,0,official_kepler_false_positive,,not_transit,5.278046262652847,8.0,0.0002702940261642453,9.428751597857091e-07,286.6700043573913,286.6700043573913,0.06315468200648049,0.12466070517049797,-0.00020060680870104264,-0.6473588029756443,0.00030988504022643235,41.0,646.0
5732636-r4,5732636,K05195.01,4,0,official_kepler_false_positive,,not_transit,7.0277209140078165,8.0,0.00026509026451830526,1.0644531992304386e-06,249.03891003376756,249.03891003376756,0.047431213819109634,0.03439312413961256,0.00019962177852261842,0.6353104535399127,0.0003142113865911344,32.0,503.0
5732636-r5,5732636,K05195.01,5,0,official_kepler_false_positive,,not_transit,8.81311310677043,8.0,0.0002634978781348896,1.1857338539846902e-06,222.22345870398988,222.22345870398988,0.03782242770460522,0.03145887203553555,-0.00015800285509204315,-0.49703797675076183,0.0003178888988019384,25.0,400.0
10732401-r1,10732401,K07366.01,1,0,official_kepler_false_positive,,not_transit,5.2238773614173,8.0,0.0001861539215355246,9.527527935332446e-06,19.538533268969008,19.538533268969008,0.06380956333226322,0.023407191691916743,-0.00014939968256855174,-0.43589859670519765,0.0003427395355199828,54.0,877.0
10732401-r2,10732401,K07366.01,2,0,official_kepler_false_positive,,not_transit,15.741095395172882,8.0,0.00024910951072181983,1.5631956025706686e-05,15.935914245930599,15.935914245930599,0.02117599347219205,0.1369552256998886,-6.450625884535377e-05,-0.18616361906634005,0.00034650303409908864,19.0,306.0
10732401-r3,10732401,K07366.01,3,0,official_kepler_false_positive,,not_transit,5.151667097083751,8.0,0.00014527189216017528,9.599392543346265e-06,15.133446361756425,15.133446361756425,0.06470397388876821,0.018102366419593,-8.295188147666721e-05,-0.23728256451530053,0.00034959113682083576,54.0,857.0
10732401-r4,10732401,K07366.01,4,0,official_kepler_false_positive,,not_transit,10.349698617550942,8.0,0.0002035100947889041,1.3618711368828495e-05,14.94341786659147,14.94341786659147,0.032207057002420256,0.20324250574476233,0.0001313945113968762,0.3795344324091508,0.0003461991855727823,26.0,411.0
10732401-r5,10732401,K07366.01,5,0,official_kepler_false_positive,,not_transit,20.694079014478397,8.0,0.00025638086899113725,1.8470906924336294e-05,13.880253419140093,13.880253419140093,0.016107666985330445,0.06994893594672752,0.00012342295145595372,0.35600519326837626,0.00034668862642942043,14.0,225.0
9839081-r1,9839081,K06213.01,1,0,official_kepler_false_positive,,not_transit,2.5589408007997156,8.0,0.02035641276132228,6.310014047404683e-06,3226.0487232504497,3226.0487232504497,0.13026222929000958,0.030904001641522433,-0.009700383445096827,-0.4782218440838809,0.015708908046562074,114.0,1831.0
9839081-r2,9839081,K06213.01,2,0,official_kepler_false_positive,,not_transit,5.12574178301638,8.0,0.01770395935663071,8.438378979382721e-06,2098.028472042598,2098.028472042598,0.06503123790546748,0.008437868562856821,0.02224325412452366,1.0342073422811822,0.016180064991836846,59.0,954.0
9839081-r3,9839081,K06213.01,3,0,official_kepler_false_positive,,not_transit,7.687736566427087,8.0,0.01846915069086825,1.0381593322952351e-05,1779.0285283122548,1779.0285283122548,0.04335909932047159,0.11360904546124916,-0.012805773921114483,-0.5892517349820665,0.017066937895057022,39.0,615.0
9839081-r4,9839081,K06213.01,4,0,official_kepler_false_positive,,not_transit,2.59311303102614,8.0,0.010654158626607377,6.353546026106927e-06,1676.883835078725,1676.883835078725,0.12854562425357427,0.002605152271451894,-0.010915884282347132,-0.6369167697720709,0.0171386353765713,114.0,1807.0
9839081-r5,9839081,K06213.01,5,0,official_kepler_false_positive,,not_transit,2.6461176221615297,8.0,0.010774231733238495,6.508365171132721e-06,1655.4436405975878,1655.4436405975878,0.1259707166989213,0.14131936032425943,-0.008083358100525295,-0.47837097360034014,0.016897676796081316,108.0,1710.0
7204073-r1,7204073,K06847.01,1,0,official_kepler_false_positive,,not_transit,13.024343241877594,8.0,0.0018961809090205634,5.282974600890868e-06,358.9229652364428,358.9229652364428,0.025593101098683874,0.05453298821579648,-4.993448917445242e-05,-0.03702298665495402,0.0008198816945012893,14.0,225.0
7204073-r2,7204073,K06847.01,2,0,official_kepler_false_positive,,not_transit,26.079643379260308,8.0,0.002578592610892008,7.464416590734896e-06,345.4513262419799,345.4513262419799,0.012781360867779918,0.22587909627114475,0.0012548467827250276,0.7642276405936704,0.0008070819074225009,7.0,112.0
7204073-r3,7204073,K06847.01,3,0,official_kepler_false_positive,,not_transit,30.208818933425384,8.0,0.002409192373006461,9.170131922200745e-06,262.72167003114146,262.72167003114146,0.01103430538174756,0.36338732463000334,-0.0007242469686290498,-0.8766905693432477,0.0008261147022165443,5.0,73.0
7204073-r4,7204073,K06847.01,4,0,official_kepler_false_positive,,not_transit,47.90757040743043,8.0,0.00276909607307178,1.1319620177524215e-05,244.62800249870455,244.62800249870455,0.006957842581005393,10.964305954326631,-0.000978914105384865,-1.1797361724245998,0.0008297737479499299,3.0,49.0
7204073-r5,7204073,K06847.01,5,0,official_kepler_false_positive,,not_transit,37.05320054319189,8.0,0.00185959389314719,7.980178826937804e-06,233.02659419986495,233.02659419986495,0.008996073981376477,0.6322878661205252,9.084114578095104e-05,0.10897933009652211,0.0008335630775165692,6.0,98.0
10489539-r1,10489539,K03231.01,1,0,official_kepler_false_positive,,not_transit,28.69448766522128,8.0,0.00019514794550553927,5.724465790611465e-06,34.09015839095343,34.09015839095343,0.011616633034969463,0.9401895897784222,4.015700054804672e-05,0.20576564516674253,0.00014441058938594753,8.0,126.0
10489539-r2,10489539,K03231.01,2,0,official_kepler_false_positive,,not_transit,23.90166648719964,8.0,0.0001647888933127254,5.5539648663195406e-06,29.670496173290786,29.670496173290786,0.01394602897299431,0.11177658555108361,-3.4979541455815166e-05,-0.23943896399823925,0.00014608959574379212,9.0,135.0
10489539-r3,10489539,K03231.01,3,0,official_kepler_false_positive,,not_transit,4.257370381095528,8.0,6.499315482800856e-05,2.3033102553061974e-06,28.21728192208674,28.21728192208674,0.07829559176093066,0.05795957114068335,-1.3122796579390084e-05,-0.08979551948800184,0.0001461408838014853,53.0,844.0
10489539-r4,10489539,K03231.01,4,0,official_kepler_false_positive,,not_transit,4.75221662304595,8.0,6.798599887881182e-05,2.445086989923539e-06,27.805145239817353,27.805145239817353,0.0701427059778437,0.06804422099151612,-6.937861973477233e-05,-0.4817299613435365,0.00014401973159667412,47.0,740.0
10489539-r5,10489539,K03231.01,5,0,official_kepler_false_positive,,not_transit,14.328528301787696,8.0,0.00011950143319039025,4.311949258807556e-06,27.71401656601072,27.71401656601072,0.02326361272509369,1.0126998270810859,-5.563335816449744e-05,-0.3839658096864973,0.00014489143762545236,15.0,226.0
10551346-r1,10551346,K05804.01,1,0,official_kepler_false_positive,,not_transit,1.4277167297603615,8.0,0.007526578960769279,3.244203761153918e-06,2320.0080866968046,2320.0080866968046,0.23347301771079088,0.008709485422812068,0.0012407549849189348,0.14549437017786215,0.006190077096915565,204.0,3252.0
10551346-r2,10551346,K05804.01,2,0,official_kepler_false_positive,,not_transit,0.7138810294343106,8.0,0.004828106392563273,2.7540324882613676e-06,1753.1043708243533,1753.1043708243533,0.46693121064930293,1.1280148837931705,-0.0021178071292604628,-0.3372505907081803,0.006279624669636178,408.0,6512.0
10551346-r3,10551346,K05804.01,3,0,official_kepler_false_positive,,not_transit,2.8552521603560863,8.0,0.006534251288503719,4.233362623979666e-06,1543.5132467723852,1543.5132467723852,0.1167439212415349,0.06295745933594142,0.008126621079139418,1.0010662523267648,0.005822864473012908,105.0,1660.0
10551346-r4,10551346,K05804.01,4,0,official_kepler_false_positive,,not_transit,1.4793830784875683,8.0,0.00444346970728347,3.2824450179726228e-06,1353.7072770309326,1353.7072770309326,0.22531914700154143,0.0029785224269422562,-0.0030708908759108366,-0.46908424760840695,0.00654656576418321,196.0,3148.0
10551346-r5,10551346,K05804.01,5,0,official_kepler_false_positive,,not_transit,5.709779262170157,8.0,0.0061815095608952625,5.7850833291997125e-06,1068.5255871241513,1068.5255871241513,0.05837937300690691,0.09408153854448024,0.007158863011625716,0.9369006247803197,0.006427395183462051,53.0,834.0
6046311-r1,6046311,K06654.01,1,0,official_kepler_false_positive,,not_transit,0.5500756231237279,2.0,0.0076513264694998955,2.8778475249416387e-06,2658.6976562127143,2658.6976562127143,0.15149432156274492,0.12172807427457052,-0.006538021728351495,-0.7507178655303746,0.008709026424637502,526.0,2113.0
6046311-r2,6046311,K06654.01,2,0,official_kepler_false_positive,,not_transit,0.7334281882706937,2.0,0.007977471266705302,3.2457315208140792e-06,2457.8346100248086,2457.8346100248086,0.11362166694168109,0.006037172603090331,0.009958292804068014,0.9757363962772633,0.007448603312630467,394.0,1590.0
6046311-r3,6046311,K06654.01,3,0,official_kepler_false_positive,,not_transit,0.9576975470412991,8.0,0.004749182745001755,2.171288785026897e-06,2187.264438407222,2187.264438407222,0.3480569981233949,0.004345611339177144,-0.0031568609552566906,-0.3276420358671022,0.009635091379230633,307.0,4840.0
6046311-r4,6046311,K06654.01,4,0,official_kepler_false_positive,,not_transit,1.100124355161417,2.0,0.007585570557057589,3.885189017990197e-06,1952.4328216549925,1952.4328216549925,0.07574901232061729,0.017733820708825995,0.00808638474668033,0.8910450911736688,0.008387831578605556,264.0,1064.0
6046311-r5,6046311,K06654.01,5,0,official_kepler_false_positive,,not_transit,0.9169942332211357,2.0,0.006077264378163476,3.612876201009802e-06,1682.1125441455413,1682.1125441455413,0.09087661657435665,0.11158325150601393,-0.005999516401807625,-0.6696608019083549,0.008959037746737755,312.0,1250.0
4476423-r1,4476423,K02481.01,1,0,official_kepler_false_positive,,not_transit,4.490168929850312,8.0,0.00018229896273788622,4.891009506139459e-06,37.27225688460731,37.27225688460731,0.07423625670681516,0.10601593105509517,-3.266513892818956e-05,-0.07181473735310273,0.0004548528635227025,66.0,1045.0
4476423-r2,4476423,K02481.01,2,0,official_kepler_false_positive,,not_transit,6.793332683975645,8.0,0.0002125290276472291,5.89538831410283e-06,36.05004731220527,36.05004731220527,0.04906771813481354,0.016756361832785137,1.3751486732105356e-05,0.03002780001714154,0.00045795851591709155,44.0,703.0
4476423-r3,4476423,K02481.01,3,0,official_kepler_false_positive,,not_transit,43.36318163144487,8.0,0.0004832220523618291,1.5128934952710609e-05,31.940255799384715,31.940255799384715,0.007687012824991057,0.2910714785318405,-0.00010573224347587562,-0.21713657526573663,0.0004604320416597111,7.0,101.0
4476423-r4,4476423,K02481.01,4,0,official_kepler_false_positive,,not_transit,18.992963785702575,8.0,0.0003101007246287608,9.719622852353945e-06,31.904604668241745,31.904604668241745,0.01755035902212683,0.17010461715020148,-3.1566389591564104e-05,-0.06847815771867652,0.0004609701931708771,16.0,250.0
4476423-r5,4476423,K02481.01,5,0,official_kepler_false_positive,,not_transit,16.916675563859247,8.0,0.0003047883557622741,9.919288054246078e-06,30.726837863308702,30.726837863308702,0.019704423134144985,0.684558605525205,-5.501571033739161e-05,-0.11910440628199928,0.00046191162908895965,15.0,239.0
7031340-r1,7031340,K07804.01,1,0,official_kepler_false_positive,,not_transit,41.906993304725376,8.0,0.00041625728110332953,1.918002699815861e-05,21.702643126795,21.702643126795,0.007954121902984319,0.7880339470980677,3.312613644412821e-05,0.09849842550109278,0.00031505532836680484,8.0,125.0
7031340-r2,7031340,K07804.01,2,0,official_kepler_false_positive,,not_transit,23.873904330069514,8.0,0.0003225340322102746,1.5605816957342183e-05,20.667551919384117,20.667551919384117,0.013962246339133367,0.22830259505216569,4.903098656772187e-05,0.15596431663767799,0.00031437310549454827,12.0,188.0
7031340-r3,7031340,K07804.01,3,0,official_kepler_false_positive,,not_transit,28.730897185381483,8.0,0.00032276552596093515,1.5908722182266917e-05,20.28858900564084,20.28858900564084,0.01160191173921767,0.15337791551715757,7.327173630555794e-05,0.23232544034626484,0.00031538404143924807,11.0,179.0
7031340-r4,7031340,K07804.01,4,0,official_kepler_false_positive,,not_transit,36.92625308111138,8.0,0.00037960840072666705,1.909192181633661e-05,19.88319480765122,19.88319480765122,0.009027001266582362,0.5868433365955905,-2.419542131537611e-06,-0.007641587109805884,0.0003166282209140548,8.0,126.0
7031340-r5,7031340,K07804.01,5,0,official_kepler_false_positive,,not_transit,17.841612174402822,8.0,0.000253479105284363,1.2924236698588637e-05,19.612694443459368,19.612694443459368,0.01868291553896476,0.8992934543642109,-1.327299305509122e-05,-0.042037119977065204,0.00031574458626882046,17.0,277.0
5471690-r1,5471690,K04006.01,1,0,official_kepler_false_positive,,not_transit,26.079661513235784,8.0,0.00012850365575613732,9.801945207896622e-06,13.11001571939134,13.11001571939134,0.012781351980514092,0.5335062259255764,-1.324792232204608e-05,-0.11361398579498767,0.0001166046788108594,7.0,114.0
5471690-r2,5471690,K04006.01,2,0,official_kepler_false_positive,,not_transit,34.80044500214495,4.0,0.00021226920757845216,1.6301808357146494e-05,13.0212061709949,13.0212061709949,0.0047892107890112915,1.0516035367510708,-9.60740125011128e-06,-0.08244256152575942,0.00011653448258166287,5.0,41.0
5471690-r3,5471690,K04006.01,3,0,official_kepler_false_positive,,not_transit,38.292630678178064,4.0,0.00025718023133231607,1.982084102896053e-05,12.975243126996787,12.975243126996787,0.004352447552307904,6.010635306978234,-1.7674439483528204e-05,-0.15167777412603212,0.000116526231910828,4.0,28.0
5471690-r4,5471690,K04006.01,4,0,official_kepler_false_positive,,not_transit,32.805904408876565,4.0,0.0001588248792938722,1.3847459036063389e-05,11.469604559236421,11.469604559236421,0.005080386280146883,0.633608247919498,5.4194374056626415e-05,0.4649720972746051,0.00011655403490721743,7.0,57.0
5471690-r5,5471690,K04006.01,5,0,official_kepler_false_positive,,not_transit,42.563867062132175,4.0,0.00018398688349071868,1.607803635517885e-05,11.443367798546817,11.443367798546817,0.0039156843156045165,0.4689863937815436,3.178123961178336e-05,0.27217547786834445,0.00011676746142118081,5.0,42.0
9541094-r1,9541094,K07944.01,1,0,official_kepler_false_positive,,not_transit,29.272297057667032,8.0,0.0001292649754661489,1.2201566162062008e-05,10.594129782131487,10.594129782131487,0.011387330918262401,0.6788491883341154,1.0785023673576255e-05,0.06065487804905081,0.00017780966709478085,10.0,158.0
9541094-r2,9541094,K07944.01,2,0,official_kepler_false_positive,,not_transit,45.59718000332407,1.0,0.0005211343797145795,5.498921116805999e-05,9.47702955988712,9.47702955988712,0.0009137992012582606,7.4037115050993005,-0.00010969800894322645,-0.6168703007809215,0.0001778299405958679,4.0,8.0
9541094-r3,9541094,K07944.01,3,0,official_kepler_false_positive,,not_transit,48.440865486245826,8.0,0.0001460814476486379,1.5597285018581758e-05,9.365825364773704,9.365825364773704,0.006881242314466473,0.33275937550317397,-6.85031678893111e-06,-0.038468136399373874,0.00017807768792882332,6.0,96.0
9541094-r4,9541094,K07944.01,4,0,official_kepler_false_positive,,not_transit,14.64567983112873,8.0,7.766168571836601e-05,8.947325488883145e-06,8.679877111306496,8.679877111306496,0.022759840251652123,0.43164422873520225,-1.3117989506428174e-05,-0.07377676127711921,0.00017780652443056654,20.0,297.0
9541094-r5,9541094,K07944.01,5,0,official_kepler_false_positive,,not_transit,36.06889015372135,8.0,0.00011430425682153651,1.3448020893653707e-05,8.499708449700442,8.499708449700442,0.00924157444026434,0.4068841178528737,4.744750490948135e-06,0.026677291460869564,0.00017785727977323967,8.0,129.0
10934313-r1,10934313,K03121.01,1,0,official_kepler_false_positive,,not_transit,1.924810069251672,8.0,7.521085033474571e-05,7.264901478778485e-06,10.352631836019283,10.352631836019283,0.1731772597505824,0.07466018443431104,-5.788627380765021e-05,-0.15733977514410769,0.00036790616838388196,154.0,2438.0
10934313-r2,10934313,K03121.01,2,0,official_kepler_false_positive,,not_transit,4.554662808848249,8.0,9.73639205188374e-05,1.0510538158695374e-05,9.263457213015126,9.263457213015126,0.07318507369761237,0.03159182699797922,-4.113301152330884e-05,-0.11164048379251064,0.00036844171689327836,65.0,1035.0
10934313-r3,10934313,K03121.01,3,0,official_kepler_false_positive,,not_transit,13.500190713306267,8.0,0.00016143913760852,1.7771750533348693e-05,9.08403127230373,9.08403127230373,0.024691009216987442,0.10258089657852447,-6.785018561528133e-05,-0.18437523810907,0.0003680005314767025,22.0,348.0
10934313-r4,10934313,K03121.01,4,0,official_kepler_false_positive,,not_transit,3.8540655711054623,8.0,8.607708429628199e-05,9.762111797849718e-06,8.817465531919234,8.817465531919234,0.08648875510380152,0.1355594030445,7.755765452344132e-05,0.2112253835872777,0.00036717961263114354,76.0,1223.0
10934313-r5,10934313,K03121.01,5,0,official_kepler_false_positive,,not_transit,9.644648002478467,8.0,0.00012727511844887044,1.5581471018082138e-05,8.168363455617827,8.168363455617827,0.03456148251835358,0.1411956606923251,-2.4165748206295135e-05,-0.0656533977558038,0.0003680806939524904,28.0,450.0
12736658-r1,12736658,K05980.01,1,0,official_kepler_false_positive,,not_transit,0.8553949099108602,2.0,0.00404995048839352,4.895990300446777e-06,827.1974084638091,827.1974084638091,0.0974208898928536,0.01972547153568728,0.003374585202746694,0.7211907683854312,0.0003105590796893619,340.0,1372.0
12736658-r2,12736658,K05980.01,2,0,official_kepler_false_positive,,not_transit,1.7107247038623572,2.0,0.003930450170625516,6.7446524225786255e-06,582.7505888172693,582.7505888172693,0.04871229903045711,0.0033016205575051856,0.004590326706567227,0.9838840172157112,0.00037185621537658023,169.0,686.0
12736658-r3,12736658,K05980.01,3,0,official_kepler_false_positive,,not_transit,1.2827147957074474,2.0,0.0030822018897136766,5.878230416305536e-06,524.3417953069691,524.3417953069691,0.06496637725876783,0.3398256592458357,-0.00029064254201083273,-0.07884411397147076,0.0004092539817297285,227.0,918.0
12736658-r4,12736658,K05980.01,4,0,official_kepler_false_positive,,not_transit,3.4211889736262657,2.0,0.003925183216656038,9.42369424392442e-06,416.5227685720657,416.5227685720657,0.024358003599258868,0.007302477790965789,0.004629899659536196,0.9972281265198147,0.0004086640771490657,84.0,343.0
12736658-r5,12736658,K05980.01,5,0,official_kepler_false_positive,,not_transit,2.9927734268999675,2.0,0.002780324223593146,8.820040717637173e-06,315.22804855463016,315.22804855463016,0.027844852064077993,0.4017481911942525,-0.0002810609990588908,-0.07886346943977424,0.00043835619247179695,96.0,392.0
1293031-r1,1293031,K04162.01,1,0,official_kepler_false_positive,,not_transit,1.0780524603457395,8.0,0.00014550663907661948,2.493757692050586e-06,58.348346970699936,58.348346970699936,0.309199547883255,0.09233784891943253,-0.00010893798307010094,-0.5572195770930691,0.00019550279198447053,201.0,3167.0
1293031-r2,1293031,K04162.01,2,0,official_kepler_false_positive,,not_transit,2.1563169531477433,8.0,0.00013157596303382162,3.194594258536657e-06,41.187065519266426,41.187065519266426,0.15458457201606693,0.001321646592775814,0.00014432544667730696,0.6943615635685589,0.0002078534502047747,100.0,1579.0
1293031-r3,1293031,K04162.01,3,0,official_kepler_false_positive,,not_transit,3.234793540966303,8.0,0.00013334360964747884,3.7464963995006386e-06,35.59154885755446,35.59154885755446,0.10304624672700423,0.10607384660283516,-0.000113142973421132,-0.5331769170554448,0.0002122053108487559,68.0,1088.0
1293031-r4,1293031,K04162.01,4,0,official_kepler_false_positive,,not_transit,6.471496500493511,8.0,0.00013164334101012332,5.153978317995165e-06,25.54208281212386,25.54208281212386,0.051507921437941535,0.030633809429840984,0.00011732594633684368,0.5439503371045062,0.00021569238648031666,34.0,544.0
1293031-r5,1293031,K04162.01,5,0,official_kepler_false_positive,,not_transit,0.5395077660794148,4.0,6.238968318964006e-05,2.4918983160908892e-06,25.037010052445684,25.037010052445684,0.3089235728297812,0.5192192065867975,-4.590499076417842e-07,-0.002046756795391606,0.00022428160916595575,398.0,3175.0
10535926-r1,10535926,K08023.01,1,0,official_kepler_false_positive,,not_transit,32.317119065228276,8.0,0.0001778406496917055,2.5115274612816674e-05,7.080975718296584,7.080975718296584,0.010314450760927652,0.5413114572394322,-5.252190588822536e-05,-0.16253722255569328,0.0003231377100111869,9.0,145.0
10535926-r2,10535926,K08023.01,2,0,official_kepler_false_positive,,not_transit,30.418683892974418,8.0,0.00018713191050881883,2.9436157765395468e-05,6.357212513951369,6.357212513951369,0.01095817736579724,0.29990815681939537,-2.916294701615918e-05,-0.09024586274486918,0.0003231499608863477,8.0,107.0
10535926-r3,10535926,K08023.01,3,0,official_kepler_false_positive,,not_transit,3.311781880369979,8.0,5.16579213599272e-05,8.566441596696661e-06,6.030265983468236,6.030265983468236,0.10065075097762617,0.03141913410276363,-2.2188909682974156e-06,-0.0068484955722434605,0.0003239968464447063,88.0,1377.0
10535926-r4,10535926,K08023.01,4,0,official_kepler_false_positive,,not_transit,35.25043299229614,8.0,0.00014664567419549006,2.484181341152932e-05,5.9031791184547915,5.9031791184547915,0.009456148621101538,0.47835646511657,-6.818587805490495e-08,-0.00021155296085981388,0.00032231114978385246,9.0,148.0
10535926-r5,10535926,K08023.01,5,0,official_kepler_false_positive,,not_transit,10.782705095442957,8.0,8.667631732683112e-05,1.476519150949222e-05,5.870314467042896,5.870314467042896,0.030913702116754392,0.12981020972080753,-2.512241895247236e-05,-0.07754445579026083,0.00032397440534527035,27.0,424.0
5476671-r1,5476671,K04598.02,1,0,official_kepler_false_positive,,not_transit,0.8240819652055753,2.0,0.00014661079098166199,8.441701193534227e-06,17.367446160491436,17.367446160491436,0.10112262718010703,0.08984559555273804,0.00013544211107685555,0.3875215706533716,0.00034950857277053397,351.0,1415.0
5476671-r2,5476671,K04598.02,2,0,official_kepler_false_positive,,not_transit,0.6181491124154411,1.0,0.00013349633076447628,1.0137917036021972e-05,13.168023597957855,13.168023597957855,0.06740552696719498,0.43736251726090214,-5.803438337070865e-05,-0.16356535135789932,0.00035480853914911914,466.0,945.0
5476671-r3,5476671,K04598.02,3,0,official_kepler_false_positive,,not_transit,2.0600917578268487,2.0,0.0001614429112399058,1.2881540471772215e-05,12.532888562022647,12.532888562022647,0.0404512726274096,0.0629874339685463,-1.8962658190346815e-06,-0.005357221393062463,0.00035396443042102436,141.0,569.0
5476671-r4,5476671,K04598.02,4,0,official_kepler_false_positive,,not_transit,1.2367563840874503,2.0,0.00011643217298234752,1.0150290847973087e-05,11.470821351449045,11.470821351449045,0.06738055643417716,0.0809019715587448,-2.7839965155429525e-07,-0.0007848026043338777,0.0003547384399808337,234.0,943.0
5476671-r5,5476671,K04598.02,5,0,official_kepler_false_positive,,not_transit,1.4422951072722698,1.0,0.000157506950820331,1.515977365758521e-05,10.38979567755764,10.38979567755764,0.028889140964686793,0.2113830383958792,-5.0951796858988985e-05,-0.14399179973891132,0.0003538520731831657,201.0,406.0
7031942-r1,7031942,K04420.01,1,0,official_kepler_false_positive,,not_transit,17.84161215309769,8.0,0.0001378763971641516,9.205253495122845e-06,14.978011983830939,14.978011983830939,0.018682915561274514,0.8184337882704404,-3.8467447201817606e-05,-0.19424885136912454,0.0001980317872187528,17.0,272.0
7031942-r2,7031942,K04420.01,2,0,official_kepler_false_positive,,not_transit,29.834466440642245,8.0,0.00018777304687910159,1.3321147934734617e-05,14.095860792108407,14.095860792108407,0.01117276000214461,0.6269918607125492,-1.1907404696032131e-05,-0.05994713272262232,0.0001986317636095816,8.0,130.0
7031942-r3,7031942,K04420.01,3,0,official_kepler_false_positive,,not_transit,17.057960018590837,8.0,0.00011410625065312393,9.12690313738504e-06,12.502187098461599,12.502187098461599,0.019541219053746502,0.1952355868283073,-1.4141617426854936e-05,-0.07096055121664681,0.00019928843821519554,17.0,276.0
7031942-r4,7031942,K04420.01,4,0,official_kepler_false_positive,,not_transit,17.440987830884346,8.0,0.00011324283562702475,9.1407272126185e-06,12.388821260380292,12.388821260380292,0.019112067307510507,0.03856543287109219,-2.4093112247713933e-05,-0.12113602222121227,0.000198893044413464,17.0,275.0
7031942-r5,7031942,K04420.01,5,0,official_kepler_false_positive,,not_transit,35.250416604617534,8.0,0.00015539537016790765,1.2729167604765881e-05,12.207818687981344,12.207818687981344,0.009456153017200632,0.980293977948373,-3.3187218084540504e-05,-0.16733374717167027,0.0001983294980569175,9.0,143.0
10646620-r1,10646620,K07352.01,1,0,official_kepler_false_positive,,not_transit,2.4055307753862185,8.0,6.969229317501725e-05,3.429709849510677e-06,20.320171744254218,20.320171744254218,0.13856955676645424,0.06373714417910802,-5.175062657492013e-05,-0.28931122884974286,0.0001788752782969147,91.0,1433.0
10646620-r2,10646620,K07352.01,2,0,official_kepler_false_positive,,not_transit,2.4466601317998298,8.0,6.880842313421294e-05,3.4616647140638057e-06,19.87726392295099,19.87726392295099,0.13624014590376485,0.08053203075497384,-1.1465420696188389e-05,-0.06543508206179685,0.0001752182519670481,88.0,1402.0
10646620-r3,10646620,K07352.01,3,0,official_kepler_false_positive,,not_transit,17.112949798513824,8.0,0.00016937638983668924,8.629266398495228e-06,19.62813314770594,19.62813314770594,0.019478426411458395,0.07615127693166016,-5.417285455577847e-05,-0.3040864336951764,0.00017814952774276884,13.0,199.0
10646620-r4,10646620,K07352.01,4,0,official_kepler_false_positive,,not_transit,7.343256351310791,8.0,9.395222209730893e-05,5.621220421775474e-06,16.713847714164878,16.713847714164878,0.045393122258878024,0.11718782884466382,-1.0538900268253215e-05,-0.0590269191036549,0.00017854396652053375,31.0,482.0
10646620-r5,10646620,K07352.01,5,0,official_kepler_false_positive,,not_transit,18.201289278966833,8.0,0.0001454356947574211,8.818138548348546e-06,16.4927885811749,16.4927885811749,0.018313720980113694,0.11503866759047016,-2.062931364554821e-05,-0.11489644314408172,0.0001795470171315814,12.0,190.0
6584167-r1,6584167,K06732.01,1,0,official_kepler_false_positive,,not_transit,45.597175913095775,8.0,8.504160742302193e-05,1.2437705967682696e-05,6.83740294584776,6.83740294584776,0.007310394265834302,0.022364580822200508,-1.7576255209927893e-05,-0.12359096224150878,0.00014221311082263587,7.0,113.0
6584167-r2,6584167,K06732.01,2,0,official_kepler_false_positive,,not_transit,30.41866549257882,8.0,8.103318677301747e-05,1.271139325549553e-05,6.374846969507793,6.374846969507793,0.010958183994450905,0.8633638066185573,1.2558251220595729e-05,0.08852075997452527,0.00014186786494162245,7.0,108.0
6584167-r3,6584167,K06732.01,3,0,official_kepler_false_positive,,not_transit,2.203262405795616,8.0,1.978432902158367e-05,3.128872168402227e-06,6.3231503100002415,6.3231503100002415,0.15129080061299552,0.01140085566575768,-9.048266353506307e-06,-0.06346098647881333,0.00014257998268790072,134.0,2090.0
6584167-r4,6584167,K06732.01,4,0,official_kepler_false_positive,,not_transit,21.85835160242186,8.0,5.5869140758173424e-05,8.8903114187778e-06,6.284272634158642,6.284272634158642,0.015249701322235144,0.43611558021026625,9.757469411231234e-06,0.06890066911456443,0.00014161646812176852,14.0,223.0
6584167-r5,6584167,K06732.01,5,0,official_kepler_false_positive,,not_transit,29.272284695731646,8.0,6.103661966866767e-05,1.0040490817870522e-05,6.0790474067295515,6.0790474067295515,0.01138733572722933,0.13840782724947984,1.1743836960009801e-05,0.08277920301249396,0.00014186941324184155,11.0,176.0
7770471-r1,7770471,K03706.01,1,0,official_kepler_false_positive,,not_transit,1.15764381742691,2.0,0.45519853306015207,6.034864522792469e-06,75428.12789598819,75428.12789598819,0.07198529640883669,0.008968461170408167,0.12869014169206316,0.2543658593969442,0.01766130692843073,302.0,1210.0
7770471-r2,7770471,K03706.01,2,0,official_kepler_false_positive,,not_transit,0.5789352034300412,2.0,0.3197530332455171,4.709095340342998e-06,67901.1593811195,67901.1593811195,0.14394241849451356,1.6984057127835503,-0.017919591243235944,-0.08152075855349143,0.01767484128536947,600.0,2499.0
7770471-r3,7770471,K03706.01,3,0,official_kepler_false_positive,,not_transit,2.315845460744014,2.0,0.4412232756761168,8.259129206791269e-06,53422.493416534795,53422.493416534795,0.03598397852789398,0.005135907884530497,0.5080297774667288,1.004742819723666,0.020332547045747443,153.0,606.0
7770471-r4,7770471,K03706.01,4,0,official_kepler_false_positive,,not_transit,6.9454450712421645,2.0,0.4006672621054696,1.3994753044790455e-05,28629.82010637322,28629.82010637322,0.011998271166001677,0.0029794687197920323,0.47168522098089083,0.9890803438132459,0.0227631346893276,53.0,209.0
7770471-r5,7770471,K03706.01,5,0,official_kepler_false_positive,,not_transit,2.8942403011536957,2.0,0.2784899817061871,9.811237997196557e-06,28384.79525068725,28384.79525068725,0.028792817686947133,1.493416591484773,-0.019047721062834366,-0.07563508634821503,0.022853431970899375,120.0,485.0
7282042-r1,7282042,K04718.01,1,0,official_kepler_false_positive,,not_transit,7.115063011551488,8.0,5.843942937576892e-05,5.366349739242686e-06,10.88997777174621,10.88997777174621,0.04684896434397813,0.38925083537265903,-1.4664923461804591e-05,-0.10004690227692824,0.00014658048503303297,31.0,495.0
7282042-r2,7282042,K04718.01,2,0,official_kepler_false_positive,,not_transit,35.891494980053984,8.0,0.00012200717903675459,1.129942201211277e-05,10.79764778286581,10.79764778286581,0.009287251297795675,0.01927708834611244,3.5518474018392254e-05,0.2410753025453808,0.00014733352460153458,7.0,108.0
7282042-r3,7282042,K04718.01,3,0,official_kepler_false_positive,,not_transit,33.77373117630631,8.0,0.00011511948801571987,1.1031963860968688e-05,10.435085671646819,10.435085671646819,0.009869603438046567,0.6999575532102805,-4.8695709635504514e-05,-0.33099107812627804,0.00014712091308070356,7.0,113.0
7282042-r4,7282042,K04718.01,4,0,official_kepler_false_positive,,not_transit,4.713063813890489,8.0,4.625051468478908e-05,4.440101928966783e-06,10.41654345434174,10.41654345434174,0.07072540209426464,0.12439012396876215,1.174532547232321e-05,0.0792185710555509,0.0001482647984660941,47.0,744.0
7282042-r5,7282042,K04718.01,5,0,official_kepler_false_positive,,not_transit,2.2495431221863127,8.0,3.339487802668021e-05,3.270240574289335e-06,10.211749645952986,10.211749645952986,0.14817823674763317,0.1306287443198731,-2.122061443121659e-05,-0.1437517814078062,0.0001476198362440901,94.0,1486.0
7380829-r1,7380829,K01703.01,1,0,official_kepler_false_positive,,not_transit,3.176345670424138,8.0,0.0002562627204666954,7.930088386410624e-06,32.31524139199247,32.31524139199247,0.10494239856735217,0.03136843160781234,8.589062127972724e-06,0.02879782388488649,0.00029825385981613653,89.0,1427.0
7380829-r2,7380829,K01703.01,2,0,official_kepler_false_positive,,not_transit,1.5866627126412722,8.0,0.00013952497602084092,5.9051730196778486e-06,23.627584755925167,23.627584755925167,0.210084557151055,0.8199174740148155,-1.3123158106198574e-05,-0.04333872658385921,0.0003028044232173189,182.0,2920.0
7380829-r3,7380829,K01703.01,3,0,official_kepler_false_positive,,not_transit,9.526347142876482,8.0,0.00027004622249229994,1.337431103325804e-05,20.191411865685875,20.191411865685875,0.034990676734113144,0.23287736650591012,9.656294572280011e-06,0.031596775362889074,0.0003056101282924423,29.0,465.0
7380829-r4,7380829,K01703.01,4,0,official_kepler_false_positive,,not_transit,1.0581602773727474,4.0,0.00011475072841648336,6.59203730284061e-06,17.4074755868016,17.4074755868016,0.15750606995045674,0.06021332973964503,1.0100791223432992e-05,0.03333838771687743,0.00030297779572344185,275.0,2197.0
7380829-r5,7380829,K01703.01,5,0,official_kepler_false_positive,,not_transit,6.338835397594985,8.0,0.00018807034992149595,1.0974364265172423e-05,17.137243249556114,17.137243249556114,0.052585895109345034,0.04351805349132235,0.00018545985675610943,0.6152096335074966,0.00030145798546545277,44.0,705.0
3560301-r1,3560301,K00968.01,1,0,official_kepler_false_positive,,not_transit,4.655562301384049,8.0,0.0002019749123302537,1.4402169409860419e-06,140.23922825957868,140.23922825957868,0.07159894160029538,0.1097000404336792,-3.67920670156785e-05,-0.19403164340502957,0.0001587110212469678,45.0,725.0
3560301-r2,3560301,K00968.01,2,0,official_kepler_false_positive,,not_transit,9.315077599106674,8.0,0.00019529499446493552,1.9818809610392167e-06,98.54022431424482,98.54022431424482,0.03578427874452708,0.28001437773377813,0.0001745496586971207,0.9234615985132095,0.00015870371964143696,23.0,369.0
3560301-r3,3560301,K00968.01,3,0,official_kepler_false_positive,,not_transit,13.978550929987023,8.0,0.00021640955150394628,2.428701974001133e-06,89.1050255735681,89.1050255735681,0.023846057792604312,0.30166849357355147,-6.115309364096433e-05,-0.29025835933797123,0.0001622262685149154,15.0,242.0
3560301-r4,3560301,K00968.01,4,0,official_kepler_false_positive,,not_transit,2.327287340616993,8.0,8.411851784532074e-05,1.0540743262533772e-06,79.80321287618614,79.80321287618614,0.14322826731183202,1.3462369953756492,-8.653358978927272e-06,-0.05432514325481986,0.00015928828642636897,91.0,1468.0
3560301-r5,3560301,K00968.01,5,0,official_kepler_false_positive,,not_transit,27.99276961828569,8.0,0.00019724119921895653,3.2807104590155885e-06,60.12148944047346,60.12148944047346,0.011907836840681542,0.2759509623301679,0.00015751319326307023,0.8215129203624248,0.0001616161691452706,8.0,131.0
5090937-r1,5090937,K03182.01,1,0,official_kepler_false_positive,,not_transit,8.813076987740978,8.0,0.0007429750065005583,1.7665828603399902e-06,420.57184136699254,420.57184136699254,0.037822582713960315,0.02013986196255468,0.00016306237492358377,0.21623164699822203,0.0003889245948270755,24.0,379.0
5090937-r2,5090937,K03182.01,2,0,official_kepler_false_positive,,not_transit,2.9361190847133742,8.0,0.0004417361594926004,1.0572522114557886e-06,417.8153090683534,417.8153090683534,0.11352854694102897,0.11186825660706559,-9.912396856104344e-05,-0.1809657050868564,0.00039081608357475686,73.0,1147.0
5090937-r3,5090937,K03182.01,3,0,official_kepler_false_positive,,not_transit,4.404768356776451,8.0,0.00046298736786214715,1.257354692892444e-06,368.2233585155527,368.2233585155527,0.07567556482749463,1.2116537488757682,-0.0001421262636160936,-0.2929997990136108,0.00038057940242163695,49.0,780.0
5090937-r4,5090937,K03182.01,4,0,official_kepler_false_positive,,not_transit,5.873810992581779,8.0,0.000447090016529572,1.4558711553529012e-06,307.0944945132854,307.0944945132854,0.056749073770727465,0.03721542588896628,0.0005277437687211117,0.8917957750774981,0.00037347833813693144,37.0,569.0
5090937-r5,5090937,K03182.01,5,0,official_kepler_false_positive,,not_transit,17.640332158658,8.0,0.0007138803855160715,2.3518488185240224e-06,303.5400829735688,303.5400829735688,0.01889609165719314,0.038515636991984833,0.0006930760538363945,0.9471226873464463,0.0003767908575773076,13.0,210.0
7870250-r1,7870250,K06926.01,1,0,official_kepler_false_positive,,not_transit,3.6545891889970554,8.0,5.0878068303416345e-05,7.888006980346405e-06,6.450053661233197,6.450053661233197,0.09120952208169023,0.07210458629859538,-2.8524675192320714e-05,-0.09796112209687215,0.00029118363062555707,82.0,1310.0
7870250-r2,7870250,K06926.01,2,0,official_kepler_false_positive,,not_transit,20.973033399614867,8.0,0.00011820130036602998,1.9351921994774966e-05,6.107987640604609,6.107987640604609,0.015893424998763145,0.05090277063997696,-9.66396813972814e-06,-0.03313913747218359,0.00029161797430122936,12.0,196.0
7870250-r3,7870250,K06926.01,3,0,official_kepler_false_positive,,not_transit,41.90699638857492,8.0,0.00015910313391427305,2.7570828496563528e-05,5.770705582318787,5.770705582318787,0.007954121317656873,0.1491242716170967,9.48628992054612e-05,0.3255016080469745,0.00029143603859484206,6.0,98.0
7870250-r4,7870250,K06926.01,4,0,official_kepler_false_positive,,not_transit,33.720091676990776,4.0,0.0001950260291471533,3.457268982119236e-05,5.641042978021521,5.641042978021521,0.004942651647071091,0.9417509968167134,3.2856095576461186e-05,0.11301134774090478,0.00029073271165466183,9.0,64.0
7870250-r5,7870250,K06926.01,5,0,official_kepler_false_positive,,not_transit,8.004639229181793,8.0,6.609719533785315e-05,1.1876139627347729e-05,5.565545489684891,5.565545489684891,0.04164251801856728,0.1148006454031591,-2.5492630010726103e-05,-0.08760994983655791,0.00029097870799246284,35.0,540.0
8295671-r1,8295671,K04593.01,1,0,official_kepler_false_positive,,not_transit,0.9812919065530553,8.0,5.868319706927264e-05,4.646428769428118e-06,12.629742105461213,12.629742105461213,0.3396882529116335,0.012696002862689616,-6.220339882723191e-05,-0.20660054010657955,0.00030108052377376596,298.0,4745.0
8295671-r2,8295671,K04593.01,2,0,official_kepler_false_positive,,not_transit,3.9221767656537025,8.0,7.373503518026098e-05,7.845659226780312e-06,9.398194982592972,9.398194982592972,0.08498682064824715,0.05596472876610438,3.24296317816275e-05,0.10826013686023608,0.0002995528430145454,75.0,1204.0
8295671-r3,8295671,K04593.01,3,0,official_kepler_false_positive,,not_transit,1.96125936161363,8.0,5.24462125995286e-05,5.846182524460195e-06,8.971018674168267,8.971018674168267,0.16995882332415366,0.07517536364502492,5.7869873419269524e-05,0.19237577582733723,0.000300816842299362,149.0,2384.0
8295671-r4,8295671,K04593.01,4,0,official_kepler_false_positive,,not_transit,7.842986058685188,8.0,8.438240492834866e-05,1.0942938367437587e-05,7.711128592247363,7.711128592247363,0.042500819310293904,0.018600356676933567,5.233042682795119e-05,0.1736458479312077,0.00030136296059714974,37.0,595.0
8295671-r5,8295671,K04593.01,5,0,official_kepler_false_positive,,not_transit,2.9417608027405175,8.0,5.2444323972255816e-05,6.933571766988151e-06,7.563825072374915,7.563825072374915,0.11331082154021599,0.07938758748250282,-6.343169255706993e-05,-0.21097621403919134,0.0003006580284225156,101.0,1579.0
7031126-r1,7031126,K07573.01,1,0,official_kepler_false_positive,,not_transit,18.70073431197393,8.0,8.996703104777008e-05,1.011158696732393e-05,8.897419498888036,8.897419498888036,0.017824612005738334,0.12360653516594675,-7.942718165043772e-05,-0.33216419034244155,0.00023912024221681757,16.0,255.0
7031126-r2,7031126,K07573.01,2,0,official_kepler_false_positive,,not_transit,2.6873123501435456,4.0,4.921781047234283e-05,5.6922495435999985e-06,8.646460436310313,8.646460436310313,0.06201983429941219,0.14987307524114338,-8.837294571906185e-06,-0.03694586712296051,0.00023919575476451948,106.0,846.0
7031126-r3,7031126,K07573.01,3,0,official_kepler_false_positive,,not_transit,2.4194470906529864,4.0,4.613291723726719e-05,5.3867050390986105e-06,8.564218182064575,8.564218182064575,0.06888626220037937,0.013632354178853024,2.5699407777413086e-06,0.01074443070149895,0.00023918817563621845,119.0,954.0
7031126-r4,7031126,K07573.01,4,0,official_kepler_false_positive,,not_transit,4.2205453306948035,2.0,8.404171295978311e-05,9.871251525897316e-06,8.513784978459816,8.513784978459816,0.01974468387468182,0.013928817710649308,-6.978962514336828e-06,-0.029143918682633108,0.000239465481301099,67.0,270.0
7031126-r5,7031126,K07573.01,5,0,official_kepler_false_positive,,not_transit,3.2699501309543,4.0,5.233380219554517e-05,6.218156275458646e-06,8.416289311044224,8.416289311044224,0.05096917689629315,0.14646639277074416,1.0567336397482308e-05,0.04402775071946058,0.00024001535905879173,88.0,703.0
9529744-r1,9529744,K01806.01,1,0,official_kepler_false_positive,,not_transit,2.404469815567351,4.0,0.00034301158405905156,4.0414962032409945e-06,84.87242516372538,84.87242516372538,0.06931534993186866,0.17778804239170296,-8.787454532477312e-06,-0.04367555066054683,0.00014539055755943107,121.0,977.0
9529744-r2,9529744,K01806.01,2,0,official_kepler_false_positive,,not_transit,4.808425559487701,4.0,0.00036587580734521254,5.773319720958712e-06,63.37355716105318,63.37355716105318,0.03466138023865418,0.17494040121116095,0.0001735393063547752,0.8086622594885474,0.00014582538689231783,58.0,461.0
9529744-r3,9529744,K01806.01,3,0,official_kepler_false_positive,,not_transit,1.2022991770450466,4.0,0.0001651345501019867,2.982974068114717e-06,55.3590297237663,55.3590297237663,0.13862328931829765,1.438429368092255,-1.1136278774692698e-06,-0.007641027816264179,0.00014574320421905496,242.0,1936.0
9529744-r4,9529744,K01806.01,4,0,official_kepler_false_positive,,not_transit,7.223044995413751,4.0,0.0002739446206785689,6.8030376356070755e-06,40.267985472363655,40.267985472363655,0.02307429439696016,0.3841314354788783,-3.1725557128048365e-06,-0.0211216486264407,0.00015020398118134292,41.0,329.0
9529744-r5,9529744,K01806.01,5,0,official_kepler_false_positive,,not_transit,0.8015470677727883,4.0,0.00010115430815257808,2.5411722632393882e-06,39.80615939181961,39.80615939181961,0.20793122870472663,0.03727403945652163,-5.430115059601448e-06,-0.037060487666692836,0.0001465203347683313,361.0,2902.0
6042116-r1,6042116,K06650.01,1,0,official_kepler_false_positive,,not_transit,5.402573908641524,4.0,0.04412307375544574,3.5464100808543955e-06,12441.616380927859,12441.616380927859,0.030849493127725662,0.014453882048315821,0.0010378623956006638,0.019526759996192043,0.0012047115965090841,40.0,313.0
6042116-r2,6042116,K06650.01,2,0,official_kepler_false_positive,,not_transit,10.810472210924758,4.0,0.052682786886623124,4.905384685826152e-06,10739.787042359234,10739.787042359234,0.015417149539336315,0.036386726723567096,0.05941800339121339,0.9859665166685885,0.0012370151187859526,20.0,160.0
6042116-r3,6042116,K06650.01,3,0,official_kepler_false_positive,,not_transit,2.7070079211891716,8.0,0.018190330421819473,1.9060221994567064e-06,9543.608897632175,9543.608897632175,0.12313718431488818,8.361088000480605,-0.0010997562645040926,-0.6055699590268547,0.0010523201740071759,77.0,1226.0
6042116-r4,6042116,K06650.01,4,0,official_kepler_false_positive,,not_transit,1.8031023876587646,4.0,0.01708647164515464,2.1454358259476012e-06,7964.102882270015,7964.102882270015,0.0924332793342228,0.03639953038096841,-0.0006083368066078787,-0.4643910225193738,0.001309966767461573,117.0,938.0
6042116-r5,6042116,K06650.01,5,0,official_kepler_false_positive,,not_transit,21.642273511543728,4.0,0.0481468230883814,6.881299930525947e-06,6996.7627591406945,6996.7627591406945,0.00770097774514164,0.10851178387590672,0.05623990604771523,0.9389335391032954,0.001256289841958076,10.0,81.0
5471192-r1,5471192,K06009.01,1,0,official_kepler_false_positive,,not_transit,4.1307611756946505,8.0,0.00011986427170242384,7.16227877499548e-06,16.73549375387158,16.73549375387158,0.08069537771746832,0.08216318368881355,-7.301450630792239e-05,-0.22026450436900044,0.0003314855769298355,73.0,1161.0
5471192-r2,5471192,K06009.01,2,0,official_kepler_false_positive,,not_transit,5.709769148367322,8.0,0.00012992609066089312,8.58891202225776e-06,15.127188440654157,15.127188440654157,0.05837947641519767,0.15127972861754888,-4.4298404283660275e-05,-0.13422820871826013,0.0003300230607758532,50.0,785.0
5471192-r3,5471192,K06009.01,3,0,official_kepler_false_positive,,not_transit,3.9321010504139515,8.0,0.00010556415679487542,7.075093489054202e-06,14.920531715685811,14.920531715685811,0.08477232122461392,0.09281303601655423,-7.595385269354438e-05,-0.22922597059872976,0.00033134924675051313,75.0,1193.0
5471192-r4,5471192,K06009.01,4,0,official_kepler_false_positive,,not_transit,3.5953776801288124,8.0,9.939701241111127e-05,6.769298445114863e-06,14.683502761330045,14.683502761330045,0.09271163226484481,0.016614921186480523,1.1148496118495999e-05,0.03355650608847951,0.000332230539410164,81.0,1309.0
5471192-r5,5471192,K06009.01,5,0,official_kepler_false_positive,,not_transit,41.90699010119153,8.0,0.0003767550157677452,2.6123326760951122e-05,14.422168325472033,14.422168325472033,0.007954122511028434,0.38819375363681285,0.00016815633817168774,0.5094058961495819,0.0003301028500901182,6.0,84.0
9592855-r1,9592855,K07196.01,1,0,official_kepler_false_positive,,not_transit,0.609610961428083,2.0,0.1217449233680697,1.7340797101731561e-06,70207.22441640984,70207.22441640984,0.13669920425662216,0.07154452065560057,-0.018771480567575716,-0.14624814376290346,0.014722385483746799,351.0,1394.0
9592855-r2,9592855,K07196.01,2,0,official_kepler_false_positive,,not_transit,1.219289632729875,2.0,0.11760845821565552,2.34771090994431e-06,50094.948963901734,50094.948963901734,0.06834580652240749,0.00047747284858031403,0.12727938423243712,0.9337740256810821,0.016550895464394377,176.0,696.0
9592855-r3,9592855,K07196.01,3,0,official_kepler_false_positive,,not_transit,1.8290360251868703,2.0,0.11003438548354776,2.8167572003958855e-06,39064.206694166896,39064.206694166896,0.0455613406110026,0.06753060489342379,-0.018783918281924716,-0.14791344218254152,0.018462359094683918,118.0,473.0
9592855-r4,9592855,K07196.01,4,0,official_kepler_false_positive,,not_transit,3.658681642341614,2.0,0.10686413930916702,3.871603006490815e-06,27602.03955054464,27602.03955054464,0.022776874699597716,0.005076503140851656,0.1268452917190528,0.9548786088169325,0.018745368181306912,61.0,244.0
9592855-r5,9592855,K07196.01,5,0,official_kepler_false_positive,,not_transit,2.4362550528458677,4.0,0.049126918109988454,2.3980750395330956e-06,20485.98033844406,20485.98033844406,0.06841100913140354,0.1096718102949899,0.044241299949434265,0.905333818519551,0.017554050371079426,88.0,705.0
3851134-r1,3851134,K06366.01,1,0,official_kepler_false_positive,,not_transit,21.240702706939345,8.0,0.0004804575923748705,1.244234760996213e-05,38.61470579637124,38.61470579637124,0.015693140567540318,0.04665387591641821,2.4027511699942217e-05,0.05367109221348832,0.00036203267606432137,9.0,141.0
3851134-r2,3851134,K06366.01,2,0,official_kepler_false_positive,,not_transit,3.501976392162257,8.0,0.0001925664219965541,5.039321900438333e-06,38.212764693560096,38.212764693560096,0.09518434621071797,0.12696716855680604,-0.00019436658651661443,-0.5478502489876664,0.00035478050229195045,59.0,936.0
3851134-r3,3851134,K06366.01,3,0,official_kepler_false_positive,,not_transit,7.027695179016681,8.0,0.0002278758082267951,6.727409128501544e-06,33.87274415366974,33.87274415366974,0.04743138750932187,0.17225985382970382,0.00011722500065514119,0.32560507051661863,0.00036002203672426565,31.0,501.0
3851134-r4,3851134,K06366.01,4,0,official_kepler_false_positive,,not_transit,4.456209682345253,8.0,0.0001760147029196171,5.538775728689791e-06,31.778629708347797,31.778629708347797,0.07480198578939036,0.265974505282387,3.690846810933124e-05,0.10159955843550443,0.0003632739027380793,49.0,764.0
3851134-r5,3851134,K06366.01,5,0,official_kepler_false_positive,,not_transit,39.617801688509964,8.0,0.00046958642980302696,1.4936495402533267e-05,31.438862808700357,31.438862808700357,0.00841372613135189,1.04216491113527,7.420252685774731e-05,0.17193570869064717,0.0003613458327125336,6.0,99.0
5471489-r1,5471489,K04368.01,1,0,official_kepler_false_positive,,not_transit,12.4207519137033,8.0,4.53315157453798e-05,5.882244686067461e-06,7.706499502264995,7.706499502264995,0.02683680792026612,0.18904493545802073,-1.2737565962206432e-05,-0.09735717978654015,0.00013083334983751685,23.0,367.0
5471489-r2,5471489,K04368.01,2,0,official_kepler_false_positive,,not_transit,4.141774569611155,8.0,2.5313500124820822e-05,3.4359791536768533e-06,7.367186758898917,7.367186758898917,0.08048080061600935,0.09504127564540421,-1.6380492163348137e-05,-0.12469296625644131,0.00013136660916109985,71.0,1141.0
5471489-r3,5471489,K04368.01,3,0,official_kepler_false_positive,,not_transit,3.2562402296335082,8.0,2.160618658797775e-05,3.148892540027591e-06,6.861519189152271,6.861519189152271,0.10236754963587259,0.013578577063509269,-5.241014618073692e-06,-0.03994535532153523,0.00013120460628993755,86.0,1385.0
5471489-r4,5471489,K04368.01,4,0,official_kepler_false_positive,,not_transit,45.597173959687936,8.0,7.038056221226333e-05,1.045756573698261e-05,6.730109471209568,6.730109471209568,0.007310394579015586,0.3823463966037194,-2.3345863874313366e-05,-0.17791328039034982,0.0001312204677643596,7.0,114.0
5471489-r5,5471489,K04368.01,5,0,official_kepler_false_positive,,not_transit,25.437630670278345,8.0,5.14925681812053e-05,7.736305498650027e-06,6.655963649598723,6.655963649598723,0.013103945790155853,0.12907998273551466,7.670587208963298e-06,0.05866100413031907,0.00013076126675095112,13.0,209.0
4579598-r1,4579598,K04414.01,1,0,official_kepler_false_positive,,not_transit,6.019517465247063,8.0,0.0014140792352200788,6.17982784766417e-06,228.82178437293646,228.82178437293646,0.05537542423587804,0.0018610207667942096,5.2663997235802285e-05,0.03389474548187751,0.0007820508815546629,51.0,818.0
4579598-r2,4579598,K04414.01,2,0,official_kepler_false_positive,,not_transit,12.03581600607937,8.0,0.001407764109621115,8.518419351554721e-06,165.26118890404004,165.26118890404004,0.027695117070995805,0.1511645708886995,0.0015553688988021452,1.003799829659171,0.0007623713142617597,26.0,417.0
4579598-r3,4579598,K04414.01,3,0,official_kepler_false_positive,,not_transit,3.004339674589297,8.0,0.0007328949704735159,4.595529883952847e-06,159.47997053238961,159.47997053238961,0.11095061459017648,1.7925167949916998,-0.0004931503775119639,-0.6109769618815657,0.0008071505282183753,98.0,1568.0
4579598-r4,4579598,K04414.01,4,0,official_kepler_false_positive,,not_transit,18.048898203776435,8.0,0.0014821807934748956,1.0456515254691516e-05,141.74710765232106,141.74710765232106,0.01846834801603506,0.12250588568993905,0.00015645420517873543,0.09210559106969934,0.0008091498942611215,17.0,274.0
4579598-r5,4579598,K04414.01,5,0,official_kepler_false_positive,,not_transit,36.06887250948554,8.0,0.0015699262892990104,1.5103210725815215e-05,103.94652619231542,103.94652619231542,0.009241578961074316,0.0034493899390807175,0.0015492575204683057,0.869315842773303,0.0008048351371437455,8.0,130.0
10920086-r1,10920086,K05841.01,1,0,official_kepler_false_positive,,not_transit,1.6058256163731963,8.0,0.0009107760450377731,1.7661143541549229e-06,515.6948319315229,515.6948319315229,0.2075775413809728,0.7191219859826646,-0.000817458179661168,-1.1655344796156288,0.0005755129420062432,131.0,2116.0
10920086-r2,10920086,K05841.01,2,0,official_kepler_false_positive,,not_transit,3.216633799425626,8.0,0.0010171390571746047,2.312666048472597e-06,439.8123360034517,439.8123360034517,0.10362800185487529,0.06814469680271053,0.0005455896274537686,0.5328322569317361,0.0006661675534717245,68.0,1096.0
10920086-r3,10920086,K05841.01,3,0,official_kepler_false_positive,,not_transit,6.435153066777006,8.0,0.0009787360271712813,3.1685643399689464e-06,308.88942819474937,308.88942819474937,0.0517988196821992,0.052887148773434256,0.0008745057390433519,0.9278981393765042,0.0006622873770882697,34.0,550.0
10920086-r4,10920086,K05841.01,4,0,official_kepler_false_positive,,not_transit,4.812134472756071,8.0,0.0007355972620611664,2.778170857080919e-06,264.7775460556351,264.7775460556351,0.06926933052692148,0.7085444235836029,-0.0007883573536622279,-1.1542602728373468,0.0006829979097559392,45.0,730.0
10920086-r5,10920086,K05841.01,5,0,official_kepler_false_positive,,not_transit,9.628489354661673,8.0,0.0009674363793302033,3.7456725776322253e-06,258.28108551382104,258.28108551382104,0.0346194840182223,0.15959269875185497,0.00041321837898422586,0.44876206604943947,0.0007015338303041812,24.0,387.0
3866536-r1,3866536,K04423.01,1,0,official_kepler_false_positive,,not_transit,3.8255829392036262,8.0,0.00038854104700702626,3.85772648453721e-06,100.71762437394194,100.71762437394194,0.08713269026725728,0.007843199121506755,-0.0003146866634764489,-0.8536860766026373,0.0003217332581909207,77.0,1232.0
3866536-r2,3866536,K04423.01,2,0,official_kepler_false_positive,,not_transit,7.649865738512584,8.0,0.0003822835800823345,5.156838534474214e-06,74.13138447649918,74.13138447649918,0.043573749491470894,0.1720131010336812,0.0003775531424342615,0.9333211498160155,0.0003334261210720448,41.0,660.0
3866536-r3,3866536,K04423.01,3,0,official_kepler_false_positive,,not_transit,11.501162608703495,8.0,0.00035033501440127234,6.545411502156867e-06,53.52375695337547,53.52375695337547,0.028982577211897134,0.013815387095337282,-0.0002759120994237918,-0.7941122749686585,0.00034744721637086054,25.0,401.0
3866536-r4,3866536,K04423.01,4,0,official_kepler_false_positive,,not_transit,19.16207707574129,8.0,0.00036380072084264274,8.061146712668945e-06,45.130145103412076,45.130145103412076,0.017395469813412084,0.4009658474747435,-0.00029871653179536217,-0.830655369883792,0.0003500896369549788,16.0,260.0
3866536-r5,3866536,K04423.01,5,0,official_kepler_false_positive,,not_transit,15.370197378925667,8.0,0.00031521934905840397,7.08109364271711e-06,44.51563063039089,44.51563063039089,0.02168699107211025,0.14831557446911048,0.0002524769399803173,0.7225433045108862,0.00034942810818962245,21.0,341.0
10801951-r1,10801951,K08032.01,1,0,official_kepler_false_positive,,not_transit,10.635067622696871,8.0,6.575280428668162e-05,1.0976008326234463e-05,5.990593513811539,5.990593513811539,0.03134285038507406,0.2958210531105546,1.7704177443178537e-05,0.07143578908486278,0.00024783344133214095,27.0,435.0
10801951-r2,10801951,K08032.01,2,0,official_kepler_false_positive,,not_transit,38.7693991233344,8.0,0.00015286847983092593,2.56692528180325e-05,5.955314746190692,5.955314746190692,0.008597846262020288,0.18230376209526528,2.684528501617489e-05,0.10807508416838585,0.0002483947639064405,5.0,80.0
10801951-r3,10801951,K08032.01,3,0,official_kepler_false_positive,,not_transit,5.058974418252462,8.0,4.555109086333611e-05,7.658047100217854e-06,5.948134069590704,5.948134069590704,0.06588950759084441,0.03210690628899878,-2.6048077853779716e-05,-0.10493748471894719,0.0002482247208759003,59.0,935.0
10801951-r4,10801951,K08032.01,4,0,official_kepler_false_positive,,not_transit,4.266922726010216,8.0,4.2587104618344834e-05,7.187188864103711e-06,5.925418884015332,5.925418884015332,0.07812031169475069,0.014728571151813558,-2.4853262427626532e-05,-0.10038182845592221,0.0002475872656428014,68.0,1069.0
10801951-r5,10801951,K08032.01,5,0,official_kepler_false_positive,,not_transit,21.26007877367191,8.0,8.436872095355658e-05,1.4587763815751223e-05,5.783526661054038,5.783526661054038,0.015678838111650235,0.1466143434227698,1.9283552996074427e-05,0.07764717850722112,0.00024834840578632323,15.0,242.0
7695445-r1,7695445,K06906.01,1,0,official_kepler_false_positive,,not_transit,1.1766786103948472,8.0,0.00149681557362096,2.103485467017655e-06,711.5882648541242,711.5882648541242,0.2832832435200634,0.0037948641425612647,-0.0010366953614719954,-0.5929929428622632,0.0017482423255630423,184.0,2930.0
7695445-r2,7695445,K06906.01,2,0,official_kepler_false_positive,,not_transit,1.3613882889581281,8.0,0.0014855417109174236,2.2089933657843414e-06,672.4971355402673,672.4971355402673,0.24484809810464409,0.017453617649242237,-0.0008571733197229037,-0.4912592586679429,0.0017448491903178424,160.0,2515.0
7695445-r3,7695445,K06906.01,3,0,official_kepler_false_positive,,not_transit,1.1235551989716008,8.0,0.001051798315618901,2.0821223790967827e-06,505.15681795570896,505.15681795570896,0.29667730934664893,0.16712162361254537,-0.0008777499505585595,-0.47923622061768373,0.001831560121702059,192.0,3034.0
7695445-r4,7695445,K06906.01,4,0,official_kepler_false_positive,,not_transit,1.3877943089195288,8.0,0.0011025187507077493,2.225603299002721e-06,495.3797252195758,495.3797252195758,0.24018929259974478,0.03691789069813791,-0.000622865679841933,-0.3292875418866537,0.001891555557411078,155.0,2461.0
7695445-r5,7695445,K06906.01,5,0,official_kepler_false_positive,,not_transit,2.351192559013089,8.0,0.0012899821185751474,2.7140781011118114e-06,475.2929247123402,475.2929247123402,0.14177202630874677,0.041471175382870665,0.0013882179268731587,0.7670292580270862,0.001809863068905432,92.0,1468.0
4909707-r1,4909707,K03175.01,1,0,official_kepler_false_positive,,not_transit,1.1506521457820762,8.0,0.0319149565529525,6.335279928880098e-07,50376.55306668379,50376.55306668379,0.2896907936557777,1.2578581042026595,-0.017161950813977755,-0.9450199211031597,0.008166519502994317,188.0,2981.0
4909707-r2,4909707,K03175.01,2,0,official_kepler_false_positive,,not_transit,2.3038617897078644,8.0,0.03635141272516143,8.029688461603227e-07,45271.26164232705,45271.26164232705,0.14468460513666526,0.004516100555868819,0.024409833782925383,0.5172182120431348,0.012998524296921748,96.0,1528.0
4909707-r3,4909707,K03175.01,3,0,official_kepler_false_positive,,not_transit,4.599433837832311,8.0,0.03112101666553389,1.0813122102896378e-06,28780.78724108543,28780.78724108543,0.07247268796248878,0.02600934560936439,0.04278665260910719,1.001620535725076,0.016411728609344558,48.0,775.0
4909707-r4,4909707,K03175.01,4,0,official_kepler_false_positive,,not_transit,6.900598347897687,8.0,0.03181216641103094,1.3115034614434944e-06,24256.25806280158,24256.25806280158,0.04830498987597003,0.023033879223024543,0.019022411924001892,0.45798805691447236,0.017539681983770445,33.0,512.0
4909707-r5,4909707,K03175.01,5,0,official_kepler_false_positive,,not_transit,3.449213594452074,8.0,0.0222119518574343,9.697099382160523e-07,22905.76901614208,22905.76901614208,0.09664038604900753,1.2363951981850876,-0.01657293059819831,-0.92612346955643,0.017894947210587344,64.0,996.0
4074294-r1,4074294,K07547.01,1,0,official_kepler_false_positive,,not_transit,0.8930392193123083,2.0,8.033906599650624e-05,3.9488453860471834e-06,20.344951028058887,20.344951028058887,0.09331430415509052,0.03346568912552958,7.316884685759639e-05,0.5100131738682169,0.0001434646213207477,240.0,954.0
4074294-r2,4074294,K07547.01,2,0,official_kepler_false_positive,,not_transit,0.6698964288423095,2.0,5.020077902945087e-05,3.460443473187301e-06,14.507036285500304,14.507036285500304,0.12439733926832085,0.31998659893164294,-3.4023818594741684e-05,-0.23342646529549382,0.00014575818792299768,320.0,1290.0
4074294-r3,4074294,K07547.01,3,0,official_kepler_false_positive,,not_transit,1.3390910167247068,2.0,6.699663040347963e-05,4.729362012634776e-06,14.166103213180572,14.166103213180572,0.06223126904186019,0.08936790035539262,1.2085137387596312e-05,0.083041798737802,0.00014553077572120266,160.0,644.0
4074294-r4,4074294,K07547.01,4,0,official_kepler_false_positive,,not_transit,1.78622382563404,2.0,7.564556895054018e-05,5.459025239056425e-06,13.856973660670468,13.856973660670468,0.04665335448862532,0.0635892093318902,6.912652168766797e-05,0.47712451784959053,0.0001448815122710997,118.0,475.0
4074294-r5,4074294,K07547.01,5,0,official_kepler_false_positive,,not_transit,2.231999968053374,2.0,7.964641094422413e-05,6.037151329975137e-06,13.192714012115403,13.192714012115403,0.03733572335398016,0.18394249658378373,2.614936644596e-05,0.18035200737056653,0.00014499071469845795,95.0,385.0
4569590-r1,4569590,K06426.01,1,0,official_kepler_false_positive,,not_transit,20.693636085846475,8.0,0.0034750663439939576,6.257492964005182e-06,555.3448264318463,555.3448264318463,0.016108011755426515,1.084329764754654,0.0002994193019634217,0.09860141901809046,0.0012781565816441087,14.0,225.0
4569590-r2,4569590,K06426.01,2,0,official_kepler_false_positive,,not_transit,41.90698849898526,8.0,0.004374917292481527,8.477850612873996e-06,516.040856610285,516.040856610285,0.007954122815133918,0.3061728442907166,-0.0002717420343167909,-0.21006882247325737,0.0012935857454591329,7.0,116.0
4569590-r3,4569590,K06426.01,3,0,official_kepler_false_positive,,not_transit,36.92624624043312,8.0,0.003923902705914613,7.807598437485095e-06,502.5748618263392,502.5748618263392,0.009027002938856629,1.5281696557008373,-0.0002017497482453834,-0.15629825178842965,0.0012907997750254963,9.0,143.0
4569590-r4,4569590,K06426.01,4,0,official_kepler_false_positive,,not_transit,23.161975272405535,8.0,0.003111171738631984,6.475756074521239e-06,480.4337443889896,480.4337443889896,0.014391403557470178,0.7182556751301524,-0.0003546585555276316,-0.2747194436911881,0.0012909845432211306,13.0,210.0
4569590-r5,4569590,K06426.01,5,0,official_kepler_false_positive,,not_transit,13.861555823532877,8.0,0.0024035278757483093,5.097588750206128e-06,471.50289941516354,471.50289941516354,0.024047324670974566,0.22541317669521985,7.673003841068837e-05,0.05993371078443755,0.0012802484179006012,21.0,338.0
4142768-r1,4142768,K06387.01,1,0,official_kepler_false_positive,,not_transit,27.99272423275296,4.0,0.014963772002069733,8.071559094687962e-06,1853.8886758467345,1853.8886758467345,0.0059539280736262854,0.15487329020784144,0.014422576266385767,0.9303794159818974,0.003319443708839915,8.0,64.0
4142768-r2,4142768,K06387.01,2,0,official_kepler_false_positive,,not_transit,13.978513833817964,8.0,0.007555580832034824,4.097823421159985e-06,1843.8034184245155,1843.8034184245155,0.023846121075253798,0.011675084583370965,-0.0008829013103461847,-0.16973042105591182,0.003322930313113455,16.0,256.0
4142768-r3,4142768,K06387.01,3,0,official_kepler_false_positive,,not_transit,2.332020051266561,4.0,0.0032771386361293412,2.469186761761109e-06,1327.2137559136975,1327.2137559136975,0.07146879658095008,0.5987915735570685,1.731237472313296e-05,0.005206053192940653,0.003325431777494771,92.0,740.0
4142768-r4,4142768,K06387.01,4,0,official_kepler_false_positive,,not_transit,2.7996838267512896,4.0,0.0035206864776630934,2.690140676298165e-06,1308.7369402955617,1308.7369402955617,0.059530531652948866,0.0015892777534465257,-0.00017062035183323943,-0.050939956590972314,0.0033494404638632364,76.0,616.0
4142768-r5,4142768,K06387.01,5,0,official_kepler_false_positive,,not_transit,4.674557083826165,8.0,0.002849614405910156,2.5016434446691323e-06,1139.0969452431486,1139.0969452431486,0.07130800359389282,0.0468482922810538,0.001161402296175451,0.34757256306525847,0.003341467134036676,45.0,720.0
8039925-r1,8039925,K06956.01,1,0,official_kepler_false_positive,,not_transit,9.298267318070424,8.0,6.46827410175172e-05,6.2205915134839584e-06,10.398165653106906,10.398165653106906,0.03584897292482946,0.04568462727730937,-1.1368238450160106e-05,-0.07182364026147854,0.00015827989793852428,30.0,465.0
8039925-r2,8039925,K06956.01,2,0,official_kepler_false_positive,,not_transit,46.97602483073202,8.0,0.00012537331641094887,1.3454735320744342e-05,9.318155535742859,9.318155535742859,0.007095818229286708,0.5124576809035373,-4.5510411602833756e-05,-0.28715590130776086,0.000158486771107858,6.0,98.0
8039925-r3,8039925,K06956.01,3,0,official_kepler_false_positive,,not_transit,4.175173159588349,8.0,3.779287333770177e-05,4.073789713444951e-06,9.277080064533495,9.277080064533495,0.07983700809338368,0.09180169383481172,-2.4124874995479217e-06,-0.015153693475300956,0.00015920128670149236,73.0,1140.0
8039925-r4,8039925,K06956.01,4,0,official_kepler_false_positive,,not_transit,33.72009136257024,8.0,0.00010260535396293639,1.1530557318046325e-05,8.898559812226082,8.898559812226082,0.009885303386316975,0.2551182117021551,-4.128375472056689e-05,-0.260105291084307,0.00015871939608943107,8.0,130.0
8039925-r5,8039925,K06956.01,5,0,official_kepler_false_positive,,not_transit,5.2117209294259075,8.0,4.1291365293142064e-05,4.7203993786550095e-06,8.747430456807507,8.747430456807507,0.06395840027644216,0.009045507894781285,-4.95074466089207e-07,-0.0031317388588250504,0.00015808293360543686,53.0,834.0
5544450-r1,5544450,K03226.01,1,0,official_kepler_false_positive,,not_transit,1.8261148668048879,8.0,0.00013730380241523292,1.641390587353754e-06,83.65090154232807,83.65090154232807,0.18253689260881992,0.08971783797815591,-0.000127503729264955,-0.4647912704118686,0.00027432470741537226,118.0,1868.0
5544450-r2,5544450,K03226.01,2,0,official_kepler_false_positive,,not_transit,1.7806676204948901,8.0,0.00012493537948907957,1.6354219839423282e-06,76.39335946060348,76.39335946060348,0.1871957065410624,0.12574740129264572,-9.397538635047553e-05,-0.3255754302341888,0.00028864397501641433,119.0,1885.0
5544450-r3,5544450,K03226.01,3,0,official_kepler_false_positive,,not_transit,1.8527132629380576,8.0,0.00012190820818084927,1.6439602568855711e-06,74.15520397786281,74.15520397786281,0.17991630977193354,0.31824276399121176,-4.643233296031113e-05,-0.16515637158360227,0.0002811416387699402,118.0,1860.0
5544450-r4,5544450,K03226.01,4,0,official_kepler_false_positive,,not_transit,1.3877918682118953,8.0,0.00010144332299375201,1.481991107433617e-06,68.45069615122233,68.45069615122233,0.2401897150203205,0.16073101623585392,-2.7887597503717387e-05,-0.09892819692275431,0.00028189735961217145,156.0,2466.0
5544450-r5,5544450,K03226.01,5,0,official_kepler_false_positive,,not_transit,5.560017375285662,8.0,0.00018218343739149432,2.680199564380756e-06,67.97383292373854,67.97383292373854,0.059951851016689914,0.4690556774307473,-1.1395890219922933e-05,-0.04002485494036562,0.0002847203378226368,40.0,610.0
3663141-r1,3663141,K07663.01,1,0,official_kepler_false_positive,,not_transit,0.7172095960245946,4.0,0.00010854881185390571,3.2012952546005384e-06,33.907778952257424,33.907778952257424,0.23238209247405459,0.030419909536745948,0.00014753921303678474,0.5994842286095318,0.00024611024943724247,273.0,2197.0
3663141-r2,3663141,K07663.01,2,0,official_kepler_false_positive,,not_transit,1.0760203385210194,4.0,0.00010175744041734204,3.730474290382835e-06,27.277346657949842,27.277346657949842,0.15489174386401333,0.05501095296188092,-8.573006050649479e-05,-0.3336846677408926,0.00025691938765692553,184.0,1471.0
3663141-r3,3663141,K07663.01,3,0,official_kepler_false_positive,,not_transit,1.7921677936941067,2.0,0.00016762117641856483,6.4317491072898455e-06,26.06152286453157,26.06152286453157,0.046498622297838785,0.09281121504247736,-0.00011934524691170623,-0.47034161662868346,0.0002537416267077312,109.0,438.0
3663141-r4,3663141,K07663.01,4,0,official_kepler_false_positive,,not_transit,0.5969040324157987,2.0,0.00010051667037689307,3.9139387276134495e-06,25.68171792464002,25.68171792464002,0.13960926515450975,0.05331019145552263,-7.402908215392578e-05,-0.29431357052412277,0.0002515313243018067,326.0,1309.0
3663141-r5,3663141,K07663.01,5,0,official_kepler_false_positive,,not_transit,1.4346665339522682,2.0,0.00014592693102135913,5.775597325602108e-06,25.26611929375568,25.26611929375568,0.058085507231958516,0.16632472793645856,0.00012219349693842751,0.48555262177678243,0.00025165860806452845,138.0,549.0
8822585-r1,8822585,K07095.01,1,0,official_kepler_false_positive,,not_transit,3.2531936910808605,8.0,0.0008431993503984098,2.5918265264762136e-06,325.330164571162,325.330164571162,0.10246341441249526,0.00215584980990226,-0.00041738983542738417,-0.5205720306404907,0.0005508804299013371,66.0,1050.0
8822585-r2,8822585,K07095.01,2,0,official_kepler_false_positive,,not_transit,6.508316463279724,8.0,0.0008079449905834173,3.5792924158090667e-06,225.72757314123737,225.72757314123737,0.05121652200135291,0.08632362117532835,0.0008693044740228917,0.9943493517310851,0.0005547728540303812,32.0,520.0
8822585-r3,8822585,K07095.01,3,0,official_kepler_false_positive,,not_transit,13.024356118551154,8.0,0.0008863536082097049,5.027301229691553e-06,176.3080364022839,176.3080364022839,0.02559307579578174,0.09520052775214423,0.000760262140387713,0.8052166759786751,0.0005911929342832568,16.0,257.0
8822585-r4,8822585,K07095.01,4,0,official_kepler_false_positive,,not_transit,9.793216424417748,8.0,0.0007146636172736784,4.201999219296169e-06,170.07704665718236,170.07704665718236,0.03403716602261769,0.13953238843831406,-0.0004846700890313027,-0.6559941637929579,0.0005966776387726538,23.0,371.0
8822585-r5,8822585,K07095.01,5,0,official_kepler_false_positive,,not_transit,1.6263558175943729,8.0,0.00024788583757493003,1.9514662442847435e-06,127.02542936671999,127.02542936671999,0.20495719923477995,1.7088220438977797,-0.00020388705457752287,-0.3362897587484795,0.000606283864653802,130.0,2086.0
7457278-r1,7457278,K03188.01,1,0,official_kepler_false_positive,,not_transit,4.752202102786526,8.0,9.609305748347252e-05,1.5174674746700916e-06,63.324624143501886,63.324624143501886,0.07014292029749286,0.05928990542544642,-7.477110140974297e-05,-0.4960039420283326,0.00015074699024362172,46.0,724.0
7457278-r2,7457278,K03188.01,2,0,official_kepler_false_positive,,not_transit,19.112975314741597,8.0,0.00017498618292375597,3.001632234188897e-06,58.297009517237164,58.297009517237164,0.017440159255384877,0.256890886161818,1.2775803702513855e-05,0.06480176673507451,0.0001503895799650476,11.0,175.0
7457278-r3,7457278,K03188.01,3,0,official_kepler_false_positive,,not_transit,6.545529993176707,8.0,0.00010263646068754514,1.7965064288411383e-06,57.13114021737859,57.13114021737859,0.050925338923022555,0.01591986685312775,1.1567662281386504e-05,0.07689451853894608,0.00015043546017558628,32.0,505.0
7457278-r4,7457278,K03188.01,4,0,official_kepler_false_positive,,not_transit,23.901624363902428,8.0,0.00017510917417358995,3.0903780491348044e-06,56.66270319989306,56.66270319989306,0.013946053550935726,0.5974048725041523,-8.54662418610097e-05,-0.5643292186805189,0.00015144748673627393,10.0,165.0
7457278-r5,7457278,K03188.01,5,0,official_kepler_false_positive,,not_transit,7.793182840554595,8.0,0.0001070307433786083,1.9419919972487955e-06,55.11389518094714,55.11389518094714,0.04277242561264121,0.08626912136748839,5.091022260761413e-05,0.33787561570358976,0.00015067740979649879,27.0,429.0
5385548-r1,5385548,K06128.01,1,0,official_kepler_false_positive,,not_transit,2.772576477326926,8.0,0.0001673835397256789,3.808451224843407e-06,43.950553609246036,43.950553609246036,0.12022511770521258,0.06634165209436886,-0.00013698436673381664,-0.7612660896167889,0.00017994281973438846,77.0,1201.0
5385548-r2,5385548,K06128.01,2,0,official_kepler_false_positive,,not_transit,8.301817362570453,8.0,0.00022768302441615896,6.287931611006198e-06,36.209526200576,36.209526200576,0.040151850947263534,0.05937307428655878,-7.999880500353385e-05,-0.3860724512943557,0.00018717429603309668,27.0,405.0
5385548-r3,5385548,K06128.01,3,0,official_kepler_false_positive,,not_transit,24.943185305254406,8.0,0.00034780046751425815,1.0907298261709383e-05,31.88694937730172,31.88694937730172,0.013363703522786041,0.09254798026199283,6.251406194845988e-05,0.17480169971336504,0.00019038490858599175,8.0,131.0
5385548-r4,5385548,K06128.01,4,0,official_kepler_false_positive,,not_transit,5.533149847669696,8.0,0.0001506623585528526,5.183987277054786e-06,29.06302629632406,29.06302629632406,0.060242961515621654,0.2379343499021192,0.00016481910490606655,0.888538482331245,0.00018549461636555476,38.0,608.0
5385548-r5,5385548,K06128.01,5,0,official_kepler_false_positive,,not_transit,12.457437342628527,8.0,0.0002257205766307242,7.788742174476871e-06,28.980363141354676,28.980363141354676,0.02675777723502479,0.3010539733003691,-1.5667747691461287e-05,-0.07695533026271309,0.00018960018050479593,16.0,260.0
9222516-r1,9222516,K04492.01,1,0,official_kepler_false_positive,,not_transit,0.6392630462929926,1.0,9.812641218033025e-05,4.7453655228385165e-06,20.678367495204956,20.678367495204956,0.06517921989748432,0.053473450977607875,0.00010240706805242361,0.642278980367864,0.00015944328116384904,447.0,888.0
9222516-r2,9222516,K04492.01,2,0,official_kepler_false_positive,,not_transit,0.9588809428479931,1.0,0.00010005166954198702,5.655607052248418e-06,17.690703865681566,17.690703865681566,0.043453430769946885,0.03226623795857585,6.164276151987558e-05,0.38191208458021947,0.00016140563236596853,301.0,612.0
9222516-r3,9222516,K04492.01,3,0,official_kepler_false_positive,,not_transit,0.7990731300794414,1.0,8.163087210921085e-05,5.218565359207369e-06,15.642397189715279,15.642397189715279,0.05214374642096186,0.10122515293795539,-3.667342372248861e-05,-0.22466271788601533,0.00016323769278485807,361.0,725.0
9222516-r4,9222516,K04492.01,4,0,official_kepler_false_positive,,not_transit,2.238182665368525,1.0,0.00011590850474126308,8.562956466642101e-06,13.536038071990307,13.536038071990307,0.01861629406365101,0.02285860216481854,6.320337285758981e-05,0.3887593808672358,0.0001625771003045563,128.0,260.0
9222516-r5,9222516,K04492.01,5,0,official_kepler_false_positive,,not_transit,1.278489755525039,2.0,6.256509038749536e-05,4.704126325246281e-06,13.300044697294522,13.300044697294522,0.06518107241235635,0.08969002407985184,6.223217348022558e-05,0.38747470886438207,0.000160609639949448,226.0,905.0
7117355-r1,7117355,K04866.01,1,0,official_kepler_false_positive,,not_transit,4.823351160613568,2.0,9.635315048577131e-05,1.8020303531703105e-05,5.346921616290053,5.346921616290053,0.017277061229506806,0.08807947020851789,-4.5734002136255114e-05,-0.15513724738292645,0.00029479704524710003,57.0,233.0
7117355-r2,7117355,K04866.01,2,0,official_kepler_false_positive,,not_transit,0.7841483832613068,1.0,5.451889889810338e-05,1.0247779906960196e-05,5.3200692631068955,5.3200692631068955,0.053136201713983276,0.09076838732139701,6.941242907121392e-07,0.0023415051963137814,0.00029644362600813153,367.0,747.0
7117355-r3,7117355,K04866.01,3,0,official_kepler_false_positive,,not_transit,6.237034018537983,8.0,5.380224681698467e-05,1.0221198508801298e-05,5.26379042248876,5.26379042248876,0.053444206387617176,0.07912699287792826,1.4066590108496868e-05,0.047828713955642636,0.0002941034567967377,47.0,750.0
7117355-r4,7117355,K04866.01,4,0,official_kepler_false_positive,,not_transit,0.6991016287197107,1.0,5.094688955390765e-05,9.805004578656697e-06,5.196008746880919,5.196008746880919,0.05960029980615592,0.05434667039086127,4.047384864147574e-06,0.01376707876236845,0.00029399010015188385,411.0,821.0
7117355-r5,7117355,K04866.01,5,0,official_kepler_false_positive,,not_transit,0.6621510529184361,4.0,2.733745098744479e-05,5.317260384487198e-06,5.141266180456431,5.141266180456431,0.2517049031819582,0.01804421415300702,-2.683603559816561e-06,-0.008928360333094578,0.00030057070500048036,438.0,3519.0
6466939-r1,6466939,K06717.01,1,0,official_kepler_false_positive,,stellar_eclipse,1.143026466687787,2.0,0.3029089987600307,7.551724636321911e-06,40111.234631505766,40111.234631505766,0.07290586505386273,0.2299257961822054,-0.000772646590914805,-0.0025108965150813325,0.009180500817279825,253.0,1022.0
6466939-r2,6466939,K06717.01,2,0,official_kepler_false_positive,,stellar_eclipse,0.5715277494955566,2.0,0.16238353560240168,5.840827097949033e-06,27801.462511948277,27801.462511948277,0.1458080266564226,15.481814543846854,-0.00022347514332254903,-0.011177690866923648,0.009143275002719364,505.0,2030.0
6466939-r3,6466939,K06717.01,3,0,official_kepler_false_positive,,stellar_eclipse,3.4287310566621896,2.0,0.2867269638157602,1.2600859868619422e-05,22754.5553879074,22754.5553879074,0.024304423985489515,0.24637910067647142,-0.001067069051891023,-0.0034545098410421124,0.009414114885516547,84.0,345.0
6466939-r4,6466939,K06717.01,4,0,official_kepler_false_positive,,stellar_eclipse,2.2842561477495726,4.0,0.14021903693627674,7.868481303520668e-06,17820.343154852162,17820.343154852162,0.0729632124798548,0.009031103133123124,0.03424089267753916,0.6087347659629617,0.007992194952804853,128.0,1030.0
6466939-r5,6466939,K06717.01,5,0,official_kepler_false_positive,,stellar_eclipse,0.761843690128991,2.0,0.10688317783789629,6.63291460179053e-06,16114.059090862345,16114.059090862345,0.10938376784248723,0.02849964612654242,0.006496378110608325,0.7574273821646155,0.008576898939199475,381.0,1541.0
9278021-r1,9278021,K07152.01,1,0,official_kepler_false_positive,,stellar_eclipse,1.6788257466393288,4.0,0.000665047599389163,3.2383125912091316e-06,205.368561761002,205.368561761002,0.09927573901001922,0.497150322409413,-6.021038312598037e-06,-0.02282021384943813,0.0001551655235910786,130.0,1050.0
9278021-r2,9278021,K07152.01,2,0,official_kepler_false_positive,,stellar_eclipse,0.8399645265033184,2.0,0.0006462302951360441,3.293351966875134e-06,196.22266360713752,196.22266360713752,0.09921053890244745,8.918072706388982,-2.5128491472070635e-06,-0.015825417191389243,0.00015878564949139718,252.0,1009.0
9278021-r3,9278021,K07152.01,3,0,official_kepler_false_positive,,stellar_eclipse,3.3581652406635234,2.0,0.0011941006296229755,6.200418587650026e-06,192.58387361159475,192.58387361159475,0.02481513783903853,0.11414857196257584,0.0009703832797974821,0.833545074782513,0.00015775113389770486,66.0,263.0
9278021-r4,9278021,K07152.01,4,0,official_kepler_false_positive,,stellar_eclipse,0.559825147004258,2.0,0.0004155116545657535,2.812381782544421e-06,147.74368727059218,147.74368727059218,0.14885600223438963,0.05347543006203597,-4.953678891306268e-06,-0.031530150788303436,0.00015710926739823604,381.0,1532.0
9278021-r5,9278021,K07152.01,5,0,official_kepler_false_positive,,stellar_eclipse,1.1202552734001074,2.0,0.0004225173178640209,3.7477841601235775e-06,112.73790053322841,112.73790053322841,0.07438780723647637,0.1616734015558879,6.837442842011487e-05,0.429598474484502,0.0001591589181087316,190.0,760.0
11955499-r1,11955499,K01512.01,1,0,official_kepler_false_positive,,stellar_eclipse,4.523453261799463,4.0,0.00019855852668201985,1.815262517279448e-05,10.93828164201845,10.93828164201845,0.03684500690526985,0.5600240188066207,-6.356813052210697e-05,-0.16672915725328682,0.00038126582998039966,48.0,385.0
11955499-r2,11955499,K01512.01,2,0,official_kepler_false_positive,,stellar_eclipse,31.661317897256367,4.0,0.00039613339725978584,4.768934814869018e-05,8.306538307562628,8.306538307562628,0.005264047037066302,0.9582907250096537,2.1306389259567737e-06,0.005577439305415786,0.000382010239696896,7.0,54.0
11955499-r3,11955499,K01512.01,3,0,official_kepler_false_positive,,stellar_eclipse,3.0125184788948696,4.0,0.00011801071090091901,1.470240904537758e-05,8.026624108789942,8.026624108789942,0.05532469521242826,5.812707128510346e-05,-1.7171942225946424e-06,-0.0045026883571578896,0.0003813708803241583,77.0,596.0
11955499-r4,11955499,K01512.01,4,0,official_kepler_false_positive,,stellar_eclipse,13.553043076982204,4.0,0.000225397748253501,3.079539271800632e-05,7.319203567802176,7.319203567802176,0.012297361243522114,0.7223020644581567,-9.053243747525475e-05,-0.23697919907777423,0.00038202693665760466,17.0,129.0
11955499-r5,11955499,K01512.01,5,0,official_kepler_false_positive,,stellar_eclipse,11.601480098280861,8.0,0.00013910892624265073,1.9971148499213257e-05,6.965494560722473,6.965494560722473,0.02873196613790059,0.019367818000144088,-4.932955966818753e-06,-0.012884442420799013,0.0003828614235456253,20.0,315.0
4069063-r1,4069063,K06381.01,1,0,official_kepler_false_positive,,stellar_eclipse,0.504355822547758,1.0,0.004035366307179077,4.250783585651472e-06,949.3229250250386,949.3229250250386,0.08261363268532744,0.008850147850421116,0.0024808734894703477,0.5590714612327471,0.0007363540113127386,570.0,1146.0
4069063-r2,4069063,K06381.01,2,0,official_kepler_false_positive,,stellar_eclipse,1.008689043490784,1.0,0.00398503652874425,5.874858324145973e-06,678.3204477230613,678.3204477230613,0.041307741900784664,0.025193652623780025,0.004351985419229321,0.9858620231448111,0.0007986625156498444,284.0,574.0
4069063-r3,4069063,K06381.01,3,0,official_kepler_false_positive,,stellar_eclipse,2.017287686639418,1.0,0.004037709398033729,8.18185738155725e-06,493.4954509394337,493.4954509394337,0.020654796508513273,0.024506579629326244,0.004320118403638773,0.9915269847097143,0.0008706256570432286,143.0,290.0
4069063-r4,4069063,K06381.01,4,0,official_kepler_false_positive,,stellar_eclipse,1.2608471788352869,1.0,0.0030522302459517828,6.510997131317032e-06,468.7807695799712,468.7807695799712,0.03304656374387611,0.691579777248838,-0.0006291293991860236,-0.2125317125441848,0.0008933294985499562,230.0,464.0
4069063-r5,4069063,K06381.01,5,0,official_kepler_false_positive,,stellar_eclipse,2.521553111883073,1.0,0.0040138587185734684,9.025751454691574e-06,444.71186013958646,444.71186013958646,0.016524207430058998,0.016272861300143323,0.002399000853180233,0.5513423523364692,0.0008931827288354087,116.0,237.0
4847843-r1,4847843,K03505.01,1,0,official_kepler_false_positive,,stellar_eclipse,8.532209828380843,8.0,0.0009741857671223161,5.719996513880997e-06,170.31230084812316,170.31230084812316,0.03906764367474422,0.11314095154681976,-0.0005420583074513541,-0.5186025670206845,0.0010452287395440794,35.0,548.0
4847843-r2,4847843,K03505.01,2,0,official_kepler_false_positive,,stellar_eclipse,17.057953023450033,8.0,0.0010418691008051112,7.954648610083422e-06,130.9761313006867,130.9761313006867,0.019541227067227288,0.245722984711319,0.0010306784670959246,0.9851681657246382,0.0010461954648502182,18.0,279.0
4847843-r3,4847843,K03505.01,3,0,official_kepler_false_positive,,stellar_eclipse,9.765893317576715,8.0,0.0007873609598712992,6.1394584844907844e-06,128.2459946362198,128.2459946362198,0.03413239552119599,0.23321346397322634,9.003698835030605e-05,0.08547893275407195,0.0010533237307647242,30.0,475.0
4847843-r4,4847843,K03505.01,4,0,official_kepler_false_positive,,stellar_eclipse,4.914910955306075,8.0,0.0005541898272854427,4.413224060953987e-06,125.57482231383601,125.57482231383601,0.06782082856932961,0.08300479706387529,-0.00037477901663107716,-0.3549534436957844,0.0010558540092719438,60.0,951.0
4847843-r5,4847843,K03505.01,5,0,official_kepler_false_positive,,stellar_eclipse,39.76170941113584,8.0,0.0015165721683007044,1.2332545099977295e-05,122.97317025854595,122.97317025854595,0.00838327472007475,0.588053105647921,-0.00011493597468170691,-0.10810505616557933,0.0010631877800948088,7.0,114.0
5986270-r1,5986270,K05220.01,1,0,official_kepler_false_positive,,stellar_eclipse,1.5144757477452846,8.0,0.0003243831406489591,1.6462727291562696e-06,197.04094886830114,197.04094886830114,0.2200981652097051,0.022529418078737675,-0.0001583841789352114,-0.5145840352848976,0.0003077906970967775,142.0,2266.0
5986270-r2,5986270,K05220.01,2,0,official_kepler_false_positive,,stellar_eclipse,3.029369435621818,8.0,0.0002861255259949901,2.1800890409665977e-06,131.2448806531907,131.2448806531907,0.11003389993103045,0.10574464022104631,0.0003066083480094406,0.96476258113469,0.0003178070480810192,70.0,1129.0
5986270-r3,5986270,K05220.01,3,0,official_kepler_false_positive,,stellar_eclipse,4.544681236657851,8.0,0.00032792930377528387,2.5564746373443433e-06,128.2740297849916,128.2740297849916,0.07334581150480554,0.026017703172946983,-0.00016894936203826205,-0.5094317258687866,0.00033164279619636025,49.0,793.0
5986270-r4,5986270,K05220.01,4,0,official_kepler_false_positive,,stellar_eclipse,1.534779869597741,2.0,0.0003246896091365538,2.9983502827895933e-06,108.28941868475431,108.28941868475431,0.05429660304000118,0.2670023395325026,-8.225291816099656e-06,-0.02426128002408661,0.0003390295898622654,140.0,563.0
5986270-r5,5986270,K05220.01,5,0,official_kepler_false_positive,,stellar_eclipse,9.093127050438714,8.0,0.0003321645551321344,3.5341494015516087e-06,93.98712883680106,93.98712883680106,0.03665772307858066,0.09487539437602831,0.0003026976047855179,0.9017680405815656,0.0003356712493273803,24.0,399.0
10480952-r1,10480952,K05797.01,1,0,official_kepler_false_positive,,stellar_eclipse,2.0373665427164585,4.0,0.21561844306643246,2.04744448622856e-06,105311.00819422294,105311.00819422294,0.08180494926771838,0.011365757023665884,-0.0006711082251888989,-0.0030592430645406976,0.0006197661093675611,107.0,852.0
10480952-r2,10480952,K05797.01,2,0,official_kepler_false_positive,,stellar_eclipse,1.0185887825463236,4.0,0.11724419609580244,1.5919039136818739e-06,73650.2970362271,73650.2970362271,0.16362507571507343,5.175009791330896,1.527675868429057e-05,0.0003593807323806619,0.0007316571627820902,212.0,1685.0
10480952-r3,10480952,K05797.01,3,0,official_kepler_false_positive,,stellar_eclipse,4.075489206332028,4.0,0.20221071154490133,2.803069825719609e-06,72139.02047302351,72139.02047302351,0.04089488604404082,0.023783947463181177,0.2212978849123166,1.012692845708723,0.0006593949909696863,54.0,432.0
10480952-r4,10480952,K05797.01,4,0,official_kepler_false_positive,,stellar_eclipse,0.6790381934472343,4.0,0.07928633122091937,1.3868294451192883e-06,57170.93150852414,57170.93150852414,0.24544520216242852,0.04702713193062051,0.00013874177231576468,0.19503144072176198,0.0007113815690553098,318.0,2543.0
10480952-r5,10480952,K05797.01,5,0,official_kepler_false_positive,,stellar_eclipse,0.5092707723566784,4.0,0.06001332814720177,1.2846894721962591e-06,46714.26788031907,46714.26788031907,0.32726532860978363,45.21786804039938,-1.915857231082896e-06,-0.0026571432289393335,0.0007210214376918097,423.0,3367.0
12644769-r1,12644769,K01611.01,1,0,official_kepler_false_positive,,stellar_eclipse,41.03805704121221,4.0,0.007492287373387848,1.0089184246225862e-05,742.6058629259887,742.6058629259887,0.00406127089543476,0.6212303521900141,0.0004172564827030767,0.05380234659760034,0.00024050533213236525,5.0,32.0
12644769-r2,12644769,K01611.01,2,0,official_kepler_false_positive,,stellar_eclipse,29.432193078330883,4.0,0.003971371626959689,7.093679890307433e-06,559.8464673301706,559.8464673301706,0.005662733532057898,3.3993574781845246,0.0001394014836545443,0.5756945645483003,0.0002421448668078377,8.0,65.0
12644769-r3,12644769,K01611.01,3,0,official_kepler_false_positive,,stellar_eclipse,44.20754070649111,8.0,0.003309231980410593,6.407381885637846e-06,516.4717882397864,516.4717882397864,0.007540191741188379,2.714615333805615,6.689412351135182e-05,0.19999148250950488,0.0002418723530287868,5.0,80.0
12644769-r4,12644769,K01611.01,4,0,official_kepler_false_positive,,stellar_eclipse,12.32335165259227,4.0,0.0023807988203769655,4.893898582657745e-06,486.4830727824396,486.4830727824396,0.013524459202753303,0.19209089022704134,-5.85252941553982e-06,-0.02414318999491688,0.00024240911895950844,18.0,138.0
12644769-r5,12644769,K01611.01,5,0,official_kepler_false_positive,,stellar_eclipse,20.48075397100626,8.0,0.0021891323701186943,4.907948841559161e-06,446.03813951395,446.03813951395,0.016275442486405493,0.9827424264735364,-4.957300866270664e-05,-0.12647744820729614,0.0002397158067423733,10.0,137.0
9048145-r1,9048145,K06063.01,1,0,official_kepler_false_positive,,stellar_eclipse,8.675163940695171,8.0,0.01587160357853038,5.092477566570396e-06,3116.6761897430106,3116.6761897430106,0.03842386560208592,0.08381497483904454,0.0005446981508757665,0.08958581826031747,0.0002453224419853701,34.0,539.0
9048145-r2,9048145,K06063.01,2,0,official_kepler_false_positive,,stellar_eclipse,4.338418682870775,8.0,0.007727332121237472,3.6770266740574865e-06,2101.5164713805566,2101.5164713805566,0.07683291026046461,3.730327502037521,-0.00020916923282943145,-0.33073210849754187,0.00024064893198704666,68.0,1083.0
9048145-r3,9048145,K06063.01,3,0,official_kepler_false_positive,,stellar_eclipse,2.1663931831473064,4.0,0.007803962853238559,3.714721651616435e-06,2100.820353482668,2100.820353482668,0.07693278762285229,6.574346084204757,9.873428494899805e-06,0.035574576912369066,0.0002556285101007992,133.0,1060.0
9048145-r4,9048145,K06063.01,4,0,official_kepler_false_positive,,stellar_eclipse,1.7336314772049353,4.0,0.006349638184016863,3.3460239999078285e-06,1897.6666587543227,1897.6666587543227,0.09613730995204163,0.0016809039248005112,6.459215054765988e-05,0.2546104518720455,0.00025369009823728944,166.0,1337.0
9048145-r5,9048145,K06063.01,5,0,official_kepler_false_positive,,stellar_eclipse,2.8870894668120632,8.0,0.005432528477868512,3.09967741792286e-06,1752.6109157219753,1752.6109157219753,0.11545653058732587,0.02666101164805363,-9.948627489153594e-06,-0.03894735396227015,0.0002554378276581055,100.0,1591.0
4136659-r1,4136659,K07683.01,1,0,official_kepler_false_positive,,stellar_eclipse,15.922782773368827,8.0,0.00013160801383250862,8.809271194654817e-06,14.939716456040557,14.939716456040557,0.020934364179786464,0.159535103397801,-7.677033313946424e-06,-0.04678961527813031,0.0001640755810517362,13.0,205.0
4136659-r2,4136659,K07683.01,2,0,official_kepler_false_positive,,stellar_eclipse,11.693863417669169,8.0,0.00011676382674095999,7.882059404145958e-06,14.8138729682172,14.8138729682172,0.028504979186747985,0.05811952064814832,3.242699584893316e-05,0.19681664487928838,0.0001647573855799711,18.0,258.0
4136659-r3,4136659,K07683.01,3,0,official_kepler_false_positive,,stellar_eclipse,5.843813928861574,8.0,7.589832922750044e-05,5.481223635556075e-06,13.846968172427157,13.846968172427157,0.05704037421298757,0.39340172929653133,-5.721277127856972e-05,-0.3470995728294934,0.00016483100457941068,37.0,551.0
4136659-r4,4136659,K07683.01,4,0,official_kepler_false_positive,,stellar_eclipse,8.067745335477346,8.0,7.851412094703012e-05,6.25924488056816e-06,12.543704942872163,12.543704942872163,0.041316789198529026,0.2530974356545215,-2.445922467209094e-05,-0.14837631543457458,0.0001648458825820894,27.0,418.0
4136659-r5,4136659,K07683.01,5,0,official_kepler_false_positive,,stellar_eclipse,5.253788518998792,8.0,6.291918547328285e-05,5.043958883571827e-06,12.474167003662663,12.474167003662663,0.06344627921887809,0.11518513575295489,-3.194162527453415e-05,-0.193331797135484,0.00016521661593074593,41.0,657.0
8589731-r1,8589731,K03668.01,1,0,official_kepler_false_positive,,stellar_eclipse,2.2349625216847695,4.0,0.000759139715999027,4.563056697107748e-06,166.36648772744832,166.36648772744832,0.07457246600315662,3.871293344668025,8.968530815778308e-06,0.027644828231283565,0.00020742881133425936,131.0,1041.0
8589731-r2,8589731,K03668.01,2,0,official_kepler_false_positive,,stellar_eclipse,4.475919821406206,8.0,0.0005840804405714524,4.577431548281051e-06,127.60003823340415,127.60003823340415,0.07447258812348642,0.10845334548219909,5.120966592553344e-06,0.02177853527381752,0.0002114006524711512,67.0,1036.0
8589731-r3,8589731,K03668.01,3,0,official_kepler_false_positive,,stellar_eclipse,1.489310116965404,4.0,0.00043247919648614576,3.781923252631981e-06,114.35430271758355,114.35430271758355,0.11190863794457005,0.18450467209139143,2.0210482341020963e-06,0.009688794947257752,0.00020859645034330298,198.0,1579.0
8589731-r4,8589731,K03668.01,4,0,official_kepler_false_positive,,stellar_eclipse,1.1175367834454695,4.0,0.0003800060743826796,3.3623530101696838e-06,113.01789943926866,113.01789943926866,0.1491375220355771,1.4816106435750374,-3.2911732792406667e-06,-0.015960723141291416,0.00020620452156871203,262.0,2084.0
8589731-r5,8589731,K03668.01,5,0,official_kepler_false_positive,,stellar_eclipse,0.8937811179266504,4.0,0.00028070155786535364,3.0779752538741854e-06,91.19682086853696,91.19682086853696,0.18647369397699048,0.028353127776941343,-8.40503959809169e-06,-0.04046707540230119,0.00020770069283568073,324.0,2601.0
4832197-r1,4832197,K01661.01,1,0,official_kepler_false_positive,,stellar_eclipse,0.947747887628617,1.0,0.010831854366035574,2.0528526841877514e-06,5276.488882747763,5276.488882747763,0.04396387183823943,0.3626740795872275,-0.002215146190361228,-0.21248267343237742,0.004861098750007569,225.0,455.0
4832197-r2,4832197,K01661.01,2,0,official_kepler_false_positive,,stellar_eclipse,1.998235791295583,8.0,0.005302633898740778,1.1318427042645875e-06,4684.9565569149945,4684.9565569149945,0.1668138138578792,0.07624244710622179,-0.0040167457995798905,-0.8552306621279364,0.004447307108853535,111.0,1729.0
4832197-r3,4832197,K01661.01,3,0,official_kepler_false_positive,,stellar_eclipse,1.8956596034950381,2.0,0.008397077975228404,2.059307513230229e-06,4077.6221721527886,4077.6221721527886,0.04396007235670961,0.03254830209453275,0.006215246971081112,0.7191473975729029,0.004829746140846378,113.0,453.0
4832197-r4,4832197,K01661.01,4,0,official_kepler_false_positive,,stellar_eclipse,4.004190592686913,8.0,0.004731530503674094,1.508673618192406e-06,3136.218759722931,3136.218759722931,0.08324612068719192,0.017854337535612018,0.005004748931199066,0.9511916146557947,0.004709049206970199,56.0,886.0
4832197-r5,4832197,K01661.01,5,0,official_kepler_false_positive,,stellar_eclipse,3.7919746898873234,2.0,0.007836874984929548,2.9011985175758645e-06,2701.254304885608,2701.254304885608,0.021976236696824983,0.04676373197006359,0.007514501789042338,0.9380645225573627,0.004980022923757176,56.0,223.0
9243795-r1,9243795,K07150.01,1,0,official_kepler_false_positive,,stellar_eclipse,14.510142837447145,8.0,0.008817064580817829,6.696834940936618e-06,1316.601746732715,1316.601746732715,0.022972436389329068,0.20631466474786336,4.176300252090037e-05,0.02262113579631606,0.0003448155993687554,14.0,223.0
9243795-r2,9243795,K07150.01,2,0,official_kepler_false_positive,,stellar_eclipse,4.812145247814352,4.0,0.006920231322601921,5.971062878486022e-06,1158.9613881869827,1158.9613881869827,0.03463458771165847,0.11940444139527909,-0.00036967481157546,-1.071405618458625,0.0003450372157906842,35.0,286.0
9243795-r3,9243795,K07150.01,3,0,official_kepler_false_positive,,stellar_eclipse,7.204653545254223,8.0,0.005185662002757235,4.854361560608957e-06,1068.2479947181184,1068.2479947181184,0.04626639313598963,5.721016588253365,-2.770126473339296e-05,-0.07682534951875179,0.0003605745357088358,29.0,436.0
9243795-r4,9243795,K07150.01,4,0,official_kepler_false_positive,,stellar_eclipse,9.628508616294347,4.0,0.00837132767315407,8.341824484902397e-06,1003.5367788311861,1003.5367788311861,0.017309707381329677,0.0919920766731961,0.0002586682687785169,0.7427202631418923,0.0003482714577952747,18.0,145.0
9243795-r5,9243795,K07150.01,5,0,official_kepler_false_positive,,stellar_eclipse,3.6125096031736286,4.0,0.004368231454366399,4.8879891839730264e-06,893.6663503039586,893.6663503039586,0.04613597885532213,0.2916599201180446,-0.00014052676380937879,-0.39551416334629236,0.00035530147042127694,54.0,430.0
6145939-r1,6145939,K05243.01,1,0,official_kepler_false_positive,,stellar_eclipse,1.7063636022538005,8.0,0.003027914174854406,1.4762858461978117e-06,2051.035158707799,2051.035158707799,0.19534718912959684,0.1200910561683927,-0.002716635003423229,-1.0697230253647187,0.0025395685976722813,205.0,3265.0
6145939-r2,6145939,K05243.01,2,0,official_kepler_false_positive,,stellar_eclipse,3.410656024470687,8.0,0.0026682340587661267,1.9716336289518494e-06,1353.3112945454277,1353.3112945454277,0.09773290854948194,0.10510008240594833,0.0024767964923757546,0.8021692574235741,0.0028987510443130478,104.0,1630.0
6145939-r3,6145939,K05243.01,3,0,official_kepler_false_positive,,stellar_eclipse,0.6860318483743336,8.0,0.0014361004083058872,1.175373095368259e-06,1221.8251497886629,1221.8251497886629,0.48588609132829913,0.11217110649264121,-0.000710828000250241,-0.2421994705387831,0.002934886681085527,511.0,8068.0
6145939-r4,6145939,K05243.01,4,0,official_kepler_false_positive,,stellar_eclipse,5.119228754417184,8.0,0.0027678174526228386,2.318547633807436e-06,1193.7720891580855,1193.7720891580855,0.06511397503885968,0.044799096853684,-0.002840565197630429,-0.9952309040012053,0.0028541770419410017,71.0,1141.0
6145939-r5,6145939,K05243.01,5,0,official_kepler_false_positive,,stellar_eclipse,0.8674451101605143,8.0,0.001428193110085018,1.20669961155007e-06,1183.553136517901,1183.553136517901,0.38427023154427886,0.10277198958773472,-0.0008843949986924171,-0.3029961256884545,0.002918832696896482,405.0,6391.0
11560447-r1,11560447,K07458.01,1,0,official_kepler_false_positive,,stellar_eclipse,0.527577090196538,2.0,0.17644150126078376,7.933628465340608e-07,222396.9801857979,222396.9801857979,0.15795479917880667,0.0036330886078021216,0.011939251896252334,0.06229365704057359,0.022573569723770965,404.0,1617.0
11560447-r2,11560447,K07458.01,2,0,official_kepler_false_positive,,stellar_eclipse,1.0552048785324657,2.0,0.1609896720215044,1.0606866232370489e-06,151778.73322300345,151778.73322300345,0.07897360505879181,0.033115624520567065,0.18941867889085406,1.0055123921743492,0.021968023882249034,203.0,812.0
11560447-r3,11560447,K07458.01,3,0,official_kepler_false_positive,,stellar_eclipse,1.5836132532067337,2.0,0.13395211033938847,1.307679946563185e-06,102434.93500947108,102434.93500947108,0.052622275776353665,0.009180375535456455,0.0030395369127189653,0.018981702998512543,0.028449963550317637,134.0,527.0
11560447-r4,11560447,K07458.01,4,0,official_kepler_false_positive,,stellar_eclipse,2.63839250546558,1.0,0.21212528681014683,2.1694559597619647e-06,97778.10231898945,97778.10231898945,0.015792444293391446,0.003311868545528374,0.01456152061407534,0.06088372954386994,0.028174078639621365,83.0,167.0
11560447-r5,11560447,K07458.01,5,0,official_kepler_false_positive,,stellar_eclipse,3.694104548139014,1.0,0.20462422466056118,2.5518759597381437e-06,80185.80365542466,80185.80365542466,0.01127923320081917,0.0070176838442171765,0.01073823914311578,0.045229391289788985,0.028320164695157468,60.0,121.0
5347784-r1,5347784,K06567.01,1,0,official_kepler_false_positive,,stellar_eclipse,4.79196331715294,4.0,0.08377904123047915,5.527005623676572e-06,15158.124839169099,15158.124839169099,0.03478045544924761,0.09077474876793219,-3.0417039694974335e-05,-0.0003224093658110192,0.003345891949903799,44.0,358.0
5347784-r2,5347784,K06567.01,2,0,official_kepler_false_positive,,stellar_eclipse,2.395458121533406,4.0,0.04208617043839569,4.051746539663707e-06,10387.16761436139,10387.16761436139,0.06957611371639351,16.433649296064864,-0.00018828175883167653,-0.03316180485122115,0.003327954787933062,89.0,717.0
5347784-r3,5347784,K06567.01,3,0,official_kepler_false_positive,,stellar_eclipse,1.5968557733498272,4.0,0.02805028448098573,3.415306722772929e-06,8213.108443218054,8213.108443218054,0.10437177198353942,0.10619115670141854,-3.346779183366344e-05,-0.009913891565905037,0.003375848082579686,134.0,1058.0
5347784-r4,5347784,K06567.01,4,0,official_kepler_false_positive,,stellar_eclipse,1.1975982193998005,4.0,0.02062225536983059,3.0141385076621e-06,6841.840651120618,6841.840651120618,0.13916743025068531,1.6713443941968806,-2.2767612743335164e-05,-0.0067913368929848296,0.003352449319198576,177.0,1423.0
5347784-r5,5347784,K06567.01,5,0,official_kepler_false_positive,,stellar_eclipse,0.9580576436453836,4.0,0.015986220432718648,2.745818545207688e-06,5822.023622289099,5822.023622289099,0.1739630885178312,0.018181770222999254,-7.199930659540499e-05,-0.021152487091202363,0.0034038222685100032,223.0,1797.0
4275328-r1,4275328,K05995.01,1,0,official_kepler_false_positive,,stellar_eclipse,6.158200012912351,8.0,0.0007965740514504303,5.672812443801239e-06,140.41959950938585,140.41959950938585,0.05412837073079939,0.26873042548636006,5.9095828206290335e-05,0.1796503831837746,0.00021911252354017013,34.0,524.0
4275328-r2,4275328,K05995.01,2,0,official_kepler_false_positive,,stellar_eclipse,3.078236061245132,8.0,0.00044255069462714015,4.056367125619253e-06,109.10025668832417,109.10025668832417,0.10828712506165025,1.4044421762807002,-1.5315829435813555e-06,-0.006952587912230408,0.00022028961919159966,67.0,1083.0
4275328-r3,4275328,K05995.01,3,0,official_kepler_false_positive,,stellar_eclipse,12.323317410228556,8.0,0.0006552055295488172,7.465280612986324e-06,87.76703295105158,87.76703295105158,0.027048993565373977,0.3770290304523428,0.0002382516724837025,1.061767216721048,0.0002243916262732917,18.0,294.0
4275328-r4,4275328,K05995.01,4,0,official_kepler_false_positive,,stellar_eclipse,1.5368362053975884,4.0,0.0003508288712284226,4.026938475444369e-06,87.12049448178097,87.12049448178097,0.10844790491095245,1.45381962213631,-5.613140837468222e-06,-0.02504460557350848,0.00022412574320617985,136.0,1098.0
4275328-r5,4275328,K05995.01,5,0,official_kepler_false_positive,,stellar_eclipse,2.0519654581568956,4.0,0.0003674753342325965,4.592846937887899e-06,80.01035941371616,80.01035941371616,0.08122293969625055,0.15354949835269335,2.2060943507762332e-05,0.09823324653513811,0.000224577159830212,102.0,819.0
9366989-r1,9366989,K01785.01,1,0,official_kepler_false_positive,,stellar_eclipse,1.2192853729148205,2.0,0.008546154740941492,1.3085255122018876e-05,653.1133448487886,653.1133448487886,0.06834604530202545,0.0780597463880407,0.0004528672564284575,0.06286146775887659,0.001354328341049936,238.0,962.0
9366989-r2,9366989,K01785.01,2,0,official_kepler_false_positive,,stellar_eclipse,2.438438541849058,2.0,0.008608227894355875,1.836209679315431e-05,468.8041889401848,468.8041889401848,0.034174875397983986,0.1359926775793645,0.007284072633708005,0.9669302682389588,0.001322591298861807,119.0,473.0
9366989-r3,9366989,K01785.01,3,0,official_kepler_false_positive,,stellar_eclipse,0.6094200439413668,2.0,0.004595922969955829,9.845093097313682e-06,466.8237186309458,466.8237186309458,0.13674202901890595,4.067543581501733,-0.0002537573842480434,-0.16197971955075433,0.001312027063426044,475.0,1911.0
9366989-r4,9366989,K01785.01,4,0,official_kepler_false_positive,,stellar_eclipse,8.53222207917081,2.0,0.00881387976981849,3.350837986912278e-05,263.0350916470385,263.0350916470385,0.009766896895097221,0.10534874382250435,0.0004353452458649709,0.05306349996773866,0.0014260259549785193,35.0,139.0
9366989-r5,9366989,K01785.01,5,0,official_kepler_false_positive,,stellar_eclipse,1.2032305763677817,8.0,0.001843007562622228,7.423740126735716e-06,248.25863125041994,248.25863125041994,0.2770319670063355,0.05490824625478371,-0.0008493938936291467,-0.7048901287066484,0.001205001827997844,243.0,3867.0
7049486-r1,7049486,K06815.01,1,0,official_kepler_false_positive,,stellar_eclipse,26.751812477248162,8.0,0.016632833720268744,8.590801146504931e-06,1936.1213740857709,1936.1213740857709,0.012460214933729298,0.41785634077690675,2.971002926399624e-05,0.0020445249598715293,0.0006181642134311326,10.0,121.0
7049486-r2,7049486,K06815.01,2,0,official_kepler_false_positive,,stellar_eclipse,8.924344740354195,8.0,0.007149339373620373,4.545595058288202e-06,1572.8060423210463,1572.8060423210463,0.03735101489592431,0.009618983464085955,8.923797561899427e-06,0.014595458863058507,0.0006114091818302332,32.0,450.0
7049486-r3,7049486,K06815.01,3,0,official_kepler_false_positive,,stellar_eclipse,17.841612761409824,8.0,0.008335036993813156,6.372870360167597e-06,1307.8936998169152,1307.8936998169152,0.018682914924278052,0.7877928325888996,0.0004861130179023565,0.7975618912175209,0.0006094988028581443,16.0,225.0
7049486-r4,7049486,K06815.01,4,0,official_kepler_false_positive,,stellar_eclipse,46.97602376575988,8.0,0.013437181657400817,1.1954222542902727e-05,1124.0531627360851,1124.0531627360851,0.007095818390152787,20.650087862464574,-0.00021203673173153526,-0.341702887283663,0.0006205295290803732,4.0,63.0
7049486-r5,7049486,K06815.01,5,0,official_kepler_false_positive,,stellar_eclipse,4.45027188554334,8.0,0.003557200936641986,3.2183977869082914e-06,1105.2707502819785,1105.2707502819785,0.07490179070095988,1.420692984200506,9.603516117784316e-06,0.015871423906162394,0.0006050822014813404,67.0,934.0
9821151-r1,9821151,K03243.01,1,0,official_kepler_false_positive,,stellar_eclipse,15.704404033782675,8.0,0.00017131610351588182,4.859153864040998e-06,35.25636526632045,35.25636526632045,0.021225468512926705,0.5553108849083711,-5.5368412198664174e-05,-0.33225198825490726,0.0001539359557800406,13.0,196.0
9821151-r2,9821151,K03243.01,2,0,official_kepler_false_positive,,stellar_eclipse,5.302482067929271,8.0,7.5865910298132e-05,2.737601965104923e-06,27.71254231446474,27.71254231446474,0.06286364179323041,0.10882810697008885,-1.6498309952872603e-05,-0.10636234441512935,0.00015511419989465582,40.0,646.0
9821151-r3,9821151,K03243.01,3,0,official_kepler_false_positive,,stellar_eclipse,15.285036485280225,8.0,0.00011864818878791277,4.355685929664485e-06,27.239840223524137,27.239840223524137,0.021807820586777108,0.14153939443515007,2.2321519264623113e-05,0.14420552832647188,0.00015478962230968464,15.0,245.0
9821151-r4,9821151,K03243.01,4,0,official_kepler_false_positive,,stellar_eclipse,23.901600303243107,8.0,0.00014571898099034178,5.3510406899964375e-06,27.231895519456195,27.231895519456195,0.013946067589796685,0.2218359244698679,-7.366860119772944e-05,-0.4421084162901569,0.00015373919288252117,10.0,161.0
9821151-r5,9821151,K03243.01,5,0,official_kepler_false_positive,,stellar_eclipse,32.805883262716556,8.0,0.0001882365564083037,7.047193439207873e-06,26.710854190694967,26.710854190694967,0.010160779109769074,0.9713491232071926,-7.730981412823468e-06,-0.05003143913711528,0.00015452246719579814,6.0,92.0
8938628-r1,8938628,K07109.01,1,0,official_kepler_false_positive,,stellar_eclipse,3.4287340804687583,4.0,0.024221331189506284,5.45826171641017e-06,4437.554014071049,4437.554014071049,0.04860880510275118,0.6889512420683824,-2.481020626077246e-05,-0.0025508241946512237,0.0006948247338641936,83.0,663.0
8938628-r2,8938628,K07109.01,2,0,official_kepler_false_positive,,stellar_eclipse,1.1438691806016663,2.0,0.01650714760290334,4.488553716785593e-06,3677.609458292208,3677.609458292208,0.07285215367853573,0.12819143379121792,1.6039296929726277e-05,0.023578614690938724,0.0006802476371052531,252.0,1012.0
8938628-r3,8938628,K07109.01,3,0,official_kepler_false_positive,,stellar_eclipse,1.7163920495136833,4.0,0.014033525566076748,3.995347131875699e-06,3512.4671531328036,3512.4671531328036,0.0971029123060139,29.411997373422412,1.7450783881933774e-05,0.025901305031019242,0.000673741491443571,169.0,1308.0
8938628-r4,8938628,K07109.01,4,0,official_kepler_false_positive,,stellar_eclipse,2.28762202011684,2.0,0.021210964552651285,6.167837246346472e-06,3438.963076597981,3438.963076597981,0.036427929352191274,0.4670074545206365,0.00030861828005290803,0.45608756896135627,0.0006766645290414764,128.0,514.0
8938628-r5,8938628,K07109.01,5,0,official_kepler_false_positive,,stellar_eclipse,0.8577548913957864,2.0,0.01346189026013471,3.963450386574759e-06,3396.5078270523195,3396.5078270523195,0.09715285120406449,1.4979355880804444,-4.0817578056406845e-05,-0.060356458011735885,0.0006762752388231621,335.0,1332.0
10215422-r1,10215422,K07297.01,1,0,official_kepler_false_positive,,stellar_eclipse,12.420768126004228,8.0,0.005648975802610656,1.344764692205479e-05,420.07169249410197,420.07169249410197,0.02683677289132093,30.788029606217123,-8.365047441483142e-05,-0.20161051330843444,0.00041491127145169506,25.0,309.0
10215422-r2,10215422,K07297.01,2,0,official_kepler_false_positive,,stellar_eclipse,6.212099670298706,1.0,0.007401863136835422,2.456439300317053e-05,301.3248947726924,301.3248947726924,0.006707340332268549,1.5332552310365435,-3.830616839461953e-05,-0.09179970473448983,0.0004172798649561192,46.0,91.0
10215422-r3,10215422,K07297.01,3,0,official_kepler_false_positive,,stellar_eclipse,4.141781166702687,2.0,0.003051422505285172,1.422284571226774e-05,214.54373948901133,214.54373948901133,0.020120168106243966,0.20683834182523766,-2.538113761607619e-06,-0.006082194020000022,0.00041730233420071163,71.0,276.0
10215422-r4,10215422,K07297.01,4,0,official_kepler_false_positive,,stellar_eclipse,8.260018324695258,8.0,0.0018746111605094224,1.039867188496524e-05,180.27409473509786,180.27409473509786,0.040355035573801976,0.023929901297698116,-4.887765766792285e-06,-0.011711975577671637,0.00041733059759026426,37.0,526.0
10215422-r5,10215422,K07297.01,5,0,official_kepler_false_positive,,stellar_eclipse,3.1064789147230742,2.0,0.0021051294347741683,1.2356381207358021e-05,170.36779615706567,170.36779615706567,0.026825655547950834,0.612755904838917,3.14430045127434e-05,0.07539912185874784,0.0004170208317763766,94.0,368.0
9002237-r1,9002237,K01389.01,1,0,official_kepler_false_positive,,stellar_eclipse,4.350568708567849,2.0,0.015769842877673274,1.781364059532087e-05,885.2678257029368,885.2678257029368,0.019154583898242948,0.031994759092945746,0.0016091578872996504,0.09455420030689042,0.00469356144427187,64.0,257.0
9002237-r2,9002237,K01389.01,2,0,official_kepler_false_positive,,stellar_eclipse,2.175494765265348,2.0,0.007802104756719424,1.2636575046886149e-05,617.4224208514463,617.4224208514463,0.03830546258435563,2.681995060246832,-0.0003269544662640733,-0.05743613224858356,0.0046873753742171405,131.0,524.0
9002237-r3,9002237,K01389.01,3,0,official_kepler_false_positive,,stellar_eclipse,4.3998572934040086,8.0,0.005276186722830957,9.00034595258488e-06,586.2204353728923,586.2204353728923,0.07576003290675946,0.213466559734003,-0.0023867997836672927,-0.4598820409637612,0.004730260140968819,67.0,1080.0
9002237-r4,9002237,K01389.01,4,0,official_kepler_false_positive,,stellar_eclipse,1.4503766075367108,2.0,0.004753404250577553,1.0365597334272977e-05,458.5750437035424,458.5750437035424,0.0574563412704683,0.06366861339051268,3.142863448490907e-05,0.0066685503076068745,0.004712963543074444,198.0,797.0
9002237-r5,9002237,K01389.01,5,0,official_kepler_false_positive,,stellar_eclipse,13.046658703285628,2.0,0.012852531761904198,2.8936844455851768e-05,444.15802771836405,444.15802771836405,0.006387331440834498,0.0934916165731329,0.0012297026138665679,0.08351202958955917,0.0048003306056171435,24.0,97.0
8330575-r1,8330575,K07020.01,1,0,official_kepler_false_positive,,stellar_eclipse,0.9571084646508521,2.0,0.04292791545927044,4.207659068239605e-06,10202.327413668181,10202.327413668181,0.08706780517684887,0.005754375406012327,-0.0049240854466161554,-0.10937236229915807,0.004287886432445727,299.0,1199.0
8330575-r2,8330575,K07020.01,2,0,official_kepler_false_positive,,stellar_eclipse,2.8710810607610404,2.0,0.040221449686927216,6.974203465048509e-06,5767.174687188089,5767.174687188089,0.029025071591410965,0.00983063592661782,-0.004921291484302426,-0.10919347873873674,0.004773056807926559,102.0,411.0
8330575-r3,8330575,K07020.01,3,0,official_kepler_false_positive,,stellar_eclipse,1.915315489140905,4.0,0.021156408268057952,4.208775080590729e-06,5026.737676152681,5026.737676152681,0.0870178660443159,0.05893838422775197,0.020266048638799217,0.9519946125571018,0.004091032558901112,152.0,1215.0
8330575-r4,8330575,K07020.01,4,0,official_kepler_false_positive,,stellar_eclipse,1.4356321533780259,2.0,0.016619708785133875,5.069309122226636e-06,3278.4958234769983,3278.4958234769983,0.058046438384129914,1.7861464336587103,7.83262231996984e-05,0.0027980623386344547,0.00501766743023219,201.0,812.0
8330575-r5,8330575,K07020.01,5,0,official_kepler_false_positive,,stellar_eclipse,3.825588504778211,4.0,0.018094064968344502,5.784693581159341e-06,3127.9210755910385,3127.9210755910385,0.04356628175207495,0.010538150370828068,0.015123187186153242,0.9602702322896094,0.004621924162537765,76.0,615.0
10092312-r1,10092312,K01823.02,1,0,official_kepler_false_positive,,stellar_eclipse,5.449395382821513,8.0,0.0006827650363081415,6.230740804511245e-06,109.5800736589458,109.5800736589458,0.061168865519305476,0.38518441108297624,-0.0005451481816061143,-0.6380485279120758,0.0008543992466999888,54.0,872.0
10092312-r2,10092312,K01823.02,2,0,official_kepler_false_positive,,stellar_eclipse,10.934498291508678,8.0,0.0008622781926202053,8.91210259228999e-06,96.75362056156946,96.75362056156946,0.030484556716441895,0.2310515511538709,0.0004788909868986835,0.5553914279332488,0.0008622585132088864,26.0,412.0
10092312-r3,10092312,K01823.02,3,0,official_kepler_false_positive,,stellar_eclipse,5.15979299226422,8.0,0.0005418938851421798,6.104233605363318e-06,88.77345137415115,88.77345137415115,0.06460207489584965,0.27470340891677386,-0.00035815423321627904,-0.41620792813779073,0.0008605175658684418,58.0,911.0
10092312-r4,10092312,K01823.02,4,0,official_kepler_false_positive,,stellar_eclipse,21.858367676460112,8.0,0.0009964253251680156,1.1900238134121432e-05,83.73154502773986,83.73154502773986,0.015249690108027111,0.349944217639895,0.0005839720652027758,0.6407819110605153,0.0008592184159999005,14.0,227.0
10092312-r5,10092312,K01823.02,5,0,official_kepler_false_positive,,stellar_eclipse,16.340266435351882,8.0,0.0008259620562726706,1.0900327142806335e-05,75.77406122326923,75.77406122326923,0.020399504172843377,0.54962860383027,-0.0004280423638065578,-0.4970482987421009,0.000861168552210763,17.0,272.0
6197038-r1,6197038,K06144.01,1,0,official_kepler_false_positive,,stellar_eclipse,4.873572008880745,8.0,0.2026733759970184,4.35552212574956e-06,46532.509799187275,46532.509799187275,0.06839610304842628,5.864724432755696,-0.021346474682703676,-0.39074721749167196,0.029143788705020324,44.0,696.0
6197038-r2,6197038,K06144.01,2,0,official_kepler_false_positive,,stellar_eclipse,9.793187711516135,8.0,0.19611937236813434,6.03483115862192e-06,32497.90544478448,32497.90544478448,0.03403726581706951,0.03170838779073131,0.0025414209041434432,0.01863338128219471,0.030979255214657442,21.0,336.0
6197038-r3,6197038,K06144.01,3,0,official_kepler_false_positive,,stellar_eclipse,3.253182601527415,8.0,0.12071569010396666,3.71919778744673e-06,32457.453731397087,32457.453731397087,0.10246376369307664,0.09002885874976366,0.014979631294590012,0.48099234273704466,0.031143180386926195,67.0,1072.0
6197038-r4,6197038,K06144.01,4,0,official_kepler_false_positive,,stellar_eclipse,2.436244678007781,8.0,0.09996360558061199,3.3478278270189636e-06,29859.243290185408,29859.243290185408,0.13682260092443338,2.4399515356676305,0.001866754519561642,0.06049152475880043,0.030859769645500013,88.0,1406.0
6197038-r5,6197038,K06144.01,5,0,official_kepler_false_positive,,stellar_eclipse,1.9505695074296594,8.0,0.08049849086154083,3.0921555676296556e-06,26033.13096670887,26033.13096670887,0.17089026156908374,0.009351225428792243,0.010396777966259485,0.3354313754949233,0.030995245900653196,110.0,1737.0
8113154-r1,8113154,K01542.01,1,0,official_kepler_false_positive,,stellar_eclipse,2.5847763810049846,8.0,0.015151207145348546,2.5119343775589207e-06,6031.689076237882,6031.689076237882,0.12896022100129617,0.09011834623542457,0.004618703414608127,0.27722036544510814,0.006359266847400295,85.0,1339.0
8113154-r2,8113154,K01542.01,2,0,official_kepler_false_positive,,stellar_eclipse,1.293696399724088,4.0,0.014163096805110704,2.51008135393575e-06,5642.4851660298955,5642.4851660298955,0.12882981409101266,1.4868409579090356,-0.003765659387986231,-0.28485107818686495,0.006773957427367394,168.0,1343.0
8113154-r3,8113154,K01542.01,3,0,official_kepler_false_positive,,stellar_eclipse,5.182474221737811,8.0,0.011052953815218132,3.3469926198463374e-06,3302.353805526341,3302.353805526341,0.06431934228156343,0.048871299868218816,0.011334276837345114,1.0377146449368875,0.006797180212634556,44.0,705.0
8113154-r4,8113154,K01542.01,4,0,official_kepler_false_positive,,stellar_eclipse,0.8621056559340072,4.0,0.00661954154849726,2.1487878792556128e-06,3080.5933021133824,3080.5933021133824,0.1933251052460613,0.13685312628993887,-0.0001406918785060718,-0.020133405604782915,0.006987982126215589,249.0,1984.0
8113154-r5,8113154,K01542.01,5,0,official_kepler_false_positive,,stellar_eclipse,3.882004070665236,4.0,0.01268753756531152,4.130578507233876e-06,3071.612739738963,3071.612739738963,0.04293315092740384,1.5281412454335084,-0.004594639266621181,-0.3763043188282918,0.007176728408579572,56.0,450.0
8984706-r1,8984706,K06190.01,1,0,official_kepler_false_positive,,stellar_eclipse,2.5338964822243293,4.0,0.07706355734926165,6.682211595467737e-06,11532.642486438266,11532.642486438266,0.06577485222299284,139.55877168026694,1.529736322769537e-05,0.012068098724354324,0.0011839604162029345,114.0,927.0
8984706-r2,8984706,K06190.01,2,0,official_kepler_false_positive,,stellar_eclipse,5.0754999733547566,8.0,0.06392932169418594,6.725795856392206e-06,9505.093978347175,9505.093978347175,0.06567497489572634,0.26016714978377475,-4.940296418642909e-05,-0.018172436898143466,0.0011613690866546932,58.0,925.0
8984706-r3,8984706,K06190.01,3,0,official_kepler_false_positive,,stellar_eclipse,1.6884097200434334,4.0,0.04636384466063889,5.69831591388516e-06,8136.4117681969,8136.4117681969,0.0987122169981225,0.02546662757000616,-2.0510436834042522e-05,-0.01740305464906957,0.001178553837106929,168.0,1341.0
8984706-r4,8984706,K06190.01,4,0,official_kepler_false_positive,,stellar_eclipse,10.148709665738906,8.0,0.07440105932094547,9.166365950079029e-06,8116.745472103262,8116.745472103262,0.03284489795374041,0.22066009452412638,0.0031204606404218183,0.626586857778231,0.0011369499686827347,30.0,478.0
8984706-r5,8984706,K06190.01,5,0,official_kepler_false_positive,,stellar_eclipse,1.2670196153227375,4.0,0.03871497000114831,5.009010602563123e-06,7729.065293121514,7729.065293121514,0.13154229394010844,1.0729227204204401,-5.0194773356215805e-05,-0.042283754601097644,0.0011870935736372095,229.0,1820.0
10965740-r1,10965740,K01887.01,1,0,official_kepler_false_positive,,stellar_eclipse,34.799488391484054,8.0,0.00034484287143335494,9.110899354030609e-06,37.84948752406078,37.84948752406078,0.00957868488132443,0.6196717600445472,4.109810245322976e-05,0.16761529487800447,0.00024519303255196497,7.0,116.0
10965740-r2,10965740,K01887.01,2,0,official_kepler_false_positive,,stellar_eclipse,38.29181990978323,8.0,0.00035642394817058493,9.918353143905422e-06,35.93579932063605,35.93579932063605,0.0087050794169271,0.5526884095896529,5.193319527307949e-05,0.15302238246986663,0.0002444140830467162,6.0,97.0
10965740-r3,10965740,K01887.01,3,0,official_kepler_false_positive,,stellar_eclipse,31.026534775293122,8.0,0.00032980394479247807,9.18014273111869e-06,35.92579706571602,35.92579706571602,0.010743492167187535,0.08596835590415691,3.474306222750467e-05,0.12855800698175837,0.0002454141846813994,8.0,115.0
10965740-r4,10965740,K01887.01,4,0,official_kepler_false_positive,,stellar_eclipse,26.078533323958297,8.0,0.0002867799613716119,8.076071841981901e-06,35.509832872070504,35.509832872070504,0.01278190491744797,0.624685584901917,-2.4427386125625006e-05,-0.0999426294145091,0.0002444140830467162,9.0,149.0
10965740-r5,10965740,K01887.01,5,0,official_kepler_false_positive,,stellar_eclipse,19.1119070680502,8.0,0.0002566285110931433,7.363038235511187e-06,34.85361652143133,34.85361652143133,0.017441134060900393,1.0499487590914982,-3.948278866139354e-05,-0.16175978276375408,0.00024408284919037705,11.0,178.0
4739565-r1,4739565,K06443.01,1,0,official_kepler_false_positive,,stellar_eclipse,4.437555973164956,8.0,3.7546209654337046e-05,5.8361655035698914e-06,6.433369586823851,6.433369586823851,0.07511642339816914,0.09145313120551658,-9.053633985400822e-06,-0.046157499302282766,0.00019614654438077553,68.0,1038.0
4739565-r2,4739565,K06443.01,2,0,official_kepler_false_positive,,stellar_eclipse,34.468265694044746,8.0,9.477101019972842e-05,1.5070897188328459e-05,6.288345611774401,6.288345611774401,0.009670731225415992,0.1015713015430627,1.1688794137709735e-05,0.059416996677117306,0.0001967247553966545,9.0,145.0
4739565-r3,4739565,K06443.01,3,0,official_kepler_false_positive,,stellar_eclipse,3.1126974520715494,8.0,2.7221854484065996e-05,4.921958231430535e-06,5.53069595557176,5.53069595557176,0.1070882533448584,0.012148815386668562,-1.0557132570143679e-05,-0.05340189334396648,0.0001976921024530764,94.0,1513.0
4739565-r4,4739565,K06443.01,4,0,official_kepler_false_positive,,stellar_eclipse,19.64677080701984,4.0,9.40698684770407e-05,1.705140767591541e-05,5.516838859580579,5.516838859580579,0.00848315829118932,0.10330610503852115,-2.6371289472360004e-05,-0.13381101576206347,0.000197078613611694,14.0,114.0
4739565-r5,4739565,K06443.01,5,0,official_kepler_false_positive,,stellar_eclipse,1.8125154766096963,8.0,2.1470926280189665e-05,3.94932633929367e-06,5.436604735993963,5.436604735993963,0.18390647563287688,0.06305124456398711,-1.5060631650687384e-06,-0.007680048310153302,0.00019610074106925451,161.0,2568.0
7220320-r1,7220320,K03775.01,1,0,official_kepler_false_positive,,stellar_eclipse,0.7520484536174491,2.0,0.022492393241474326,5.873290287962812e-06,3829.606938988189,3829.606938988189,0.11080846311496201,0.01288166980195201,0.013012031699267235,0.4801331225938881,0.003093818498601358,461.0,1849.0
7220320-r2,7220320,K03775.01,2,0,official_kepler_false_positive,,stellar_eclipse,1.1283927052411564,2.0,0.015051382178870719,7.033867995028336e-06,2139.8442776448614,2139.8442776448614,0.07385135772880028,0.8626074773334769,-0.0018999742470025005,-0.11206548627898577,0.003980441383871644,307.0,1238.0
7220320-r3,7220320,K03775.01,3,0,official_kepler_false_positive,,stellar_eclipse,3.0083704049288262,2.0,0.021684793690926442,1.1130784939790353e-05,1948.1818944688794,1948.1818944688794,0.02770048967268207,0.013347385906287252,0.026375752973292643,0.9786201779190448,0.003852871416118057,117.0,472.0
7220320-r4,7220320,K03775.01,4,0,official_kepler_false_positive,,stellar_eclipse,2.2559247746715236,2.0,0.01797758158500589,9.76282937577352e-06,1841.431504438385,1841.431504438385,0.036939766019222504,0.014088445000851315,0.0099668373034707,0.43702731623532354,0.0038815760892969998,154.0,622.0
7220320-r5,7220320,K03775.01,5,0,official_kepler_false_positive,,stellar_eclipse,1.50371457073512,4.0,0.010719886018039443,5.883191428872175e-06,1822.120892655447,1822.120892655447,0.11083663742460674,0.024998329219837252,0.006602057591240107,0.9665597976833349,0.003422220263143384,233.0,1853.0
7622059-r1,7622059,K06161.01,1,0,official_kepler_false_positive,,stellar_eclipse,10.421026232675018,8.0,0.0005652884510600202,4.987354168633121e-06,113.34435693684618,113.34435693684618,0.03198661301592065,0.009577492078194307,-4.245601592511861e-06,-0.006903349032926627,0.00017137984527409902,28.0,471.0
7622059-r2,7622059,K06161.01,2,0,official_kepler_false_positive,,stellar_eclipse,3.4669934848413466,8.0,0.0002797067751166647,3.1178435663199166e-06,89.71161290391838,89.71161290391838,0.09614478215513203,0.3471886995136056,3.676687529174938e-05,0.2084442230365887,0.0001763871157287751,82.0,1285.0
7622059-r3,7622059,K06161.01,3,0,official_kepler_false_positive,,stellar_eclipse,5.1942936855510835,8.0,0.00030907033655043714,3.6343561734127147e-06,85.04128979197311,85.04128979197311,0.06417298549378589,3.3908813703873215,4.769837400575572e-05,0.25164989917212577,0.0001744644859165855,57.0,918.0
7622059-r4,7622059,K06161.01,4,0,official_kepler_false_positive,,stellar_eclipse,2.601797022778917,8.0,0.00022412021459880172,2.6910158671612533e-06,83.28461282364182,83.28461282364182,0.12811657881647814,1.2506187833204538,-1.7404363668926948e-05,-0.09822745840479867,0.00017718430214495602,112.0,1797.0
7622059-r5,7622059,K06161.01,5,0,official_kepler_false_positive,,stellar_eclipse,2.082183246212697,8.0,0.000192651397880596,2.452708945534135e-06,78.54637552138972,78.54637552138972,0.16008837547782429,0.027102208032481624,-5.02533597810384e-05,-0.29353581188486144,0.0001712000980675916,141.0,2246.0
10226420-r1,10226420,K08288.01,1,0,official_kepler_false_positive,,stellar_eclipse,1.1985890722573185,8.0,0.00014101495850560173,5.9746754336780176e-06,23.602111959208592,23.602111959208592,0.27810476588574456,0.00010051998101077728,-7.874420351239309e-05,-0.17563992724427044,0.00044832746601448963,243.0,3888.0
10226420-r2,10226420,K08288.01,2,0,official_kepler_false_positive,,stellar_eclipse,1.2506987420751245,8.0,0.00014198111750849437,6.07031482955413e-06,23.389415787339484,23.389415787339484,0.26651768497046374,0.05924307412430295,-9.8408429794139e-05,-0.21700706489195823,0.00045348030416951545,231.0,3698.0
10226420-r3,10226420,K08288.01,3,0,official_kepler_false_positive,,stellar_eclipse,1.269090332579432,8.0,0.00013100186966803992,6.107730555685796e-06,21.448534520909394,21.448534520909394,0.26265532466537017,0.06820120520976133,-9.697030541377938e-05,-0.20880234082125407,0.0004644119650784525,227.0,3629.0
10226420-r4,10226420,K08288.01,4,0,official_kepler_false_positive,,stellar_eclipse,5.07550196647092,8.0,0.000210061838564456,1.0803135809522206e-05,19.44452446661841,19.44452446661841,0.06567494910559664,0.007736698144664644,5.252152655410569e-05,0.1141879966691108,0.0004599566336757827,58.0,919.0
10226420-r5,10226420,K08288.01,5,0,official_kepler_false_positive,,stellar_eclipse,1.217374717744655,8.0,0.00011095055162024898,6.012715842982136e-06,18.45265176629745,18.45265176629745,0.27381325443564053,0.0014100967819837874,-3.866333957258661e-05,-0.08375721878641881,0.0004616120273904778,239.0,3806.0
8588377-r1,8588377,K03861.01,1,0,official_kepler_false_positive,,stellar_eclipse,5.142708988777861,8.0,0.005181668508802546,1.305303394519832e-05,396.97043082529257,396.97043082529257,0.0648166820367855,0.14402655090191835,-0.004114962330859839,-0.7766476021994125,0.005231758098342512,59.0,946.0
8588377-r2,8588377,K03861.01,2,0,official_kepler_false_positive,,stellar_eclipse,4.608709186506131,8.0,0.0037746519313039562,1.2784117261400082e-05,295.2610535497049,295.2610535497049,0.07232683162333221,0.16168693330672287,-0.0012063746931789687,-0.22471576234415624,0.005368447146717657,62.0,993.0
8588377-r3,8588377,K03861.01,3,0,official_kepler_false_positive,,stellar_eclipse,10.28306682481956,8.0,0.005064700378175352,1.818300454971904e-05,278.54034597673854,278.54034597673854,0.03241575096339826,0.14663558420023037,0.005177706217120659,0.8894269221171504,0.005296157724461594,29.0,468.0
8588377-r4,8588377,K03861.01,4,0,official_kepler_false_positive,,stellar_eclipse,15.523811331766547,8.0,0.0054247171313412685,2.1828689868153663e-05,248.51317986131193,248.51317986131193,0.02147239013728733,0.12005376372600497,-0.0031874257868833578,-0.5528010023148319,0.005402968346280717,20.0,324.0
8588377-r5,8588377,K03861.01,5,0,official_kepler_false_positive,,stellar_eclipse,20.69365430256737,8.0,0.0065883918451531695,2.6985157315864355e-05,244.14872843005097,244.14872843005097,0.01610799757546825,0.5248969868043744,0.002951631218293782,0.4173621209581396,0.005387318963836417,13.0,210.0
5216727-r1,5216727,K06543.01,1,0,official_kepler_false_positive,,stellar_eclipse,0.7566483300543699,2.0,0.02827482446227987,2.6962346239047723e-06,10486.781903768959,10486.781903768959,0.1101348275325544,0.32224317973792765,-0.0015474620670774542,-0.05007692149581817,0.0028192694900359967,383.0,1539.0
5216727-r2,5216727,K06543.01,2,0,official_kepler_false_positive,,stellar_eclipse,1.5125091025543056,4.0,0.01880899799478672,2.6869209442089256e-06,7000.205210847543,7000.205210847543,0.11019217430506842,0.0057349283507259294,0.010021744567623614,0.6717236300485712,0.002623165896111331,193.0,1559.0
5216727-r3,5216727,K06543.01,3,0,official_kepler_false_positive,,stellar_eclipse,3.0277626860968145,4.0,0.015462959604265771,3.716854912858778e-06,4160.226849525478,4160.226849525478,0.05504614593210473,0.019188036848242388,0.008310767262741603,0.973370140179416,0.002948387534541924,95.0,766.0
5216727-r4,5216727,K06543.01,4,0,official_kepler_false_positive,,stellar_eclipse,0.5043559857392398,2.0,0.0095142952736402,2.2873142476734884e-06,4159.592536669388,4159.592536669388,0.16522721190904635,0.011411637867474367,0.0012970768182725134,0.44883850796091646,0.002889851907237556,570.0,2303.0
5216727-r5,5216727,K06543.01,5,0,official_kepler_false_positive,,stellar_eclipse,2.2708983925643853,4.0,0.012173035491628218,3.2326844093694e-06,3765.6120889334857,3765.6120889334857,0.07339239272544479,0.4171472477277864,-0.0015341429541562146,-0.23299861112047876,0.0031590062533638223,129.0,1037.0
5475735-r1,5475735,K04167.01,1,0,official_kepler_false_positive,,stellar_eclipse,1.4964817827263182,8.0,4.839261926540837e-05,5.5336864320509515e-06,8.745096033110897,8.745096033110897,0.2227446649741773,0.05175698206644814,-7.264532180029093e-06,-0.024312569027383518,0.00029879739042990353,194.0,3066.0
5475735-r2,5475735,K04167.01,2,0,official_kepler_false_positive,,stellar_eclipse,2.992764557577881,8.0,5.578897091090727e-05,7.364084381223384e-06,7.575819073061617,7.575819073061617,0.11137973833902534,0.048566436124349646,3.286150063575022e-05,0.11083969341640892,0.00029647772943844445,97.0,1514.0
5475735-r3,5475735,K04167.01,3,0,official_kepler_false_positive,,stellar_eclipse,8.975906371970334,2.0,0.0001422841840044823,2.4040046739724375e-05,5.918631754129177,5.918631754129177,0.009284113478897679,0.21185096591830288,2.6984368606264297e-07,0.0009097675144953242,0.00029660729995655374,32.0,128.0
5475735-r4,5475735,K04167.01,4,0,official_kepler_false_positive,,stellar_eclipse,4.1198063877474524,8.0,4.840018942069878e-05,8.298845340618158e-06,5.83215946727037,5.83215946727037,0.08090995109010131,0.04192520224420658,-1.9471984057606306e-05,-0.06596650826505523,0.0002951798506503837,73.0,1160.0
5475735-r5,5475735,K04167.01,5,0,official_kepler_false_positive,,stellar_eclipse,7.687726349334877,8.0,6.263289116771549e-05,1.0822497842571063e-05,5.787286084857839,5.787286084857839,0.04335915694530054,0.11665745071070781,8.827163990976494e-06,0.02983383482735556,0.00029587761821630107,41.0,655.0
8243263-r1,8243263,K07000.01,1,0,official_kepler_false_positive,,stellar_eclipse,1.7591521486276556,2.0,0.025725919991469153,3.6330169051837934e-06,7081.145137189414,7081.145137189414,0.04737130520423891,0.0636893222945668,-0.0011511051287336205,-0.041732452325625655,0.0010570711199574898,164.0,654.0
8243263-r2,8243263,K07000.01,2,0,official_kepler_false_positive,,stellar_eclipse,0.8796104673643108,2.0,0.012424634381793228,2.640428985822047e-06,4705.536277820043,4705.536277820043,0.0947389059421219,24.952452490892387,3.827158187286184e-05,0.033344352909508226,0.0011477680186724691,329.0,1319.0
8243263-r3,8243263,K07000.01,3,0,official_kepler_false_positive,,stellar_eclipse,0.5864146215414552,2.0,0.008091843696441451,2.2182896254405397e-06,3647.7850338566395,3647.7850338566395,0.14210650668000488,0.04914035970491033,0.0004157182041043539,0.35575486397723494,0.0011685524112214417,491.0,1978.0
8243263-r4,8243263,K07000.01,4,0,official_kepler_false_positive,,stellar_eclipse,3.5220172558494687,8.0,0.007642837789020294,2.6454163041583875e-06,2889.086975462558,2889.086975462558,0.09464273145729869,0.019224080230836913,0.001390560350658765,0.8698105698080226,0.0009191287155839376,82.0,1316.0
8243263-r5,8243263,K07000.01,5,0,official_kepler_false_positive,,stellar_eclipse,5.28261234415211,8.0,0.007231146871811742,3.149106496380723e-06,2296.253518298768,2296.253518298768,0.06310009359334037,0.2105877647259681,-0.0010419770465266431,-0.8226467706286003,0.0010490599914529737,56.0,901.0
4768846-r1,4768846,K02077.01,1,0,official_kepler_false_positive,,stellar_eclipse,6.811319684471216,8.0,0.0011083216619846605,5.114445802425049e-06,216.70415618817236,216.70415618817236,0.04893814250023871,0.5269792116249695,-0.0003231575524653696,-0.22464475168505874,0.0014385270523409384,43.0,685.0
4768846-r2,4768846,K02077.01,2,0,official_kepler_false_positive,,stellar_eclipse,6.932912927137422,8.0,0.00101853412559489,5.327863493651348e-06,191.1712127776114,191.1712127776114,0.04807983842239969,0.06458207360055994,0.0003199369534465646,0.22183126699235153,0.0014422536452338597,40.0,630.0
4768846-r3,4768846,K02077.01,3,0,official_kepler_false_positive,,stellar_eclipse,3.4669904332102184,8.0,0.0007084305871876861,3.8112653379259076e-06,185.87805475994867,185.87805475994867,0.09614486678138517,0.5015658303261328,-0.0003250972917765438,-0.22011628970258798,0.001476934270588523,81.0,1296.0
4768846-r4,4768846,K02077.01,4,0,official_kepler_false_positive,,stellar_eclipse,13.61851802094691,8.0,0.0013553899436134146,7.443645022073053e-06,182.0868592731386,182.0868592731386,0.024476476281826465,0.4110425182206637,0.00033749625345858014,0.23419655165887057,0.0014410812245868392,20.0,316.0
4768846-r5,4768846,K02077.01,5,0,official_kepler_false_positive,,stellar_eclipse,7.189605457076868,8.0,0.0009218205917549615,5.320049763725191e-06,173.27292651290668,173.27292651290668,0.046363230266721636,0.28086860775252354,-6.548000735251414e-05,-0.04524027004788598,0.0014473832115326627,40.0,632.0
9913798-r1,9913798,K07254.01,1,0,official_kepler_false_positive,,stellar_eclipse,2.142491089623677,4.0,0.04689720166233084,1.3178934482356915e-05,3558.497215773681,3558.497215773681,0.07779106642443083,0.02155258905017165,0.00698016306168836,0.20383012708822962,0.0009876327211630052,134.0,1075.0
9913798-r2,9913798,K07254.01,2,0,official_kepler_false_positive,,stellar_eclipse,1.0720358785305764,4.0,0.03190998608148182,9.750035248235457e-06,3272.8072534155026,3272.8072534155026,0.1554674335108207,1.7758042774122922,-0.0007682145295397902,-0.044371220958824016,0.0009547916954090949,270.0,2159.0
9913798-r3,9913798,K07254.01,3,0,official_kepler_false_positive,,stellar_eclipse,0.5358458187253656,2.0,0.0240574068092679,9.734327763525371e-06,2471.3988879038216,2471.3988879038216,0.15551737164164334,26.15208762335563,-7.509223376001017e-06,-0.006505933706229759,0.0011542114806381378,539.0,2173.0
9913798-r4,9913798,K07254.01,4,0,official_kepler_false_positive,,stellar_eclipse,0.7145375732736426,2.0,0.025747242795908027,1.1007904952185024e-05,2338.9775718219025,2338.9775718219025,0.11662554419852685,0.04764435939114194,0.0003473353200978968,0.30113255254681237,0.0011534300000459166,405.0,1621.0
9913798-r5,9913798,K07254.01,5,0,official_kepler_false_positive,,stellar_eclipse,3.2158010243408657,2.0,0.043058675908657036,2.1764866076197555e-05,1978.3570345855135,1978.3570345855135,0.02591370943120274,2.228867021851133,-0.0007986512520177236,-0.028586924557886546,0.001176165096157077,92.0,374.0
7624297-r1,7624297,K06040.01,1,0,official_kepler_false_positive,,stellar_eclipse,18.048909483318745,8.0,0.002544472570905331,1.8452802237406018e-05,137.89084921461867,137.89084921461867,0.018468336474367516,0.45352567692315304,5.9340682241337817e-05,0.13990850426368714,0.0004241392083607567,17.0,272.0
7624297-r2,7624297,K06040.01,2,0,official_kepler_false_positive,,stellar_eclipse,36.068882337677344,8.0,0.003496685747505667,2.5921055043103906e-05,134.89750867358822,134.89750867358822,0.009241576442892306,1.7139789620448185,0.0016050638979872023,1.3670628305113808,0.00042314297931291743,9.0,138.0
7624297-r3,7624297,K06040.01,3,0,official_kepler_false_positive,,stellar_eclipse,3.6037207716359485,4.0,0.0015328207410127681,1.2249009887458124e-05,125.13833812659729,125.13833812659729,0.046248496270427326,0.26595504985297025,2.618585180569344e-05,0.0621037230455762,0.00042164705305149525,81.0,635.0
7624297-r4,7624297,K06040.01,4,0,official_kepler_false_positive,,stellar_eclipse,4.501859815297093,4.0,0.0015771376267569013,1.3868537754910219e-05,113.7205417491479,113.7205417491479,0.037021736238952115,4.332708942055364,-3.318037892885428e-06,-0.007865031750244928,0.0004218721549066982,67.0,487.0
7624297-r5,7624297,K06040.01,5,0,official_kepler_false_positive,,stellar_eclipse,3.0043424361962034,4.0,0.0012733911287119953,1.1556991412766555e-05,110.18361814350143,110.18361814350143,0.05547525630190254,0.5441380978004775,-4.163295343118101e-05,-0.0978551173979784,0.00042545504556352516,96.0,721.0
6128141-r1,6128141,K06665.01,1,0,official_kepler_false_positive,,stellar_eclipse,0.9363393166938239,1.0,0.0009915547061303605,8.282446464467518e-06,119.71761126186863,119.71761126186863,0.044499537639613354,0.8091847743996547,9.513044075326604e-05,0.10044741816821916,0.0002935524218163347,308.0,621.0
6128141-r2,6128141,K06665.01,2,0,official_kepler_false_positive,,stellar_eclipse,1.871472738500234,4.0,0.000415774087175112,5.996947966572634e-06,69.33094792428798,69.33094792428798,0.08905642237686585,0.008675811797658717,-0.00010702365970560734,-0.3705856978595725,0.00028879597977945234,155.0,1241.0
6128141-r3,6128141,K06665.01,3,0,official_kepler_false_positive,,stellar_eclipse,2.8087842118656194,1.0,0.0009495564402508491,1.4083124178397188e-05,67.42512728158866,67.42512728158866,0.014834413583872752,0.7610362663087759,7.786347685179162e-05,0.08561863259413566,0.0003019173425935004,104.0,208.0
6128141-r4,6128141,K06665.01,4,0,official_kepler_false_positive,,stellar_eclipse,1.4044797559402646,1.0,0.0005146229196256342,9.972538151305782e-06,51.60400610332592,51.60400610332592,0.02966697561174305,2.146255993898778,-5.63779296411937e-05,-0.13995797641311328,0.00030221026100223845,209.0,422.0
6128141-r5,6128141,K06665.01,5,0,official_kepler_false_positive,,stellar_eclipse,0.6243603145896937,2.0,0.00024281619699088983,5.03767683694134e-06,48.20003443061611,48.20003443061611,0.1334699393700205,0.06219448533113424,0.00011903699013271485,0.4051452750340809,0.0002938131022821417,462.0,1851.0
4544684-r1,4544684,K04847.01,1,0,official_kepler_false_positive,,stellar_eclipse,4.108908407680789,4.0,8.228646400322213e-05,1.4340112457719022e-05,5.738202140732085,5.738202140732085,0.04056227351165005,0.1213716803452502,-6.341487905237031e-06,-0.017952512156984755,0.0003532367977130019,67.0,537.0
4544684-r2,4544684,K04847.01,2,0,official_kepler_false_positive,,stellar_eclipse,29.834457975156806,2.0,0.00030086419327135706,5.2595353645743874e-05,5.720356883572426,5.720356883572426,0.002793190793099882,0.049838397019174696,0.00015094946108773488,0.4264773274090536,0.0003539448673738111,10.0,39.0
4544684-r3,4544684,K04847.01,3,0,official_kepler_false_positive,,stellar_eclipse,14.374618929297675,4.0,0.00014454312958362182,2.560236078473096e-05,5.645695363758258,5.645695363758258,0.011594510260510242,0.01071930735223543,-3.9404917136831585e-05,-0.11118453444223736,0.00035441005652906923,21.0,166.0
4544684-r4,4544684,K04847.01,4,0,official_kepler_false_positive,,stellar_eclipse,7.466036879460956,8.0,7.68017408346709e-05,1.3686209387228575e-05,5.611615215118601,5.611615215118601,0.04464662292927219,0.08761443285420073,1.5478498402221597e-05,0.04358555593569724,0.0003551290804930279,37.0,598.0
4544684-r5,4544684,K04847.01,5,0,official_kepler_false_positive,,stellar_eclipse,1.3075426993569783,8.0,3.55316143547293e-05,6.344529811643642e-06,5.600354227908391,5.600354227908391,0.254931126530139,0.021034894113312864,-6.094266078227051e-06,-0.017021784665727468,0.0003580274452947086,224.0,3561.0
4365461-r1,4365461,K05058.01,1,0,official_kepler_false_positive,,stellar_eclipse,1.7144949802983596,4.0,0.07587785701562,3.4355868002895596e-06,22085.850664353708,22085.850664353708,0.09721035557518111,0.0012214563352669328,-0.0016862298886999305,-0.020920599100514834,0.0015758600694644885,168.0,1342.0
4365461-r2,4365461,K05058.01,2,0,official_kepler_false_positive,,stellar_eclipse,3.4287287931763837,4.0,0.07197658031941612,4.7017929597666165e-06,15308.32619286342,15308.32619286342,0.04860888006025878,0.0024798467856200017,0.0810647136274022,1.0081694296761905,0.0016614850073188461,84.0,680.0
4365461-r3,4365461,K05058.01,3,0,official_kepler_false_positive,,stellar_eclipse,0.8572801398068405,4.0,0.03752727291562583,2.6016749960177927e-06,14424.273966989067,14424.273966989067,0.1944133066050258,43.65144053219964,0.00011723151436027202,0.06251448710741087,0.001875269554061088,336.0,2698.0
4365461-r4,4365461,K05058.01,4,0,official_kepler_false_positive,,stellar_eclipse,5.142701498304613,4.0,0.06983786046554158,5.6464139666814455e-06,12368.533529005,12368.533529005,0.03240838822195132,0.013631575031848605,-0.001691559650181862,-0.021144497203553138,0.0017824720284571728,58.0,462.0
4365461-r5,4365461,K05058.01,5,0,official_kepler_false_positive,,stellar_eclipse,0.5715273490524941,4.0,0.024836965335051885,2.271288127006083e-06,10935.189172934626,10935.189172934626,0.2916162576348704,0.07902292848572856,0.00044065216570965404,0.23809071153753833,0.0018507742820541703,507.0,4069.0
12367017-r1,12367017,K07529.01,1,0,official_kepler_false_positive,,stellar_eclipse,1.2221648401440004,2.0,0.0018828039861377432,1.1221395960559835e-05,167.78696632355624,167.78696632355624,0.0681850193984591,0.04800455295694976,0.000763152568246106,0.44371997282795106,0.000568358754630569,235.0,942.0
12367017-r2,12367017,K07529.01,2,0,official_kepler_false_positive,,stellar_eclipse,0.611099035617352,2.0,0.0013761885091061667,8.20948526032839e-06,167.63395821617166,167.63395821617166,0.13636633094854633,0.7937462637142659,-2.9584867906828904e-05,-0.024880093658081325,0.0005647006311796568,472.0,1902.0
12367017-r3,12367017,K07529.01,3,0,official_kepler_false_positive,,stellar_eclipse,2.4461211216843273,4.0,0.0007652195705577554,1.1254299806445646e-05,67.99352991462811,67.99352991462811,0.06813508341398274,0.1392929124625223,0.0003524318974839069,0.5760456689061811,0.0006118124247911089,117.0,937.0
12367017-r4,12367017,K07529.01,4,0,official_kepler_false_positive,,stellar_eclipse,1.833918804653239,2.0,0.0009013242201809627,1.3409294167358072e-05,67.21638058884821,67.21638058884821,0.045440034270813945,0.8403450201737361,-6.958232824638699e-05,-0.10184030102389328,0.0006264465508306335,158.0,646.0
12367017-r5,12367017,K07529.01,5,0,official_kepler_false_positive,,stellar_eclipse,0.9164558361966201,1.0,0.0007479998473634026,1.3461015519611897e-05,55.56786159808013,55.56786159808013,0.04546500226305213,2.486479677953039,-8.461213448707205e-05,-0.13446540817089547,0.0006292483370855972,317.0,639.0
9762519-r1,9762519,K07228.01,1,0,official_kepler_false_positive,,stellar_eclipse,7.50210493593777,8.0,0.02080836286551044,5.772168738102554e-06,3604.94708481974,3604.94708481974,0.044431974249859826,1.1214591137938854,-0.000584146272320174,-0.11327127875727053,0.004936207320563609,38.0,597.0
9762519-r2,9762519,K07228.01,2,0,official_kepler_false_positive,,stellar_eclipse,2.505291770532139,2.0,0.02458589044532686,6.879508767962594e-06,3573.785756305986,3573.785756305986,0.03326292542590072,0.02512405463461989,-0.00026786222688346406,-0.05265364274879081,0.005087249673520746,111.0,411.0
9762519-r3,9762519,K07228.01,3,0,official_kepler_false_positive,,stellar_eclipse,3.760760704374054,4.0,0.018054574129436753,5.77568427176997e-06,3125.9627915748056,3125.9627915748056,0.04431727508554865,2.643818672209756,0.0002578337472667336,0.05101737935909252,0.005053841465511917,76.0,599.0
9762519-r4,9762519,K07228.01,4,0,official_kepler_false_positive,,stellar_eclipse,1.878263860136963,2.0,0.01654683359256805,5.806692789735304e-06,2849.6140904541176,2849.6140904541176,0.044367213309027126,0.9502615767154667,-0.00030425389993249397,-0.060026859385627324,0.0050686293277129825,155.0,592.0
9762519-r5,9762519,K07228.01,5,0,official_kepler_false_positive,,stellar_eclipse,5.010025395701032,2.0,0.024865613855297234,9.6211549883292e-06,2584.472850240964,2584.472850240964,0.01663331555261964,0.13983273354274078,0.0004886969018139675,0.09622993841051679,0.005078428916052998,55.0,207.0
7222086-r1,7222086,K01701.01,1,0,official_kepler_false_positive,,stellar_eclipse,1.6356524492104363,8.0,0.0001349038241619968,8.453774890892997e-07,159.57820725428203,159.57820725428203,0.20379227475509257,0.0010508755280974902,-0.00010618934670902913,-0.9885261605567749,9.062721528177919e-05,131.0,2106.0
7222086-r2,7222086,K01701.01,2,0,official_kepler_false_positive,,stellar_eclipse,3.2717923602566743,8.0,0.00012140282071642928,1.1220791775441013e-06,108.19452240629228,108.19452240629228,0.10188095595014565,0.051530196464434616,0.00013527127106638392,0.9639807115656036,0.0001009863866479152,66.0,1060.0
7222086-r3,7222086,K01701.01,3,0,official_kepler_false_positive,,stellar_eclipse,6.545535439765056,8.0,0.00011726874952094527,1.5404028341139382e-06,76.1286248790888,76.1286248790888,0.05092529654767219,0.04403835909877813,0.00011909982488345072,0.938314304520971,0.0001099637038505562,33.0,532.0
7222086-r4,7222086,K01701.01,4,0,official_kepler_false_positive,,stellar_eclipse,4.915445155162278,8.0,0.00010251446685226469,1.3594003883272683e-06,75.4115327114243,75.4115327114243,0.06781345794963482,0.31131745033828456,-0.00010917732428394888,-0.9805218824494908,0.00011134613743775667,43.0,695.0
7222086-r5,7222086,K01701.01,5,0,official_kepler_false_positive,,stellar_eclipse,8.183139044506403,8.0,0.00011592291365881983,1.6536267411217293e-06,70.1022248710033,70.1022248710033,0.0407341646671775,0.24895087742539562,-9.431150926020315e-05,-0.8143122574686581,0.00011413033932673852,28.0,458.0
6936977-r1,6936977,K06791.01,1,0,official_kepler_false_positive,,stellar_eclipse,10.351583189424511,8.0,0.0029492594932597174,9.867176187691297e-06,298.89599994563184,298.89599994563184,0.0322011935018671,0.41213576209373837,0.0014048274357583157,0.5467792482279343,0.0022848838612588764,28.0,440.0
6936977-r2,6936977,K06791.01,2,0,official_kepler_false_positive,,stellar_eclipse,5.176982508818631,8.0,0.002008783960225922,7.040728104938163e-06,285.3091229040671,285.3091229040671,0.06438757186556514,0.5110186245347674,-0.0019064617295686537,-0.8576703006337307,0.002222837526448069,56.0,891.0
6936977-r3,6936977,K06791.01,3,0,official_kepler_false_positive,,stellar_eclipse,5.26470744332348,8.0,0.001992266960636571,6.9994368502896e-06,284.63246447521584,284.63246447521584,0.06331469258677519,0.48216610248936853,-0.002024187623482776,-0.882527040590963,0.002293626744997329,56.0,899.0
6936977-r4,6936977,K06791.01,4,0,official_kepler_false_positive,,stellar_eclipse,20.693645637969322,8.0,0.003682215644373661,1.3636344202517176e-05,270.029532086316,270.029532086316,0.016108004320018087,0.4334943721182091,0.002374469288004666,0.6613500745235356,0.0023075655647142126,14.0,227.0
6936977-r5,6936977,K06791.01,5,0,official_kepler_false_positive,,stellar_eclipse,10.562740811452002,8.0,0.0025833179171284937,9.840572645467475e-06,262.5170312947549,262.5170312947549,0.031557465934593146,0.14002998257468416,0.0012734538045255928,0.5460401838571087,0.0023321613356918035,28.0,442.0
10090151-r1,10090151,K07985.01,1,0,official_kepler_false_positive,,stellar_eclipse,0.5276554599297663,2.0,0.0009857559176324605,3.1112251931559135e-06,316.83849815851664,316.83849815851664,0.15793133903025552,0.00851971006635516,0.0005274537827676395,0.4816883485959065,0.0002803626082170534,548.0,2202.0
10090151-r2,10090151,K07985.01,2,0,official_kepler_false_positive,,stellar_eclipse,1.0552861575931511,2.0,0.0008955834317496636,4.204834497361021e-06,212.98898501516223,212.98898501516223,0.07896752244281895,0.0039446266876915935,0.0010160912502781283,0.988581302653041,0.0003386699743541919,274.0,1102.0
10090151-r3,10090151,K07985.01,3,0,official_kepler_false_positive,,stellar_eclipse,1.5834299067055253,2.0,0.0007833233270621542,5.0476018031463745e-06,155.18722704589675,155.18722704589675,0.05262836894796067,0.06790836771409325,0.00039116519630622015,0.42849893075869305,0.0003843883261759848,185.0,744.0
10090151-r4,10090151,K07985.01,4,0,official_kepler_false_positive,,stellar_eclipse,2.110473273092839,2.0,0.0008351399577020842,5.788473133686223e-06,144.27638142465545,144.27638142465545,0.03948561414910064,0.018132877942351303,0.0009764584840384893,1.0098026312579291,0.00038057377206414026,138.0,558.0
10090151-r5,10090151,K07985.01,5,0,official_kepler_false_positive,,stellar_eclipse,0.7913395099723005,2.0,0.0005145246650981056,3.701318933037639e-06,139.01116721001935,139.01116721001935,0.1053066759376772,1.0316923565678495,-0.0002546120694932874,-0.5088996111221948,0.0004003200620004999,364.0,1464.0
10294613-r1,10294613,K01896.01,1,0,official_kepler_false_positive,,stellar_eclipse,8.348803846675203,8.0,0.001531010526436947,1.5257383686626677e-05,100.34554795779964,100.34554795779964,0.03992587913849225,0.12380550259447377,-0.0005515958231747664,-0.3461457930389701,0.0015935361176343003,36.0,581.0
10294613-r2,10294613,K01896.01,2,0,official_kepler_false_positive,,stellar_eclipse,16.513972515466484,8.0,0.0016204091076179267,2.1337237789242465e-05,75.94277776830532,75.94277776830532,0.02018492721973126,0.32235231878172343,0.0003840911177301898,0.2399395750303916,0.0015771286637238082,18.0,291.0
10294613-r3,10294613,K01896.01,3,0,official_kepler_false_positive,,stellar_eclipse,8.21633157388375,8.0,0.0011472865434953075,1.5173409669729005e-05,75.61165014770197,75.61165014770197,0.040569605831495326,0.055807639918347716,-0.0005166476810254395,-0.3247129927625703,0.0015910902629116892,37.0,587.0
10294613-r4,10294613,K01896.01,4,0,official_kepler_false_positive,,stellar_eclipse,7.842992222196679,8.0,0.0010452863421760259,1.4988286203482554e-05,69.74021765965156,69.74021765965156,0.042500785910504546,0.11406768305068049,-0.0005204710177060257,-0.3275120298339975,0.0015891661077910059,38.0,604.0
10294613-r5,10294613,K01896.01,5,0,official_kepler_false_positive,,stellar_eclipse,25.0278262606616,8.0,0.0017886996689269231,2.6148805697798176e-05,68.40464109905938,68.40464109905938,0.013318509161031781,0.46408016735374885,-0.0008095686738900376,-0.503082236019997,0.0015887717834857985,12.0,194.0
9655005-r1,9655005,K04047.01,1,0,official_kepler_false_positive,,stellar_eclipse,47.90757523511435,8.0,0.0008526031949045895,6.555404609321162e-06,130.0611092246341,130.0611092246341,0.0069578418798581405,16.299288888080223,-2.1312170871423675e-05,-0.24104009848623156,8.841753303814322e-05,4.0,65.0
9655005-r2,9655005,K04047.01,2,0,official_kepler_false_positive,,stellar_eclipse,31.027610615090733,8.0,0.0007151668306630287,6.070138579185838e-06,117.81721641665568,117.81721641665568,0.0107431196513473,0.7690310598989348,-5.145552398344577e-05,-0.5835266165375307,8.818025180885011e-05,5.0,76.0
9655005-r3,9655005,K04047.01,3,0,official_kepler_false_positive,,stellar_eclipse,37.05322364639537,8.0,0.0006026313677685065,5.449382447160638e-06,110.5870937875728,110.5870937875728,0.008996068372198456,0.4882782806883055,-2.478313630627227e-05,-0.27994543553370393,8.852845290734705e-05,6.0,94.0
9655005-r4,9655005,K04047.01,4,0,official_kepler_false_positive,,stellar_eclipse,42.5638731046919,8.0,0.0005784796083989446,5.3603829584336705e-06,107.91758963579332,107.91758963579332,0.007831367519432562,0.06074842445097852,-3.288127732159474e-05,-0.3718895003695069,8.841679393724243e-05,6.0,97.0
9655005-r5,9655005,K04047.01,5,0,official_kepler_false_positive,,stellar_eclipse,39.61784023186965,8.0,0.0005630176968808939,5.310801731253066e-06,106.01369159907458,106.01369159907458,0.008413717945815509,0.8228156284197543,6.492192475393566e-06,0.07316262178548437,8.873646565631456e-05,6.0,99.0
7418173-r1,7418173,K03995.01,1,0,official_kepler_false_positive,,stellar_eclipse,0.7804085576497772,2.0,0.0003160996223191229,4.629855186392399e-06,68.27419208448913,68.27419208448913,0.10678167546534094,0.04978674146743801,0.00010328289605665564,0.33109929064568216,0.00025337317051011963,273.0,1085.0
7418173-r2,7418173,K03995.01,2,0,official_kepler_false_positive,,stellar_eclipse,2.341559111351282,1.0,0.000511699463385405,1.0747736882731365e-05,47.609973054659,47.609973054659,0.017794411622870113,0.10142789893643625,0.0001650927194415397,0.3055638014586029,0.000268331542392715,91.0,183.0
7418173-r3,7418173,K03995.01,3,0,official_kepler_false_positive,,stellar_eclipse,1.1706545118233433,1.0,0.0002840062959778895,7.702611311152413e-06,36.87143028581542,36.87143028581542,0.035592624677770295,1.0643594412428292,-3.3782744501387185e-05,-0.12460719804449424,0.00026830122306227105,180.0,363.0
7418173-r4,7418173,K03995.01,4,0,official_kepler_false_positive,,stellar_eclipse,1.5619931584971503,2.0,0.0002317916109788721,6.364750059906249e-06,36.41802251419223,36.41802251419223,0.05335063913692895,0.20147723735537584,0.00019630130665726497,0.7530589245283719,0.00026067190795222986,135.0,541.0
7418173-r5,7418173,K03995.01,5,0,official_kepler_false_positive,,stellar_eclipse,0.5203782707759572,1.0,0.00017623875775135255,5.234883034702452e-06,33.66622646256888,33.66622646256888,0.08006995873316501,0.0034501828106804663,0.00011880053116941625,0.457747140876276,0.00025953309275071303,408.0,824.0
11673686-r1,11673686,K06243.01,1,0,official_kepler_false_positive,,stellar_eclipse,4.618027718879684,4.0,0.030770027739463777,2.735601956494912e-06,11247.991567782388,11247.991567782388,0.03609044310957479,0.010417332538308394,0.0010707584150360105,0.03350301932378281,0.002135331109223936,45.0,394.0
11673686-r2,11673686,K06243.01,2,0,official_kepler_false_positive,,stellar_eclipse,9.239939600959206,4.0,0.030788372354531794,3.877672049606106e-06,7939.911359357808,7939.911359357808,0.018037635944001717,0.03227385741034956,0.031892491303836645,0.9811292497593729,0.0021344754014151297,24.0,192.0
11673686-r3,11673686,K06243.01,3,0,official_kepler_false_positive,,stellar_eclipse,2.308528645120464,4.0,0.015958744023415513,2.0563518886213307e-06,7760.706769946345,7760.706769946345,0.07219605744072091,3.0988068489196436,-0.0010185823577921749,-0.10213710850420811,0.0021127090740528775,91.0,732.0
11673686-r4,11673686,K06243.01,4,0,official_kepler_false_positive,,stellar_eclipse,1.5389113015516789,4.0,0.00909646684921428,1.6915747505725152e-06,5377.513968055843,5377.513968055843,0.10830167177186706,0.10267395799950749,0.00047565705719232465,0.22089335209977642,0.0021533335099078615,140.0,1135.0
11673686-r5,11673686,K06243.01,5,0,official_kepler_false_positive,,stellar_eclipse,18.495435472733863,8.0,0.018110908734362156,3.8086663976177623e-06,4755.183794960392,4755.183794960392,0.01802246472243037,0.15904755305159546,0.025684767571613865,0.9897969605625768,0.002149041419952861,13.0,201.0
4743513-r1,4743513,K00024.01,1,0,official_kepler_false_positive,,stellar_eclipse,2.085606947242766,2.0,0.0032102358225772915,5.076295489698195e-06,632.3973513937724,632.3973513937724,0.03995639420145894,0.28527871336304444,6.451185471634258e-05,0.03717840271241745,0.0003874789315409606,104.0,419.0
4743513-r2,4743513,K00024.01,2,0,official_kepler_false_positive,,stellar_eclipse,1.0427043218373284,2.0,0.001620394552244499,3.6844785817313974e-06,439.78938031525996,439.78938031525996,0.07992038738891322,3.7664635362215155,-4.7112474244714875e-05,-0.12205785008381469,0.0003859847950161639,205.0,832.0
4743513-r3,4743513,K00024.01,3,0,official_kepler_false_positive,,stellar_eclipse,6.259201616389056,2.0,0.0032444080322919723,8.686261385976112e-06,373.51029264788633,373.51029264788633,0.013313732076489409,0.05049011511910466,3.080396029941923e-05,0.015004326749370788,0.0003929983268737294,35.0,139.0
4743513-r4,4743513,K00024.01,4,0,official_kepler_false_positive,,stellar_eclipse,0.6955365154994927,2.0,0.0009898010133160104,3.0963699932142485e-06,319.6649675217036,319.6649675217036,0.11981158641755611,0.006808656715957058,-3.8502837709453175e-05,-0.10152612304688582,0.00037924069740821444,306.0,1230.0
4743513-r5,4743513,K00024.01,5,0,official_kepler_false_positive,,stellar_eclipse,0.5215648945811746,2.0,0.0007940868963994871,2.744883886284291e-06,289.297081150646,289.297081150646,0.1597755796050104,1.29551085137163,-2.5221567947042445e-05,-0.06695630848030538,0.0003766869548141405,408.0,1640.0
9632895-r1,9632895,K01451.01,1,0,official_kepler_false_positive,,stellar_eclipse,27.324597387087316,1.0,0.020031435813574132,0.00014312554305576818,139.95709910263173,139.95709910263173,0.0015248776066635451,0.0,0.002030815014997689,0.10161296534266148,0.0003975357344623428,1.0,1.0
9632895-r2,9632895,K01451.01,2,0,official_kepler_false_positive,,stellar_eclipse,13.645300170432893,8.0,0.0010490458356825654,1.0037033518521892e-05,104.51751842281918,104.51751842281918,0.024428435371147895,2.0842477742622623,4.47881228666791e-05,0.09680391811453465,0.0003933229487431327,16.0,183.0
9632895-r3,9632895,K01451.01,3,0,official_kepler_false_positive,,stellar_eclipse,41.03801886307995,8.0,0.001339940857191258,1.685219178818204e-05,79.51137003620623,79.51137003620623,0.008122549347361849,1.2305414286507437,-4.735449565207439e-05,-0.0439483521662674,0.00039613644531908283,5.0,65.0
9632895-r4,9632895,K01451.01,4,0,official_kepler_false_positive,,stellar_eclipse,47.90756612608328,1.0,0.004675960555742552,6.744147786707018e-05,69.3336015702244,69.3336015702244,0.0008697304003507129,49.44002907556202,-0.00015889108100552995,-0.3991669912020271,0.00039805666427240156,3.0,4.0
9632895-r5,9632895,K01451.01,5,0,official_kepler_false_positive,,stellar_eclipse,23.901578913702984,8.0,0.0007660407149743767,1.2394574416877603e-05,61.80451939771846,61.80451939771846,0.013946080070142579,1.127003777959117,-8.16698004151295e-05,-0.1783300774081605,0.0003972084993688305,8.0,118.0
3749508-r1,3749508,K07544.02,1,0,official_kepler_false_positive,,stellar_eclipse,1.0630379162771801,8.0,0.001559747961147664,2.5596122153785445e-06,609.3688535225992,609.3688535225992,0.3135667394637115,0.009872121650204464,-0.0009511777321082882,-0.9185273191606831,0.000649828759992776,204.0,3243.0
3749508-r2,3749508,K07544.02,2,0,official_kepler_false_positive,,stellar_eclipse,0.5329778895815199,2.0,0.0015425470435644346,3.280342547997348e-06,470.2396231473329,470.2396231473329,0.15635420335872552,0.39734555999451565,-0.00010734999839123738,-0.072782269604471,0.0011027812943231864,399.0,1602.0
3749508-r3,3749508,K07544.02,3,0,official_kepler_false_positive,,stellar_eclipse,2.1282584130977247,8.0,0.0012001444777276307,3.2818237547859196e-06,365.6943722152802,365.6943722152802,0.1566225845893214,0.03957470149832723,0.0013592254137547721,0.9916402570407299,0.0009754640568537187,101.0,1603.0
3749508-r4,3749508,K07544.02,4,0,official_kepler_false_positive,,stellar_eclipse,3.189732104628394,8.0,0.001210873848143904,3.875186283839316e-06,312.4685523360798,312.4685523360798,0.10450198399096179,0.00946433151996472,-0.0010300204453479456,-0.9292254108411772,0.001108472103034208,68.0,1083.0
3749508-r5,3749508,K07544.02,5,0,official_kepler_false_positive,,stellar_eclipse,4.257342994397482,8.0,0.0011172215890734975,4.416353243925293e-06,252.97378342872346,252.97378342872346,0.07829609542195416,0.017066879851467643,0.0010733676869703057,0.9268936367088956,0.001158026816088082,51.0,809.0
10320341-r1,10320341,K05786.01,1,0,official_kepler_false_positive,,stellar_eclipse,17.841630330827094,8.0,0.00021115189221144342,1.710626006783727e-05,12.343545074966183,12.343545074966183,0.01868289652641182,0.22352670871547825,2.0825748440977954e-05,0.06877627947105804,0.0003028042313591811,14.0,226.0
10320341-r2,10320341,K05786.01,2,0,official_kepler_false_positive,,stellar_eclipse,35.250433076947736,8.0,0.000269099191759564,2.36912585470703e-05,11.358585751150025,11.358585751150025,0.00945614859839322,0.012464887903184141,-1.564752614746645e-05,-0.05150403613002597,0.00030381164901257537,8.0,118.0
10320341-r3,10320341,K05786.01,3,0,official_kepler_false_positive,,stellar_eclipse,32.317119158269854,8.0,0.00025167495043436827,2.2574098847582003e-05,11.148837086860109,11.148837086860109,0.01031445073123216,0.40257390085694217,-3.283756633987167e-05,-0.10841577484014048,0.00030288550156368666,8.0,129.0
10320341-r4,10320341,K05786.01,4,0,official_kepler_false_positive,,stellar_eclipse,39.761727376274855,8.0,0.00022953640883107107,2.2534098235185846e-05,10.186181245658265,10.186181245658265,0.008383270932344545,0.042035621500286155,2.2649962172716087e-05,0.07456222366413838,0.0003037726218405402,8.0,130.0
10320341-r5,10320341,K05786.01,5,0,official_kepler_false_positive,,stellar_eclipse,4.302374717780134,8.0,8.536531215776801e-05,8.389610017291514e-06,10.175122798535895,10.175122798535895,0.07747659262587916,0.1335016065773261,-4.534020482904744e-05,-0.1497294837687224,0.00030281413979281176,68.0,1001.0
8210721-r1,8210721,K06991.01,1,0,official_kepler_false_positive,,stellar_eclipse,11.333360252265097,4.0,0.0010315543562241668,1.695813425067419e-05,60.8294722152678,60.8294722152678,0.014705847423614412,5.06130623245177,7.76617007858249e-06,0.017095887314950386,0.0003064249993015469,25.0,201.0
8210721-r2,8210721,K06991.01,2,0,official_kepler_false_positive,,stellar_eclipse,5.668108037278372,4.0,0.0005173005995852163,1.225232117151569e-05,42.22062026808777,42.22062026808777,0.029404285445958824,2.394021679810978,-5.4242122625502986e-05,-0.17695680843682315,0.00030652746907372275,50.0,390.0
8210721-r3,8210721,K06991.01,3,0,official_kepler_false_positive,,stellar_eclipse,3.779056111726308,4.0,0.00031147050227394845,9.922735013201821e-06,31.38958178965263,31.38958178965263,0.04410272346830325,0.5579475350424271,1.0407198551831698e-06,0.0033957970860955377,0.00030647292190823504,77.0,606.0
8210721-r4,8210721,K06991.01,4,0,official_kepler_false_positive,,stellar_eclipse,3.2358949440444698,8.0,0.00020109451923951008,6.7967075588562006e-06,29.587048949528693,29.587048949528693,0.10301117282772713,0.03620422048270312,-1.1907376882280829e-05,-0.03885989561378504,0.0003064181386544137,90.0,1380.0
8210721-r5,8210721,K06991.01,5,0,official_kepler_false_positive,,stellar_eclipse,1.8896867926329062,8.0,0.00014059550556879297,5.481821664392291e-06,25.64758837049458,25.64758837049458,0.17639607507067295,0.05771582747573797,5.362993029445207e-06,0.017575259407736053,0.0003051444593235758,153.0,2268.0
8719419-r1,8719419,K03506.01,1,0,official_kepler_false_positive,,stellar_eclipse,1.3485627574374301,8.0,0.01839098445969472,2.676432458086644e-06,6871.454724787734,6871.454724787734,0.24717673055627085,0.007890211631564602,-0.014159109056329333,-0.8470514327313954,0.01671576070731854,158.0,2580.0
8719419-r2,8719419,K03506.01,2,0,official_kepler_false_positive,,stellar_eclipse,1.5084933442179065,8.0,0.018837170192175182,2.793740042202093e-06,6742.635287328764,6742.635287328764,0.2209710335222946,0.024172916041142,-0.01417468381138165,-0.8282405974187725,0.017114210358146316,143.0,2269.0
8719419-r3,8719419,K03506.01,3,0,official_kepler_false_positive,,stellar_eclipse,2.6942824129373593,8.0,0.01575246849398864,3.5222852861681957e-06,4472.229593624243,4472.229593624243,0.1237187800850939,0.06741726326473117,0.014950594305106923,0.7701218274328582,0.019413284720085883,79.0,1270.0
8719419-r4,8719419,K03506.01,4,0,official_kepler_false_positive,,stellar_eclipse,3.0134296986695928,8.0,0.01582139827485984,3.707311781347301e-06,4267.620099950178,4267.620099950178,0.11061593156810579,0.026418628610109032,0.0148162550242662,0.7541820126237152,0.019645463265189924,71.0,1125.0
8719419-r5,8719419,K03506.01,5,0,official_kepler_false_positive,,stellar_eclipse,0.9181114045657102,8.0,0.00989823423839338,2.4203196840933873e-06,4089.639192477625,4089.639192477625,0.3630641463287436,0.14825005253101614,-0.0045716994954576595,-0.25025810351970584,0.018267937905545883,233.0,3711.0
6233466-r1,6233466,K03552.01,1,0,official_kepler_false_positive,,stellar_eclipse,15.877531091389566,4.0,0.15712587104197762,3.120724968727857e-05,5034.915688389834,5034.915688389834,0.010497014032430427,0.024537944113987954,-9.277383701356001e-05,-0.0005489359125837452,0.0009212575934048782,16.0,76.0
6233466-r2,6233466,K03552.01,2,0,official_kepler_false_positive,,stellar_eclipse,7.9489958467061825,8.0,0.031892818598896776,1.2096664123301087e-05,2636.4969940318942,2636.4969940318942,0.04193401780068313,0.5935876816965902,1.4052037393907924e-05,0.014015868792012505,0.0009249892513479942,43.0,628.0
6233466-r3,6233466,K03552.01,3,0,official_kepler_false_positive,,stellar_eclipse,31.67353495520582,8.0,0.06081742409952031,2.5499335613136472e-05,2385.059164764632,2385.059164764632,0.010524033196949717,12.802362003060312,0.0012229591322803213,1.0990390833079606,0.000920224256206526,10.0,130.0
6233466-r4,6233466,K03552.01,4,0,official_kepler_false_positive,,stellar_eclipse,5.286164535589311,4.0,0.027694862660637434,1.3810928156121752e-05,2005.2861290398914,2005.2861290398914,0.031528845828497534,0.40479871579440074,4.9318083814364755e-05,0.05333594420563556,0.0009246688054160993,64.0,483.0
6233466-r5,6233466,K03552.01,5,0,official_kepler_false_positive,,stellar_eclipse,23.785684630458043,8.0,0.039262014721340874,2.0554897547781286e-05,1910.1051041521173,1910.1051041521173,0.014014031486253431,8.536531884760997,-9.858537751417096e-05,-0.10567421593200081,0.0009329179937101082,13.0,209.0
10876237-r1,10876237,K02960.01,1,0,official_kepler_false_positive,,stellar_eclipse,10.140226337087759,8.0,5.497432330886723e-05,6.907283645730052e-06,7.958891820354197,7.958891820354197,0.0328723760449183,0.053421275887417616,2.2202052994191313e-05,0.17068949889094107,0.00013007275279645005,19.0,305.0
10876237-r2,10876237,K02960.01,2,0,official_kepler_false_positive,,stellar_eclipse,12.457468401220172,8.0,5.9501946664601e-05,7.611376306857046e-06,7.817501627267599,7.817501627267599,0.026757710523326258,0.2502872690682772,-6.214886160371691e-06,-0.04739397127810811,0.0001311324202798432,17.0,254.0
10876237-r3,10876237,K02960.01,3,0,official_kepler_false_positive,,stellar_eclipse,30.208875016706543,8.0,9.752771819026848e-05,1.337439323904543e-05,7.292122823601777,7.292122823601777,0.011034284896375273,0.19746335670876874,-6.404685412020328e-06,-0.04871439661382225,0.0001314741812937299,5.0,80.0
10876237-r4,10876237,K02960.01,4,0,official_kepler_false_positive,,stellar_eclipse,5.067773870662312,8.0,3.3202197373637425e-05,4.685746530912132e-06,7.08578604382475,7.08578604382475,0.06577510004205647,0.22096941680859844,-2.251924078833234e-05,-0.1724977549786812,0.00013054802244304842,43.0,689.0
10876237-r5,10876237,K02960.01,5,0,official_kepler_false_positive,,stellar_eclipse,24.943226810840155,8.0,7.135770197848278e-05,1.0278302214897456e-05,6.942557290741688,6.942557290741688,0.013363681285553196,0.04652876013280395,3.161239744264854e-05,0.24150939241762312,0.0001308951056776447,9.0,136.0
8891278-r1,8891278,K00698.01,1,0,official_kepler_false_positive,,stellar_eclipse,12.717411610786435,2.0,0.0028391723483910344,2.897064005885373e-05,98.00171285906242,98.00171285906242,0.006552696089717903,0.17077911951842642,6.6396432948367945e-06,0.0023279141380563853,0.00027009366035414545,28.0,46.0
8891278-r2,8891278,K00698.01,2,0,official_kepler_false_positive,,stellar_eclipse,2.120053204488994,4.0,0.00018255762948009012,5.72049491827995e-06,31.912908251473795,31.912908251473795,0.07861437925886348,0.05269136752724559,-5.2809546991827716e-05,-0.19630603536914484,0.0002690164206745946,166.0,1261.0
8891278-r3,8891278,K00698.01,3,0,official_kepler_false_positive,,stellar_eclipse,6.355189669348316,8.0,0.00021767608398315448,7.040054403157453e-06,30.919659354553726,30.919659354553726,0.052450572001183804,0.5552411971263339,7.875507734034226e-05,0.2920191359532392,0.0002696914949880314,55.0,811.0
8891278-r4,8891278,K00698.01,4,0,official_kepler_false_positive,,stellar_eclipse,3.17671652957278,8.0,0.0001469110630224462,5.062787032203362e-06,29.017823994565585,29.017823994565585,0.1049301472858082,0.17633660617125327,-5.079507901406544e-06,-0.018899809972562322,0.00026875973402805034,108.0,1655.0
8891278-r5,8891278,K00698.01,5,0,official_kepler_false_positive,,stellar_eclipse,4.236012325315181,8.0,0.00016192055477102339,5.650950704381124e-06,28.653683820934422,28.653683820934422,0.078690359643496,0.1252289245460448,4.0678529828030996e-05,0.15110083819349776,0.0002692144551570164,85.0,1293.0
8702921-r1,8702921,K06187.01,1,0,official_kepler_false_positive,,stellar_eclipse,19.437515775694894,8.0,0.002839703008241606,4.1424056096848954e-06,685.5202690925325,685.5202690925325,0.01714896786091054,0.0846595737890338,-5.936855016619447e-05,-0.018872965964434517,0.00032325153494366444,11.0,178.0
8702921-r2,8702921,K06187.01,2,0,official_kepler_false_positive,,stellar_eclipse,9.710162858341468,8.0,0.0014340100220993062,2.9850430908679395e-06,480.39843260096774,480.39843260096774,0.03432829481814355,5.749222585100574,-0.00016310895276017146,-0.282597120785799,0.00032415112616325,22.0,349.0
8702921-r3,8702921,K06187.01,3,0,official_kepler_false_positive,,stellar_eclipse,6.471534150557206,8.0,0.001049520774044522,2.5155261037678093e-06,417.21720656069806,417.21720656069806,0.05150762177537655,0.1595013485713889,-9.94873053099532e-05,-0.3067721622902532,0.0003243035631630195,31.0,500.0
8702921-r4,8702921,K06187.01,4,0,official_kepler_false_positive,,stellar_eclipse,12.877859485977925,8.0,0.0009840516126222686,3.7399745787173743e-06,263.1171928873777,263.1171928873777,0.025884218856113764,2.1240851079498095,0.00022546531239009404,0.7025052867996366,0.00032094464856945566,14.0,220.0
8702921-r5,8702921,K06187.01,5,0,official_kepler_false_positive,,stellar_eclipse,4.852935520996309,8.0,0.0005385557605870248,2.0852448010223885e-06,258.2698013791823,258.2698013791823,0.06868694873260955,1.6892064531199802,7.503138003217558e-05,0.23201717017774987,0.0003233871871409066,46.0,746.0
6805146-r1,6805146,K00668.01,1,0,official_kepler_false_positive,,stellar_eclipse,13.809955894238206,8.0,0.01182608599674473,7.194706993284584e-06,1643.7203082464646,1643.7203082464646,0.024137175808968857,0.6650263843649065,-1.7069164073735266e-05,-0.0013666851919923748,0.00024696495807369353,17.0,273.0
6805146-r2,6805146,K00668.01,2,0,official_kepler_false_positive,,stellar_eclipse,6.9006378360613185,8.0,0.007783645009646727,5.3240168280690135e-06,1461.987304136641,1461.987304136641,0.04830471345582022,87.91994710093627,-2.356811290216143e-05,-0.09471620811591995,0.00024882872077519423,33.0,514.0
6805146-r3,6805146,K00668.01,3,0,official_kepler_false_positive,,stellar_eclipse,4.599461563034647,8.0,0.0055147768332943015,4.415878860424564e-06,1248.851476139471,1248.851476139471,0.0724722511026716,0.11321053942420489,1.4228478333988548e-05,0.0574107460206471,0.0002478364996140521,48.0,770.0
6805146-r4,6805146,K00668.01,4,0,official_kepler_false_positive,,stellar_eclipse,3.449234912933093,8.0,0.004352146242530258,3.937456170209531e-06,1105.3192859537683,1105.3192859537683,0.09663978874952296,1.0498880834817872,-2.0925009880379264e-07,-0.0008426562416226569,0.00024832201847915016,64.0,993.0
6805146-r5,6805146,K00668.01,5,0,official_kepler_false_positive,,stellar_eclipse,2.7592145549157467,8.0,0.0035025589683290665,3.5711389530419067e-06,980.7960469713945,980.7960469713945,0.12080732639637431,0.045095497895511746,-3.388297875073221e-05,-0.13935224763293988,0.00024314626657462679,77.0,1234.0
5356593-r1,5356593,K00644.01,1,0,official_kepler_false_positive,,stellar_eclipse,8.675152751856503,8.0,0.0007741618819283189,5.64177391465167e-06,137.2195861868592,137.2195861868592,0.03842391515953413,0.1109109615612,-0.00011464750068324037,-0.1712199055766189,0.0006388844986024767,31.0,488.0
5356593-r2,5356593,K00644.01,2,0,official_kepler_false_positive,,stellar_eclipse,4.362780879477095,8.0,0.000413999268650444,3.9401780957496214e-06,105.07120708503922,105.07120708503922,0.07640386774897696,0.5090643523807126,-0.0002987981756465974,-0.46504620506847744,0.0006425128780539124,67.0,1047.0
5356593-r3,5356593,K00644.01,3,0,official_kepler_false_positive,,stellar_eclipse,4.437556662529749,8.0,0.00041715328920567874,3.984572874670428e-06,104.6920968261077,104.6920968261077,0.07511641172899584,0.13647206070700485,-0.000330267548709795,-0.5159111848502796,0.0006401635754527022,65.0,1020.0
5356593-r4,5356593,K00644.01,4,0,official_kepler_false_positive,,stellar_eclipse,17.84160518957591,8.0,0.0006858710813979735,7.336737526012915e-06,93.48447848463567,93.48447848463567,0.01868292285315706,0.09544349712782689,0.000123358201195245,0.19026065100649822,0.0006483642337113194,18.0,285.0
5356593-r5,5356593,K00644.01,5,0,official_kepler_false_positive,,stellar_eclipse,30.4186578899311,8.0,0.0009897581214314308,1.0807302358262598e-05,91.5823476220893,91.5823476220893,0.010958186733270378,0.9819334942303491,-0.00026945236724151833,-0.2910446385550413,0.0006484341263626189,8.0,130.0
5034333-r1,5034333,K06124.01,1,0,official_kepler_false_positive,,stellar_eclipse,6.942477010927034,8.0,0.0031284880632077025,2.395169849792998e-06,1306.1654326844844,1306.1654326844844,0.04801360275427446,0.11550523703923327,0.00034260252418838455,0.09957499214730951,0.0007215954669684653,29.0,460.0
5034333-r2,5034333,K06124.01,2,0,official_kepler_false_positive,,stellar_eclipse,3.4701409406466506,8.0,0.0019633934919964843,1.725996795521395e-06,1137.541794452391,1137.541794452391,0.09605757778564972,4.186884600809191,0.0001059794037794326,0.12841844385748843,0.0007461481191721512,59.0,936.0
5034333-r3,5034333,K06124.01,3,0,official_kepler_false_positive,,stellar_eclipse,2.3131834932867665,8.0,0.0013720999975473142,1.4044922597371061e-06,976.9366744706339,976.9366744706339,0.14410155281702497,0.015603714019655792,9.205432777470435e-05,0.1195214480507967,0.0007701908676305628,94.0,1505.0
5034333-r4,5034333,K06124.01,4,0,official_kepler_false_positive,,stellar_eclipse,1.7321712924264765,8.0,0.0011843856698090416,1.261761065097374e-06,938.6766659483496,938.6766659483496,0.19243670345465094,1.2829566082723545,-5.0644391735854555e-06,-0.006782032167739321,0.0007467436084535121,124.0,1971.0
5034333-r5,5034333,K06124.01,5,0,official_kepler_false_positive,,stellar_eclipse,1.3861127448237076,8.0,0.0010634179862278037,1.16584625720224e-06,912.1425570981886,912.1425570981886,0.2404806784860262,0.0946425737159027,-1.679150543254515e-05,-0.02268001600062858,0.0007403656784051551,155.0,2452.0
7938468-r1,7938468,K06933.01,1,0,official_kepler_false_positive,,stellar_eclipse,3.61247858118823,8.0,0.41961085084198074,2.751668378370343e-06,152493.24887415848,152493.24887415848,0.09227275009162603,1.8614856110038651,-0.04292373245705816,-0.1479605595813099,0.03683025538269095,61.0,938.0
7938468-r2,7938468,K06933.01,2,0,official_kepler_false_positive,,stellar_eclipse,7.2045964671371046,8.0,0.43161153598210344,3.6960090135551406e-06,116777.72819253549,116777.72819253549,0.046266759679573034,0.03650738483546574,0.09603343214110172,0.19068849268908997,0.039978642760619576,30.0,474.0
7938468-r3,7938468,K06933.01,3,0,official_kepler_false_positive,,stellar_eclipse,2.410589886190529,8.0,0.25572632641064574,2.469026429810587e-06,103573.7500915549,103573.7500915549,0.13827874050367903,0.045973798481513305,-0.011737390225876054,-0.25620095929591197,0.04581321732023405,89.0,1424.0
7938468-r4,7938468,K06933.01,4,0,official_kepler_false_positive,,stellar_eclipse,1.8059417223968708,8.0,0.21509098907951316,2.241732188739294e-06,95948.56609543359,95948.56609543359,0.1845759080702387,3.7145609003188107,0.0029937298197940665,0.06717396752301545,0.0445668155415763,121.0,1905.0
7938468-r5,7938468,K06933.01,5,0,official_kepler_false_positive,,stellar_eclipse,21.642237242096634,8.0,0.5265822381374412,5.77041316774074e-06,91255.55186953991,91255.55186953991,0.0154019813018666,0.0014574194094140282,0.10710825756246001,0.17020291644002175,0.04297075176590235,10.0,162.0
7838906-r1,7838906,K06165.01,1,0,official_kepler_false_positive,,stellar_eclipse,5.614567346118125,2.0,0.0017422732320090898,3.2180844728351543e-06,541.4007142187089,541.4007142187089,0.014842342819335748,0.21711255427034457,0.0010188940680403435,0.5911548765691517,0.001128782042176572,39.0,158.0
7838906-r2,7838906,K06165.01,2,0,official_kepler_false_positive,,stellar_eclipse,2.806566019956632,4.0,0.0008859495263846336,1.6741548002165346e-06,529.1921190740816,529.1921190740816,0.05938455232535098,0.18351042396798845,-0.00033084595448396037,-0.29256200633122625,0.0011308575526700164,77.0,612.0
7838906-r3,7838906,K06165.01,3,0,official_kepler_false_positive,,stellar_eclipse,2.5055745086502808,8.0,0.0005535535027809349,1.1528527412049098e-06,480.15976628757085,480.15976628757085,0.1330366876668519,0.031000538584645205,-0.00042985385003424526,-0.39001545729083054,0.001102145676533296,88.0,1399.0
7838906-r4,7838906,K06165.01,4,0,official_kepler_false_positive,,stellar_eclipse,3.290601748980386,8.0,0.0006057550357045016,1.3276920795350353e-06,456.24662905019375,456.24662905019375,0.10129859483500815,0.39600690033782077,4.744201772122203e-05,0.04148157330681076,0.0011436889669137174,66.0,1010.0
7838906-r5,7838906,K06165.01,5,0,official_kepler_false_positive,,stellar_eclipse,8.424005079811225,4.0,0.0012356803834054156,2.7653552907305414e-06,446.8432637019231,446.8432637019231,0.019784730076445007,0.6436514011618758,-0.00023883619828901637,-0.20875935692093311,0.0011440742192910412,27.0,217.0
8701327-r1,8701327,K07078.01,1,0,official_kepler_false_positive,,stellar_eclipse,4.257362273462406,4.0,0.1911864069164977,4.965917240551686e-06,38499.71669992187,38499.71669992187,0.03914787043272238,0.12791160641946772,5.3746025587386725e-05,0.00025910975820934474,0.0008095637200793492,52.0,422.0
8701327-r2,8701327,K07078.01,2,0,official_kepler_false_positive,,stellar_eclipse,2.1282684993451055,4.0,0.1143726500567371,3.779886852756367e-06,30258.220553171937,30258.220553171937,0.07831092116335511,10.158193426465617,-6.75289089986375e-05,-0.0030536382307846614,0.0008244778250318361,101.0,817.0
8701327-r3,8701327,K07078.01,3,0,official_kepler_false_positive,,stellar_eclipse,1.4187539927318693,4.0,0.08132564761320397,3.2275149166735753e-06,25197.605499224745,25197.605499224745,0.11747397189398785,0.16218948242707307,-1.7435798633114175e-05,-0.021728670909954183,0.0008024328181585469,151.0,1203.0
8701327-r4,8701327,K07078.01,4,0,official_kepler_false_positive,,stellar_eclipse,1.0640311203187387,4.0,0.061313567393633826,2.872236423775506e-06,21346.97787622865,21346.97787622865,0.1566370226246206,49.170170917585175,-6.185555273763299e-05,-0.07622587763510709,0.0008114770817560831,201.0,1620.0
8701327-r5,8701327,K07078.01,5,0,official_kepler_false_positive,,stellar_eclipse,0.8505759499719135,4.0,0.0500911622895493,2.644550852851583e-06,18941.27399196604,18941.27399196604,0.19594566090443785,0.026662990954516793,-2.265706663773237e-05,-0.027845293496285554,0.0008136767041351074,251.0,2024.0
8019043-r1,8019043,K06048.01,1,0,official_kepler_false_positive,,stellar_eclipse,1.984382577056674,4.0,0.02699023739075495,1.4183335091974802e-06,19029.54221678548,19029.54221678548,0.08398918061146968,0.0508869535940857,0.0017980917069080338,0.14897449734086965,0.0014115911113031852,110.0,878.0
8019043-r2,8019043,K06048.01,2,0,official_kepler_false_positive,,stellar_eclipse,0.9929620773910854,2.0,0.02660877394830793,1.4226449368174888e-06,18703.73503583598,18703.73503583598,0.08392398383660717,8.723060471612255,-0.0012010130230939442,-0.20143591900723157,0.0014617680846666422,214.0,872.0
8019043-r3,8019043,K06048.01,3,0,official_kepler_false_positive,,stellar_eclipse,0.6617634155908948,2.0,0.016539275881320287,1.1950023249095221e-06,13840.371300175115,13840.371300175115,0.1259261714534706,0.0033361771664593247,0.00018050036081007637,0.11605547421153883,0.001555293811311919,323.0,1309.0
8019043-r4,8019043,K06048.01,4,0,official_kepler_false_positive,,stellar_eclipse,1.323606686319858,2.0,0.016155013736221836,1.6376975660133366e-06,9864.467085670858,9864.467085670858,0.062959287071171,0.015714603832439174,-0.00010937538267385971,-0.06783195071008197,0.0016124463697253378,161.0,648.0
8019043-r5,8019043,K06048.01,5,0,official_kepler_false_positive,,stellar_eclipse,3.9763772422335273,8.0,0.013391976612015752,1.4336514845786755e-06,9341.166075625008,9341.166075625008,0.08382839781723031,0.08102247571630788,0.0021916156594750102,0.9561074108050704,0.0014517900760082191,54.0,869.0
6522750-r1,6522750,K06724.01,1,0,official_kepler_false_positive,,stellar_eclipse,5.814157440436583,4.0,0.023987929981101885,2.3827801202995674e-06,10067.20249877109,10067.20249877109,0.02866566108229634,0.14707932758041342,4.924141490947331e-05,0.15764408879412334,0.0003123581434999479,38.0,248.0
6522750-r2,6522750,K06724.01,2,0,official_kepler_false_positive,,stellar_eclipse,34.800419937100436,8.0,0.03260539088206059,3.9862436853515585e-06,8179.477587353023,8179.477587353023,0.009578428476892298,0.3686447287241946,6.661168802324369e-05,0.16271639128261614,0.0003070567222734924,6.0,86.0
6522750-r3,6522750,K06724.01,3,0,official_kepler_false_positive,,stellar_eclipse,17.372654470328477,8.0,0.01874291632628162,2.6825827530885903e-06,6986.892130243503,6986.892130243503,0.019187242450636893,0.5179504853167016,3.144210639782763e-05,0.10135762518469188,0.00031020958058690146,13.0,196.0
6522750-r4,6522750,K06724.01,4,0,official_kepler_false_positive,,stellar_eclipse,8.745762912264489,8.0,0.01355379074468155,1.9763556407064677e-06,6857.971543945711,6857.971543945711,0.0381136942171035,1.559525943621246,1.1145817725544127e-05,0.03613323092534926,0.00030846446443085114,25.0,369.0
6522750-r5,6522750,K06724.01,5,0,official_kepler_false_positive,,stellar_eclipse,3.491300657287173,4.0,0.012186535658049922,1.7958095549362115e-06,6786.095788694473,6786.095788694473,0.04773770093927424,0.4087842332156775,1.7503098872828637e-05,0.056553153199646086,0.0003094981956362103,60.0,451.0
8906676-r1,8906676,K07108.01,1,0,official_kepler_false_positive,,stellar_eclipse,4.104715881292564,4.0,0.008878344865740488,3.6731210595097697e-06,2417.1119660633863,2417.1119660633863,0.040603703517278225,0.1304178578216138,-2.9577801966107486e-05,-0.0031984632502420076,0.00022421160696204251,53.0,257.0
8906676-r2,8906676,K07108.01,2,0,official_kepler_false_positive,,stellar_eclipse,2.0519744563484204,4.0,0.003240823960304615,2.328899163178016e-06,1391.5690346516274,1391.5690346516274,0.08122258352243691,38.995645947747825,1.6104513806625143e-05,0.070429134171998,0.00022866266916324175,106.0,671.0
8906676-r3,8906676,K07108.01,3,0,official_kepler_false_positive,,stellar_eclipse,1.3678977733956608,4.0,0.0020044291006741225,1.8812441408192203e-06,1065.4805812717425,1065.4805812717425,0.12184146352759562,0.7734491854924129,1.5633048087715373e-05,0.06865999708786703,0.0002276878641242748,155.0,1076.0
8906676-r4,8906676,K07108.01,4,0,official_kepler_false_positive,,stellar_eclipse,12.32335987357927,4.0,0.006234431311929984,5.938908454732029e-06,1049.760466835027,1049.760466835027,0.013524450180505765,1.3642485117884366,-4.4826792040097985e-05,-0.008598417240372674,0.0002295265257481973,18.0,97.0
8906676-r5,8906676,K07108.01,5,0,official_kepler_false_positive,,stellar_eclipse,41.0380635531704,2.0,0.012436311109493184,1.1881266756840884e-05,1046.7159238161807,1046.7159238161807,0.0020306351254942533,0.018597374102288507,0.0,0.0,0.00023048023728304627,6.0,24.0
7837526-r1,7837526,K05436.01,1,0,official_kepler_false_positive,,stellar_eclipse,4.03241741090062,8.0,5.8353462262066375e-05,3.0147786031011835e-06,19.355803508105197,19.355803508105197,0.08266339998241527,0.25033169642061776,-1.5021726822439518e-05,-0.12630824076212968,0.00011892911128996898,54.0,872.0
7837526-r2,7837526,K05436.01,2,0,official_kepler_false_positive,,stellar_eclipse,8.067798241745706,8.0,8.112876914827789e-05,4.219288980897432e-06,19.22806650968524,19.22806650968524,0.041316518255073126,0.11071441622711291,2.2162622670518495e-05,0.18630260191259285,0.00011896034968377136,27.0,425.0
7837526-r3,7837526,K05436.01,3,0,official_kepler_false_positive,,stellar_eclipse,24.411311407720746,8.0,0.0001529575312609036,8.056844158661384e-06,18.984794573253474,18.984794573253474,0.013654872029034357,1.5148959901346402,-5.286413003569024e-06,-0.04428025801400762,0.0001193853252141557,7.0,113.0
7837526-r4,7837526,K05436.01,4,0,official_kepler_false_positive,,stellar_eclipse,14.151379510269638,8.0,0.00010947214985518829,5.952117659152862e-06,18.3921347197913,18.3921347197913,0.02355482962572191,1.7444370458346385,-2.9337168655496626e-05,-0.24665134290769472,0.00011894185658853513,16.0,209.0
7837526-r5,7837526,K05436.01,5,0,official_kepler_false_positive,,stellar_eclipse,38.29263892153326,8.0,0.00016984287211553226,9.370132781867446e-06,18.125983491312166,18.125983491312166,0.008704893230690574,0.5475046331059935,-4.105636778994892e-06,-0.0344066132732986,0.00011932696619638205,6.0,83.0
3339538-r1,3339538,K06326.01,1,0,official_kepler_false_positive,,stellar_eclipse,44.20750950158013,2.0,0.00656290683567714,3.126649498343983e-05,209.9022240629516,209.9022240629516,0.0018850492659025434,1.6628993521547522,0.00028136243936849326,0.27192888014293876,0.0008458463314369337,5.0,18.0
3339538-r2,3339538,K06326.01,2,0,official_kepler_false_positive,,stellar_eclipse,33.77370374078353,8.0,0.0026753241086979046,1.2915390127107525e-05,207.1423381228561,207.1423381228561,0.009869611455459525,1.5998249396512914,-1.459551085991606e-06,-0.0017143610526159881,0.000851367384813391,7.0,103.0
3339538-r3,3339538,K06326.01,3,0,official_kepler_false_positive,,stellar_eclipse,39.61779542968436,2.0,0.006331787032285023,3.126899386035294e-05,202.4941083989696,202.4941083989696,0.00210343186513842,0.2609992105290925,-0.0006336064233238847,-0.7477723467408132,0.0008473252937013199,5.0,18.0
3339538-r4,3339538,K06326.01,4,0,official_kepler_false_positive,,stellar_eclipse,14.696335822420748,8.0,0.0017802523904308994,9.02203960123952e-06,197.32260875759337,197.32260875759337,0.022681390610630955,1.1406749490470363,-8.298556302577254e-06,-0.009922000779538573,0.000836379323784248,16.0,220.0
3339538-r5,3339538,K06326.01,5,0,official_kepler_false_positive,,stellar_eclipse,24.943130205830453,4.0,0.00295205378247706,1.563437328663073e-05,188.81817188037985,188.81817188037985,0.006681866521616776,0.5454496360000884,-2.0686062994546006e-05,-0.024450425347164708,0.0008460410279506561,9.0,71.0
5553624-r1,5553624,K06599.01,1,0,official_kepler_false_positive,,stellar_eclipse,25.861104157575674,8.0,0.13123858528682808,1.6438533244760103e-05,7983.594602557457,7983.594602557457,0.012889369738518595,0.02835416858997323,-0.00013306872035578898,-0.019773022224427207,0.0009301932211851804,11.0,160.0
5553624-r2,5553624,K06599.01,2,0,official_kepler_false_positive,,stellar_eclipse,8.579332421311221,8.0,0.0607306801704045,1.0252775806714251e-05,5923.3403046454705,5923.3403046454705,0.03885306186590079,0.22170017440441023,-0.00011302025730342002,-0.12161470268715975,0.000929330539862043,31.0,437.0
5553624-r3,5553624,K06599.01,3,0,official_kepler_false_positive,,stellar_eclipse,12.831121302309612,8.0,0.07055607195858275,1.2078357121264127e-05,5841.5288809740305,5841.5288809740305,0.025978503786207138,20.25186664536163,0.00015704488447609855,0.16910354399359026,0.0009286906753536236,22.0,311.0
5553624-r4,5553624,K06599.01,4,0,official_kepler_false_positive,,stellar_eclipse,6.444010640426206,8.0,0.04304972578087165,8.784953738437489e-06,4900.392997234902,4900.392997234902,0.051727619945594425,0.021967927805942845,-3.718239570327242e-05,-0.039611413964533035,0.0009386788297071271,43.0,609.0
5553624-r5,5553624,K06599.01,5,0,official_kepler_false_positive,,stellar_eclipse,38.76938056077307,8.0,0.07705365566391938,1.8714387994004222e-05,4117.348410677714,4117.348410677714,0.008597850378620714,47.91456993833196,0.0006725106218168353,0.718174936587042,0.0009364161676440343,8.0,127.0
3530668-r1,3530668,K05986.01,1,0,official_kepler_false_positive,,stellar_eclipse,1.9454047990543217,4.0,0.07550309218880218,4.533969148359372e-06,16652.758260634208,16652.758260634208,0.08567197261345545,0.02269453699698525,0.008706397580173442,0.09359838065329931,0.005968751362443389,181.0,1458.0
3530668-r2,3530668,K05986.01,2,0,official_kepler_false_positive,,stellar_eclipse,0.9731339249644573,2.0,0.06928486165320193,4.5596135670556925e-06,15195.3363227537,15195.3363227537,0.08563398232815385,1.1661546961742533,-0.0022491658408805293,-0.02260536333321544,0.006491696493327966,358.0,1445.0
3530668-r3,3530668,K05986.01,3,0,official_kepler_false_positive,,stellar_eclipse,0.648623419376134,2.0,0.03733387990046896,3.870059435155604e-06,9646.849234750283,9646.849234750283,0.12847721936017342,0.04167176167784122,0.002040189573889961,0.3116210439636235,0.0065470211765548125,534.0,2145.0
3530668-r4,3530668,K05986.01,4,0,official_kepler_false_positive,,stellar_eclipse,3.895583293007873,8.0,0.04107853605469318,4.577323569203747e-06,8974.357052463967,8974.357052463967,0.08556698914168478,0.014255988531959111,0.012865751045070373,0.935014305937164,0.00610688652107323,91.0,1459.0
3530668-r5,3530668,K05986.01,5,0,official_kepler_false_positive,,stellar_eclipse,2.919896236669345,4.0,0.04431924936480616,5.5010771588798174e-06,8056.4675035081455,8056.4675035081455,0.05707965391838009,6.111208882932812,-0.0021314401670293748,-0.13256442786507466,0.006849745780289097,122.0,976.0
9851126-r1,9851126,K03592.01,1,0,official_kepler_false_positive,,stellar_eclipse,8.485616393693528,4.0,0.0676294148854363,2.0267216967571704e-05,3336.8871016502103,3336.8871016502103,0.01964107955557979,0.019140099668040884,-4.636316199380097e-05,-0.0018925518008247489,0.0010766083427064474,35.0,281.0
9851126-r2,9851126,K03592.01,2,0,official_kepler_false_positive,,stellar_eclipse,25.437651786616993,4.0,0.07024821763223965,2.9259672299002434e-05,2400.8545589430496,2400.8545589430496,0.0065519674561451335,0.011762333548445985,-6.50362358316503e-05,-0.00190969376664785,0.0010893991207954325,13.0,104.0
9851126-r3,9851126,K03592.01,3,0,official_kepler_false_positive,,stellar_eclipse,4.2436088430069505,4.0,0.03395420564320542,1.4512822574895266e-05,2339.6004097742134,2339.6004097742134,0.039274747704731765,15.970471975895661,-0.0001317319988161092,-0.12147110471115746,0.001084471892548856,68.0,547.0
9851126-r4,9851126,K03592.01,4,0,official_kepler_false_positive,,stellar_eclipse,16.872700250384234,8.0,0.04512728767586436,2.0660838370375583e-05,2184.1944100666237,2184.1944100666237,0.019755778766101323,0.19926468204319414,0.0006140267789909171,0.5660628670098792,0.0010847324825145274,19.0,282.0
9851126-r5,9851126,K03592.01,5,0,official_kepler_false_positive,,stellar_eclipse,12.726023558241303,4.0,0.04490843499995118,2.370178548588593e-05,1894.7279320662783,1894.7279320662783,0.01309652350586246,13.677759747290196,-0.00010849989606720456,-0.05349085951784067,0.0010892903741490166,24.0,195.0
3336845-r1,3336845,K04275.01,1,0,official_kepler_false_positive,,stellar_eclipse,48.44086226571417,8.0,0.0002944331053543428,1.6716806451159938e-05,17.612999601004102,17.612999601004102,0.006881242771957476,0.6216106004472379,3.812218401599843e-05,0.15697927327942882,0.00022908387543687687,6.0,95.0
3336845-r2,3336845,K04275.01,2,0,official_kepler_false_positive,,stellar_eclipse,28.730883938818724,8.0,0.00019431272366409084,1.26369493507315e-05,15.376553175220481,15.376553175220481,0.011601917088355283,0.2735727125643039,-7.031345169683512e-05,-0.30631916219795285,0.00022954310527722194,10.0,163.0
3336845-r3,3336845,K04275.01,3,0,official_kepler_false_positive,,stellar_eclipse,44.296958678343834,8.0,0.00021202436818232908,1.5141231061940636e-05,14.003112911689106,14.003112911689106,0.007524971087829904,0.03414848352803097,1.0690454101958125e-05,0.046404599888408754,0.00023037487937975856,7.0,114.0
3336845-r4,3336845,K04275.01,4,0,official_kepler_false_positive,,stellar_eclipse,18.04889386302877,8.0,0.00013579107810778493,9.774532299006103e-06,13.892335096339337,13.892335096339337,0.018468352457661187,0.231474459429538,-2.9339745581280496e-05,-0.12799831257232758,0.000229219784164745,17.0,277.0
3336845-r5,3336845,K04275.01,5,0,official_kepler_false_positive,,stellar_eclipse,41.906985952795274,8.0,0.0001923746679116943,1.4029959917296775e-05,13.711704740832939,13.711704740832939,0.007954123298411523,0.35574412425968205,-4.361399065788696e-05,-0.18958862871334112,0.00023004539330168116,8.0,133.0
4459068-r1,4459068,K06114.01,1,0,official_kepler_false_positive,,stellar_eclipse,24.943130818466322,8.0,0.00015402254447298202,3.5784769391154913e-06,43.04136846304576,43.04136846304576,0.013363732715002814,0.4992062837950943,9.706328839231837e-06,0.05597543027213799,5.85508945867764e-05,9.0,140.0
4459068-r2,4459068,K06114.01,2,0,official_kepler_false_positive,,stellar_eclipse,12.4573965702933,8.0,7.323211304739896e-05,2.5072638295786252e-06,29.207980501879003,29.207980501879003,0.026757864811675112,2.2051144859744642,1.0123319997390468e-05,0.16514968833471483,5.875009667144257e-05,18.0,290.0
4459068-r3,4459068,K06114.01,3,0,official_kepler_false_positive,,stellar_eclipse,16.616154584158373,8.0,8.418306535865321e-05,3.047700647300718e-06,27.621828749228477,27.621828749228477,0.020060798763338963,0.057188349959721885,6.5229993462256886e-06,0.11104894255141076,5.873986006850833e-05,12.0,195.0
4459068-r4,4459068,K06114.01,4,0,official_kepler_false_positive,,stellar_eclipse,6.225162108396013,8.0,4.137940612884334e-05,1.8217082092906785e-06,22.714618025987438,22.714618025987438,0.0535461290050197,0.7277952567786262,-4.095471290987973e-06,-0.06975470876299424,5.871247065059317e-05,35.0,565.0
4459068-r5,4459068,K06114.01,5,0,official_kepler_false_positive,,stellar_eclipse,8.301787183691353,8.0,4.840107580343655e-05,2.160359961746929e-06,22.404171832687574,22.404171832687574,0.04015199690834741,0.7906226951245873,-6.751755585510111e-06,-0.11419926761796419,5.912258218762886e-05,25.0,395.0
6859813-r1,6859813,K06778.01,1,0,official_kepler_false_positive,,stellar_eclipse,6.698719278263662,8.0,0.0018859374590729729,2.587452209970692e-06,728.8781805536554,728.8781805536554,0.049760755673842,0.2568114415582588,-0.00037230033316282274,-0.18266566662403658,0.001781369304030762,30.0,484.0
6859813-r2,6859813,K06778.01,2,0,official_kepler_false_positive,,stellar_eclipse,13.327590675798408,8.0,0.00220443272978339,3.5531483150506923e-06,620.4167499695097,620.4167499695097,0.025010772122423735,0.5754387464586741,0.0016455873162987134,0.7102811772500529,0.001713428025186263,16.0,250.0
6859813-r3,6859813,K06778.01,3,0,official_kepler_false_positive,,stellar_eclipse,14.510078541583434,8.0,0.0024174998157852246,4.04579968532854e-06,597.5332452943504,597.5332452943504,0.022972538182895172,1.1546593098166371,0.00016934113434874387,0.0974336641412466,0.0017380146363299568,14.0,192.0
6859813-r4,6859813,K06778.01,4,0,official_kepler_false_positive,,stellar_eclipse,7.250244017381272,8.0,0.0016993140980073502,2.8570420189269235e-06,594.7809261291843,594.7809261291843,0.04597546407186038,0.6592159175111354,7.483757704473959e-05,0.043167809513135626,0.0017336431449450104,29.0,393.0
6859813-r5,6859813,K06778.01,5,0,official_kepler_false_positive,,stellar_eclipse,3.623924383487622,8.0,0.0012011857936560827,2.0812047904923496e-06,577.1588644920997,577.1588644920997,0.09198131584979079,0.28987820176895074,-2.7014860549678943e-05,-0.015386855612150675,0.001755710278346011,58.0,772.0
10068030-r1,10068030,K00529.01,1,0,official_kepler_false_positive,,stellar_eclipse,2.073846291297413,8.0,0.0004916085736296548,7.637282121400041e-06,64.3695709828688,64.3695709828688,0.1607319379127166,0.03005596526389029,-0.00015441372628410832,-0.30832690694303255,0.0005008117125264007,140.0,2218.0
10068030-r2,10068030,K00529.01,2,0,official_kepler_false_positive,,stellar_eclipse,4.152853605791555,8.0,0.0004572906547292299,1.0169961629366887e-05,44.96483579729078,44.96483579729078,0.08026609290259301,0.0785168548979235,0.0004662591963000562,0.9306593011928805,0.0005009988034315291,71.0,1146.0
10068030-r3,10068030,K00529.01,3,0,official_kepler_false_positive,,stellar_eclipse,2.0225448128004966,2.0,0.0005760728382480583,1.3989203495362899e-05,41.179816880854816,41.179816880854816,0.04120221851497404,0.054377235240393666,0.00013596506853197354,0.24951518686704183,0.0005186828931858402,144.0,582.0
10068030-r4,10068030,K00529.01,4,0,official_kepler_false_positive,,stellar_eclipse,1.0113178871115038,2.0,0.0004013993094291285,1.0200108714823963e-05,39.35245404255047,39.35245404255047,0.0824007311601573,0.8024880772671794,-1.704344884845277e-05,-0.03290401368587167,0.0005179747677946928,285.0,1140.0
10068030-r5,10068030,K00529.01,5,0,official_kepler_false_positive,,stellar_eclipse,1.036279219616343,8.0,0.0002150007165917326,5.9894029867285655e-06,35.896852669312004,35.896852669312004,0.32166362793296366,0.9928899225474174,-0.0001279951168877691,-0.24308971786320593,0.0005265344746493799,284.0,4478.0
2437804-r1,2437804,K06269.01,1,0,official_kepler_false_positive,,stellar_eclipse,3.5220114891874514,8.0,0.00028677643781739907,6.369199468903399e-06,45.02550739971943,45.02550739971943,0.09464288641779396,0.1565005181546917,-0.0001328970641334415,-0.1590528487333198,0.0008355528693250059,81.0,1295.0
2437804-r2,2437804,K06269.01,2,0,official_kepler_false_positive,,stellar_eclipse,2.981275198715395,8.0,0.0002585489924213531,5.876616650211636e-06,43.99623249409027,43.99623249409027,0.11180897807655049,0.33175460421224257,0.00011126501789870957,0.13357691213997597,0.0008329659378719157,99.0,1557.0
2437804-r3,2437804,K06269.01,3,0,official_kepler_false_positive,,stellar_eclipse,15.680485955763555,8.0,0.0005657441646160706,1.3290567515125434e-05,42.567344394603246,42.567344394603246,0.02125784457660973,0.1946578971052981,-8.54202173645735e-05,-0.1019576454926556,0.0008378010001292807,18.0,274.0
2437804-r4,2437804,K06269.01,4,0,official_kepler_false_positive,,stellar_eclipse,17.639010997600135,8.0,0.0005746436858692162,1.350183386603575e-05,42.560417464086036,42.560417464086036,0.018897506973530702,0.1961826797260786,0.00011181530345005797,0.1341779079318021,0.0008333361666876618,17.0,268.0
2437804-r5,2437804,K06269.01,5,0,official_kepler_false_positive,,stellar_eclipse,3.835025847320927,8.0,0.00027993182009033627,6.594884810858424e-06,42.446809628794554,42.446809628794554,0.0869181451713535,0.028739544323322888,5.5215639311545495e-05,0.06583968430322916,0.0008386376680854983,75.0,1202.0
5471675-r1,5471675,K04000.01,1,0,official_kepler_false_positive,,stellar_eclipse,26.687639993874615,8.0,0.00014931250199325027,1.172240370710684e-05,12.737362210339837,12.737362210339837,0.01249017647906823,0.19351239829305944,-6.328385189147134e-05,-0.3540471597131675,0.0001787441309873548,8.0,129.0
5471675-r2,5471675,K04000.01,2,0,official_kepler_false_positive,,stellar_eclipse,0.962897752641497,2.0,5.810263469807728e-05,4.626188486934091e-06,12.559504408905651,12.559504408905651,0.08654432218241943,0.013624854688113452,1.1740366436363558e-05,0.06594488384997836,0.00017803301410117522,224.0,899.0
5471675-r3,5471675,K04000.01,3,0,official_kepler_false_positive,,stellar_eclipse,7.586597881661785,8.0,7.753852625881195e-05,6.440392849026767e-06,12.039409408158868,12.039409408158868,0.04393712946603666,0.07383331973850153,4.743926082517724e-06,0.026506762272331747,0.00017897040890088348,28.0,442.0
5471675-r4,5471675,K04000.01,4,0,official_kepler_false_positive,,stellar_eclipse,6.85928395960527,8.0,7.049153380519124e-05,6.085606554945182e-06,11.583320934198353,11.583320934198353,0.04859593731595791,0.10418333007781462,-1.5758656319864173e-06,-0.008895400359438137,0.00017715511031658098,32.0,498.0
5471675-r5,5471675,K04000.01,5,0,official_kepler_false_positive,,stellar_eclipse,8.614161316137453,8.0,7.722236864263863e-05,6.851587958830514e-06,11.270725721781377,11.270725721781377,0.03869597063487526,0.08559585732773532,-2.3346465837459363e-05,-0.1307453304138389,0.0001785644333419974,24.0,389.0
6367439-r1,6367439,K06695.01,1,0,official_kepler_false_positive,,stellar_eclipse,7.793169483204681,8.0,8.754233502695917e-05,6.417439782395206e-06,13.641317720987699,13.641317720987699,0.042772498923796164,0.14129078451333113,-1.4809743893451355e-06,-0.005990931540498744,0.0002472026894872253,29.0,452.0
6367439-r2,6367439,K06695.01,2,0,official_kepler_false_positive,,stellar_eclipse,37.05319552643715,8.0,0.00016602719424860243,1.2661448419243977e-05,13.112812116839633,13.112812116839633,0.008996075199384699,0.240682806936964,-3.5501660865300266e-05,-0.14383251075070072,0.0002468264002346028,7.0,114.0
6367439-r3,6367439,K06695.01,3,0,official_kepler_false_positive,,stellar_eclipse,5.614551889427943,8.0,7.128820087864232e-05,5.479144636371288e-06,13.010826617976425,13.010826617976425,0.05936953471941214,0.14757306633919942,-2.0642583563379446e-05,-0.08347052956769233,0.0002473038528722748,40.0,631.0
6367439-r4,6367439,K06695.01,4,0,official_kepler_false_positive,,stellar_eclipse,11.575662621754228,8.0,0.00010181150562627684,7.986788115573167e-06,12.747490499686357,12.747490499686357,0.028796047727487974,0.059655447230286734,1.0303803809286194e-05,0.04181331493687472,0.0002464239877857514,19.0,287.0
6367439-r5,6367439,K06695.01,5,0,official_kepler_false_positive,,stellar_eclipse,4.061015890799405,8.0,5.929772541306677e-05,4.781842857778439e-06,12.400601018623908,12.400601018623908,0.08208126791341294,0.019234019894971695,-1.8402053569621657e-05,-0.07456235782755866,0.0002468008537522422,53.0,849.0
6677267-r1,6677267,K03622.01,1,0,official_kepler_false_positive,,stellar_eclipse,3.128706844175608,4.0,0.001030837494183484,3.6863506394093204e-06,279.6363110885891,279.6363110885891,0.05327014481300249,0.21711621370295348,0.00015517840073564493,0.6377526249142889,0.00017373381029328727,67.0,535.0
6677267-r2,6677267,K03622.01,2,0,official_kepler_false_positive,,stellar_eclipse,1.5619961018265325,2.0,0.0010003416494487815,3.6639437120434786e-06,273.0232034298541,273.0232034298541,0.05335053860626594,2.019287971486426,-3.1710362309533835e-05,-0.08886746058306698,0.0001788858724755693,137.0,543.0
6677267-r3,6677267,K03622.01,3,0,official_kepler_false_positive,,stellar_eclipse,0.7814755340774763,2.0,0.0006313920680586335,2.656447571132796e-06,237.68286448408514,237.68286448408514,0.1066358826341345,3.9911231583566997,3.0263506416439157e-06,0.017271870227807105,0.00017521846804821386,274.0,1095.0
6677267-r4,6677267,K03622.01,4,0,official_kepler_false_positive,,stellar_eclipse,1.0417550775526647,2.0,0.0006593733688643259,3.004028292089502e-06,219.49639109613304,219.49639109613304,0.07999321062020022,0.03253045961817548,8.736486484062223e-05,0.4953933781376805,0.00017635452691969905,207.0,832.0
6677267-r5,6677267,K03622.01,5,0,official_kepler_false_positive,,stellar_eclipse,0.5210898832677173,2.0,0.0004124249388535502,2.243909834016196e-06,183.79746485418426,183.79746485418426,0.15992122666200304,0.10103337416237944,-6.0980906908536525e-06,-0.03476518935643043,0.00017540795271767172,409.0,1628.0
3327980-r1,3327980,K06321.01,1,0,official_kepler_false_positive,,stellar_eclipse,2.1162184901300667,4.0,0.30159511240299286,1.8401408994649391e-06,163897.83656821508,163897.83656821508,0.07875683321168932,0.2686520745664537,-0.0018255542341227837,-0.005842418403832046,0.0016910116773389968,136.0,1088.0
3327980-r2,3327980,K06321.01,2,0,official_kepler_false_positive,,stellar_eclipse,4.232039135862165,4.0,0.33873640134988825,2.462445564744421e-06,137560.9703620173,137560.9703620173,0.03938211848145227,0.009884239565673041,0.2838421079569007,0.7711320231643997,0.001747431123839783,68.0,547.0
3327980-r3,3327980,K06321.01,3,0,official_kepler_false_positive,,stellar_eclipse,1.0574386904040138,4.0,0.17072321958448344,1.4499655963210213e-06,117742.94508618496,117742.94508618496,0.15761355072319946,6.051772530786863,0.00015188255234155346,0.0028948699339943506,0.0019504067941212928,272.0,2180.0
3327980-r4,3327980,K06321.01,4,0,official_kepler_false_positive,,stellar_eclipse,0.7051301626724831,4.0,0.12194655428771199,1.2681844744415454e-06,96158.37186574301,96158.37186574301,0.2363629801836736,0.3417209638324642,0.0002602954493354792,0.13156722018875838,0.0019784217448847482,410.0,3298.0
3327980-r5,3327980,K06321.01,5,0,official_kepler_false_positive,,stellar_eclipse,0.5289117837500629,4.0,0.09042456146430256,1.1761369750411542e-06,76882.67895934358,76882.67895934358,0.31511240964414766,0.13578080007815274,-0.00013685410585162483,-0.06624375214896472,0.0020659171833122625,549.0,4376.0
11287726-r1,11287726,K07433.01,1,0,official_kepler_false_positive,,stellar_eclipse,4.736175348879974,4.0,0.08497884928780293,9.57189061884088e-06,8877.958667907715,8877.958667907715,0.0351901385378564,0.022923887498686513,0.020004740492622797,0.2223708095873108,0.014250439545104247,47.0,376.0
11287726-r2,11287726,K07433.01,2,0,official_kepler_false_positive,,stellar_eclipse,2.3688798354419265,4.0,0.054328601361712636,6.91011295629494e-06,7862.187160373498,7862.187160373498,0.07035674168570655,1.6433857400693388,-0.0007102914998560195,-0.016950334783558892,0.013997893791402769,95.0,767.0
11287726-r3,11287726,K07433.01,3,0,official_kepler_false_positive,,stellar_eclipse,1.1846380573592423,4.0,0.027279407807990385,5.145530032229397e-06,5301.573916996666,5301.573916996666,0.14068994798140685,2.7519200651295903,-0.00019776203258148328,-0.01296757639121694,0.014423987853165298,190.0,1526.0
11287726-r4,11287726,K07433.01,4,0,official_kepler_false_positive,,stellar_eclipse,1.5794293379304085,4.0,0.026034722705065825,5.820695659402092e-06,4472.785424369728,4472.785424369728,0.1055233448335567,0.004868638277120201,0.004970365673167443,0.3461577937826122,0.01435867041690485,142.0,1145.0
11287726-r5,11287726,K07433.01,5,0,official_kepler_false_positive,,stellar_eclipse,14.189545928270999,8.0,0.045008218030706856,1.1559172474136961e-05,3893.723199598446,3893.723199598446,0.02349147287857929,0.12161666132292205,-0.0008685886559238742,-0.02823757319059882,0.014900550119121447,17.0,263.0
11457191-r1,11457191,K07447.01,1,0,official_kepler_false_positive,,stellar_eclipse,1.1489466249768348,4.0,0.0248305437249089,5.384550840052521e-06,4611.441968419915,4611.441968419915,0.1450604084154275,0.7543833583181992,-0.0038332742554658683,-0.16861457248246753,0.009933671033167592,253.0,2023.0
11457191-r2,11457191,K07447.01,2,0,official_kepler_false_positive,,stellar_eclipse,2.2977758098851644,4.0,0.03093540494518566,7.255878166285086e-06,4263.495642598996,4263.495642598996,0.0725339112500258,0.014916096153845811,0.01683453181555805,0.4991453195846748,0.009724391362593093,128.0,1022.0
11457191-r3,11457191,K07447.01,3,0,official_kepler_false_positive,,stellar_eclipse,4.595081931514068,4.0,0.02952951581589743,9.99953229209913e-06,2953.0896999282063,2953.0896999282063,0.036270662667324934,0.013344686073732582,0.03134718764962141,0.9536461099039552,0.010403813907867163,65.0,517.0
11457191-r4,11457191,K07447.01,4,0,official_kepler_false_positive,,stellar_eclipse,0.5747005253674397,2.0,0.013449569604911076,5.398267614019792e-06,2491.4603288620447,2491.4603288620447,0.1450030575142653,3.4664559874989567,-0.0006509452406786576,-0.0631306324581072,0.010311083785048688,501.0,2024.0
11457191-r5,11457191,K07447.01,5,0,official_kepler_false_positive,,stellar_eclipse,6.902125623597054,8.0,0.017348736960544266,8.659113160337112e-06,2003.5235294082765,2003.5235294082765,0.04829430113438244,0.24481249204367878,0.005697569877427422,0.3777850125094433,0.010782896561910614,44.0,706.0
6387450-r1,6387450,K01228.01,1,0,official_kepler_false_positive,,stellar_eclipse,0.9153733974263563,2.0,0.0037594717795937107,6.676590266271035e-06,563.0825960050153,563.0825960050153,0.09103753022278285,2.0454284021675813,-2.7817006397645727e-05,-0.013077336286253032,0.002127115628806389,316.0,1275.0
6387450-r2,6387450,K01228.01,2,0,official_kepler_false_positive,,stellar_eclipse,14.645667519800035,2.0,0.01355262169225186,2.522677102750304e-05,537.2317240869374,537.2317240869374,0.005689964845963615,0.07847873343001888,0.01383418408093895,0.9444273833411735,0.002159090768689964,20.0,80.0
6387450-r3,6387450,K01228.01,3,0,official_kepler_false_positive,,stellar_eclipse,7.325217636826335,2.0,0.009760011749632586,1.8382645999575537e-05,530.9361747953993,530.9361747953993,0.011376226272703299,0.06872713419076638,0.010326312431515161,0.8675527023481442,0.002144690157291588,39.0,154.0
6387450-r4,6387450,K01228.01,4,0,official_kepler_false_positive,,stellar_eclipse,3.6632050787100567,2.0,0.006785446550646392,1.3194540013378077e-05,514.2616979270637,514.2616979270637,0.02274874912618267,0.040622166099952284,0.0010107155820342495,0.1852842843486536,0.0021456635297151844,77.0,302.0
6387450-r5,6387450,K01228.01,5,0,official_kepler_false_positive,,stellar_eclipse,1.220241640411019,2.0,0.003868546762060301,7.57985959046948e-06,510.3718236317214,510.3718236317214,0.0682924845158241,0.06398685232915047,0.000637854722955522,0.29921776110941056,0.002131740845164225,237.0,964.0
6448768-r1,6448768,K06712.01,1,0,official_kepler_false_positive,,stellar_eclipse,16.513954418403966,8.0,0.01852845121926213,8.14315236335042e-06,2275.3413411067236,2275.3413411067236,0.02018494933968391,2.7964429497579792,-3.825108337629501e-06,-0.0036325310506437067,0.00022682541909086127,18.0,265.0
6448768-r2,6448768,K06712.01,2,0,official_kepler_false_positive,,stellar_eclipse,33.00368816002534,8.0,0.025035271059814065,1.1803747488418442e-05,2120.9595583417963,2120.9595583417963,0.010099881313782156,0.1079057255495246,0.015504444252945948,0.4667916740113558,0.00022467053146975447,10.0,127.0
6448768-r3,6448768,K06712.01,3,0,official_kepler_false_positive,,stellar_eclipse,3.2977157129627477,4.0,0.00829829058090322,5.125227377534459e-06,1619.1068160755813,1619.1068160755813,0.05054003473117132,0.22952331663084358,-5.352720396079036e-05,-0.2387569586802891,0.000224191178580335,87.0,694.0
6448768-r4,6448768,K06712.01,4,0,official_kepler_false_positive,,stellar_eclipse,4.1198072879629155,4.0,0.008959869019316917,5.766360830259043e-06,1553.816919034949,1553.816919034949,0.04045496670526957,0.788974598949107,-5.728512002445285e-05,-0.253572798580128,0.00022591192882367064,68.0,543.0
6448768-r5,6448768,K06712.01,5,0,official_kepler_false_positive,,stellar_eclipse,8.260008127839258,8.0,0.007669204261143162,5.583970297330795e-06,1373.432137489903,1373.432137489903,0.04035508539148741,3.220181654142974,3.220427638717105e-05,0.14063629858144128,0.00022898978935030653,37.0,580.0
4753988-r1,4753988,K06445.01,1,0,official_kepler_false_positive,,stellar_eclipse,3.654585420334777,4.0,0.03541082826668166,1.3603072724170077e-05,2603.1492284653705,2603.1492284653705,0.04560480806914597,0.5864720763302177,-5.1718275398293656e-05,-0.0025099478179303907,0.0004384229284392644,78.0,579.0
4753988-r2,4753988,K06445.01,2,0,official_kepler_false_positive,,stellar_eclipse,1.825293846121069,4.0,0.020549916329816953,9.616194940068532e-06,2137.011204316382,2137.011204316382,0.09130949902715658,74.07808968688724,3.2319988629181395e-05,0.07352509991033548,0.000439577622724701,160.0,1228.0
4753988-r3,4753988,K06445.01,3,0,official_kepler_false_positive,,stellar_eclipse,2.4346128640805516,2.0,0.03314148759077852,1.556451187952349e-05,2129.2982296720215,2129.2982296720215,0.034228576774075634,0.05582586603657728,0.0003619568825755648,0.8156494696618636,0.0004437652398960279,111.0,436.0
4753988-r4,4753988,K06445.01,4,0,official_kepler_false_positive,,stellar_eclipse,1.2173722745780688,2.0,0.022810298490896545,1.0979116588757342e-05,2077.607820856405,2077.607820856405,0.06845345098911175,0.5969682237348569,-3.352925912336602e-05,-0.07536061936174694,0.0004449175100647524,233.0,920.0
4753988-r5,4753988,K06445.01,5,0,official_kepler_false_positive,,stellar_eclipse,18.26106647914284,2.0,0.07572411387511321,3.944598789025688e-05,1919.6911504862321,1919.6911504862321,0.004563442854146212,1.5579311440670052,-0.00020238047972043205,-0.003965537751718182,0.0004512373779393787,15.0,64.0
3124412-r1,3124412,K01087.01,1,0,official_kepler_false_positive,,stellar_eclipse,0.948921693833956,2.0,0.0015979304576232947,1.1675126844389509e-05,136.86621815087014,136.86621815087014,0.08781897797766561,0.0156308452865078,0.0007218879797267208,0.4218780010534923,0.0005262436782695957,305.0,1229.0
3124412-r2,3124412,K01087.01,2,0,official_kepler_false_positive,,stellar_eclipse,1.8989232972003407,4.0,0.0008185030281019509,1.1448103030914768e-05,71.4968257965222,71.4968257965222,0.08776903570164737,0.004165441399664036,0.0007770165989985367,0.9650596855497193,0.0005644688051296324,152.0,1227.0
3124412-r3,3124412,K01087.01,3,0,official_kepler_false_positive,,stellar_eclipse,1.4237873916416077,2.0,0.0009777682995223897,1.37791795490487e-05,70.95983444020756,70.95983444020756,0.058529337893104334,1.0169475663433996,-0.00028473053879074506,-0.2949515100431656,0.0006052449391286593,204.0,818.0
3124412-r4,3124412,K01087.01,4,0,official_kepler_false_positive,,stellar_eclipse,3.7975262648948442,4.0,0.0008439109425930334,1.587019493383958e-05,53.17583974936472,53.17583974936472,0.043888219604264346,0.10694267009879448,0.0008511118788514516,0.9913907395981991,0.000593100697548879,75.0,606.0
3124412-r5,3124412,K01087.01,5,0,official_kepler_false_positive,,stellar_eclipse,2.3714300020901806,4.0,0.0005779424720942436,1.260545311582121e-05,45.84860748629997,45.84860748629997,0.07028108209804484,0.6656536954453066,-0.00022026811949316105,-0.35463816454621827,0.000621106641962824,124.0,991.0
9535080-r1,9535080,K01509.01,1,0,official_kepler_false_positive,,stellar_eclipse,24.943203248543377,8.0,0.0002040000409970373,5.765723716147222e-06,35.38151514713134,35.38151514713134,0.013363693909393902,4.699383423835526,5.672280227075888e-06,0.05634087688386917,0.00010067788328477197,9.0,142.0
9535080-r2,9535080,K01509.01,2,0,official_kepler_false_positive,,stellar_eclipse,16.616218868985577,8.0,0.00016772395668874344,4.950508677604468e-06,33.88014598328195,33.88014598328195,0.020060721152121135,0.10379822670084775,3.212408821728907e-06,0.031770358284763274,0.00010111339610763989,12.0,192.0
9535080-r3,9535080,K01509.01,3,0,official_kepler_false_positive,,stellar_eclipse,12.457450769568842,8.0,0.00013515381729550991,4.160341199053955e-06,32.486233899816526,32.486233899816526,0.026757748394848374,1.0314323173921895,8.37222471905541e-06,0.08318234789875377,0.00010064905512460104,17.0,274.0
9535080-r4,9535080,K01509.01,4,0,official_kepler_false_positive,,stellar_eclipse,9.963699560996046,8.0,0.00011215945555161329,3.754637558065569e-06,29.872245674066896,29.872245674066896,0.03345477563757561,0.1633115930093344,-2.287757314700656e-06,-0.022687349434316634,0.00010083845719060594,21.0,339.0
9535080-r5,9535080,K01509.01,5,0,official_kepler_false_positive,,stellar_eclipse,44.20753942832812,8.0,0.00023822729561698394,8.533559594259271e-06,27.916520999893773,27.916520999893773,0.007540191959196306,6.227263213250258,1.2316870856565743e-07,0.0011230837495788911,0.00010088196304088249,4.0,65.0
5309353-r1,5309353,K00643.01,1,0,official_kepler_false_positive,,stellar_eclipse,0.688119791579623,2.0,0.00016880347218746302,7.4798441940196935e-06,22.567779195511218,22.567779195511218,0.12110294508756438,0.4855303403249938,-1.932470436338818e-06,-0.0052690765548077485,0.0003667569480605748,508.0,2033.0
5309353-r2,5309353,K00643.01,2,0,official_kepler_false_positive,,stellar_eclipse,1.3768363707787452,4.0,0.0001437427527970213,7.4789603036404784e-06,19.219617027122432,19.219617027122432,0.12105045320120299,0.001071758786918353,4.869014533148697e-05,0.13178244337994138,0.0003694736877135342,255.0,2034.0
5309353-r3,5309353,K00643.01,3,0,official_kepler_false_positive,,stellar_eclipse,2.7540026687867125,4.0,0.00012502167847763162,1.024202450929897e-05,12.20673494426044,12.20673494426044,0.06051797572879345,0.0010838416475375048,0.00010889151977289124,0.2943498088306254,0.00036993915574631657,127.0,1016.0
5309353-r4,5309353,K00643.01,4,0,official_kepler_false_positive,,stellar_eclipse,13.76262806554198,2.0,0.0003632885719660155,3.170098371725553e-05,11.459851694389839,11.459851694389839,0.00605504507834359,0.01105825554624526,0.00021140217990334165,0.563938015803799,0.0003748677584752348,25.0,100.0
5309353-r5,5309353,K00643.01,5,0,official_kepler_false_positive,,stellar_eclipse,4.1314990126273425,4.0,0.00013550512393663535,1.2380586962369263e-05,10.944967661751624,10.944967661751624,0.04034048323799027,0.018024532206891722,9.88211743679912e-06,0.02640653032571759,0.0003742300603262075,86.0,679.0
4150611-r1,4150611,K03156.03,1,0,official_kepler_false_positive,,stellar_eclipse,2.8843343283728062,2.0,0.017227367876433308,4.54467117061064e-07,37906.742269581126,37906.742269581126,0.028891703889384324,0.29187346322051627,-1.4543061412908287e-06,-0.0005061362969191061,0.0028733488393211703,74.0,300.0
4150611-r2,4150611,K03156.03,2,0,official_kepler_false_positive,,stellar_eclipse,2.164471774406234,8.0,0.007964955780707559,2.114715850449387e-07,37664.42559654039,37664.42559654039,0.15400216222490337,0.17086771706864,-6.398369903570789e-05,-0.023235522077600098,0.0027537018028697766,100.0,1611.0
4150611-r3,4150611,K03156.03,3,0,official_kepler_false_positive,,stellar_eclipse,0.7868465518933656,2.0,0.008474941333338926,2.4999487596432047e-07,33900.460162025396,33900.460162025396,0.10590798565846261,0.03509001789682809,-0.0001279656503174742,-0.04529364592087651,0.002825245080535523,270.0,1086.0
4150611-r4,4150611,K03156.03,4,0,official_kepler_false_positive,,stellar_eclipse,1.2364024518580854,4.0,0.00697820032850293,2.2454485159527738e-07,31077.088959850797,31077.088959850797,0.1347996895478469,0.025856951560090415,-0.00021445410225795491,-0.07569265377573266,0.0028332221366336834,175.0,1395.0
4150611-r5,4150611,K03156.03,5,0,official_kepler_false_positive,,stellar_eclipse,4.321625636456792,8.0,0.007930609578189082,2.8705267193925797e-07,27627.715584780362,27627.715584780362,0.07713146889017118,1.6641243553935612,-4.211073863524817e-05,-0.015048438590747717,0.002798346046422335,50.0,798.0
10198109-r1,10198109,K07294.01,1,0,official_kepler_false_positive,,stellar_eclipse,5.973236919250888,4.0,0.002072800371706268,8.264187648792254e-06,250.81719580861542,250.81719580861542,0.0279022360773141,0.9734613598525526,-5.842809482681233e-06,-0.0048031008099362555,0.00041923234923961717,49.0,313.0
10198109-r2,10198109,K07294.01,2,0,official_kepler_false_positive,,stellar_eclipse,11.94330119806132,8.0,0.0014078844449223785,8.114530203426575e-06,173.5016580907989,173.5016580907989,0.027909648078492836,0.6286912212698698,0.00021831539105299225,0.5174861814975356,0.0004158331197343676,25.0,324.0
10198109-r3,10198109,K07294.01,3,0,official_kepler_false_positive,,stellar_eclipse,2.987015197723872,8.0,0.0006578691622878326,4.100858182867488e-06,160.42231478188393,160.42231478188393,0.11159412030689896,0.8478081340331443,-2.5385814528267048e-06,-0.006062611920010557,0.00041872735486296543,98.0,1397.0
10198109-r4,10198109,K07294.01,4,0,official_kepler_false_positive,,stellar_eclipse,8.975919988197072,8.0,0.0009135428563366757,6.541794267848175e-06,139.64713944407976,139.64713944407976,0.037136397580599154,1.6082354064712856,5.690306755656849e-05,0.1373601519217916,0.00041426182746920115,32.0,507.0
10198109-r5,10198109,K07294.01,5,0,official_kepler_false_positive,,stellar_eclipse,2.5589414767502694,4.0,0.0006187246155238389,4.959783888698398e-06,124.74830141968374,124.74830141968374,0.06513109744046401,0.36845684923606203,-1.2520052163900175e-05,-0.030086116405236982,0.00041614052127116193,113.0,909.0
9899483-r1,9899483,K01719.01,1,0,official_kepler_false_positive,,stellar_eclipse,1.332214270131332,4.0,7.74059022488961e-05,3.3441994040840283e-06,23.14631781656497,23.14631781656497,0.12510500030166796,0.05165178639230466,2.124269789338662e-05,0.14052098786049247,0.00015117099742051424,216.0,1738.0
9899483-r2,9899483,K01719.01,2,0,official_kepler_false_positive,,stellar_eclipse,0.66641262580415,4.0,5.542985016993765e-05,2.5528188558172786e-06,21.71319365008056,21.71319365008056,0.2500953016392097,0.425309318274323,-7.848896797391092e-06,-0.05182818681697142,0.0001514406981882092,435.0,3482.0
9899483-r3,9899483,K01719.01,3,0,official_kepler_false_positive,,stellar_eclipse,2.6642707103224184,4.0,7.409676521416137e-05,4.53166553606132e-06,16.35089011413722,16.35089011413722,0.06255620572674365,0.24361988673155216,6.807511003215083e-05,0.44789063916929495,0.000151990472849377,110.0,885.0
9899483-r4,9899483,K01719.01,4,0,official_kepler_false_positive,,stellar_eclipse,4.00303439676387,8.0,5.236883213377632e-05,3.956379730072668e-06,13.236553543058024,13.236553543058024,0.08327016465379522,0.07662644183193563,-1.6038755647596048e-05,-0.10419929604552675,0.00015392383880010472,75.0,1189.0
9899483-r5,9899483,K01719.01,5,0,official_kepler_false_positive,,stellar_eclipse,5.337062525396272,8.0,5.931264540464836e-05,4.518722161296967e-06,13.125977497059568,13.125977497059568,0.062456329066256096,0.1705233952989022,1.5485038925677763e-05,0.10102882088598275,0.00015327347968510476,55.0,890.0
8095110-r1,8095110,K03619.01,1,0,official_kepler_false_positive,,stellar_eclipse,2.101904670199507,4.0,0.02211072146657282,3.5445759135302736e-06,6237.903209287261,6237.903209287261,0.07929316159274108,0.10106593805240308,-0.00016996917842937442,-0.008887388305525224,0.00044648130579305487,140.0,1121.0
8095110-r2,8095110,K03619.01,2,0,official_kepler_false_positive,,stellar_eclipse,1.0517129797773628,4.0,0.013820305856362238,2.6510500372821245e-06,5213.144098378058,5213.144098378058,0.15847162664280168,2.8868382737255445,-1.140626106366227e-05,-0.0014202051004373964,0.0004520592468971082,276.0,2205.0
8095110-r3,8095110,K03619.01,3,0,official_kepler_false_positive,,stellar_eclipse,4.209111220605334,4.0,0.02305133329354274,4.985867167880045e-06,4623.334821682383,4623.334821682383,0.039596641174689,0.010761582968819905,0.0189808286856481,0.9338605559894235,0.0004328024451915567,68.0,540.0
8095110-r4,8095110,K03619.01,4,0,official_kepler_false_positive,,stellar_eclipse,0.7009947155245393,4.0,0.008990462505699156,2.2996549112818005e-06,3909.4833149065735,3909.4833149065735,0.237757379585884,0.48149244942775493,-3.530375161719945e-05,-0.07597813856897061,0.0004646567062860035,414.0,3306.0
8095110-r5,8095110,K03619.01,5,0,official_kepler_false_positive,,stellar_eclipse,6.313076233212175,4.0,0.022809666702209686,5.946353468436341e-06,3835.908313100623,3835.908313100623,0.026400230333012233,0.06021300135673991,-0.00018129591837223735,-0.008983592890701317,0.00047352620755436453,47.0,376.0
7219906-r1,7219906,K06033.01,1,0,official_kepler_false_positive,,stellar_eclipse,8.773144280212266,2.0,0.00029109721129746784,1.7603749494908134e-05,16.53609143788756,16.53609143788756,0.009498684926599324,1.8580364137250942,2.7794437806205607e-05,0.13087272454224477,0.00021237762034390721,32.0,128.0
7219906-r2,7219906,K06033.01,2,0,official_kepler_false_positive,,stellar_eclipse,26.2989230123819,4.0,0.0002907586168058309,2.223826217447403e-05,13.074700465559548,13.074700465559548,0.006337395131663669,1.0206022700146824,4.3192248056822535e-05,0.2029468006987047,0.00021282546907918913,10.0,80.0
7219906-r3,7219906,K06033.01,3,0,official_kepler_false_positive,,stellar_eclipse,4.387427549522321,4.0,0.00011148994535763369,8.896818281747672e-06,12.531440097676452,12.531440097676452,0.03798733193550111,0.18062845906580793,-3.198911301871554e-05,-0.15093452042820582,0.0002119403362992207,64.0,516.0
7219906-r4,7219906,K06033.01,4,0,official_kepler_false_positive,,stellar_eclipse,13.157151192541242,2.0,0.0002591905921480266,2.1931401673112357e-05,11.818241077850999,11.818241077850999,0.006333691246215579,1.2905006693674101,-3.134613438282585e-05,-0.14710156597407797,0.00021309177897092967,20.0,82.0
7219906-r5,7219906,K06033.01,5,0,official_kepler_false_positive,,stellar_eclipse,38.76938564404797,2.0,0.00042341847113585977,3.6127561910528505e-05,11.720095371629954,11.720095371629954,0.002149462312826899,1.627430374910164,-5.02208761623546e-05,-0.23579931606554802,0.00021298143268742175,8.0,30.0
3441340-r1,3441340,K06335.01,1,0,official_kepler_false_positive,,stellar_eclipse,3.5623958184264697,8.0,0.0021410127164094048,4.251794813208182e-06,503.55504215733976,503.55504215733976,0.09356998781807703,0.14369644384344055,-0.0015526639240490692,-0.5261910072632459,0.0029507610404149185,83.0,1335.0
3441340-r2,3441340,K06335.01,2,0,official_kepler_false_positive,,stellar_eclipse,7.223032385054178,8.0,0.002808726651859917,5.8458839512004064e-06,480.4622663238409,480.4622663238409,0.04614866936261606,0.36973669004359516,-0.0007124667365945303,-0.2501819292919356,0.0028477945573885063,42.0,668.0
3441340-r3,3441340,K06335.01,3,0,official_kepler_false_positive,,stellar_eclipse,14.508870840900965,8.0,0.0036294399033159814,8.271762710150777e-06,438.7746639373586,438.7746639373586,0.022974450388906636,0.13295561222762042,0.0015223526818564093,0.39995110917805404,0.0028644940937157114,20.0,327.0
3441340-r4,3441340,K06335.01,4,0,official_kepler_false_positive,,stellar_eclipse,3.6289719218106025,8.0,0.001785565026935081,4.3439715766299e-06,411.04436238515666,411.04436238515666,0.09185337900520965,0.5394007096240742,-0.0013719552246886924,-0.4701268020845339,0.0029182663456017977,80.0,1271.0
3441340-r5,3441340,K06335.01,5,0,official_kepler_false_positive,,stellar_eclipse,6.932910640957444,8.0,0.002286506705293844,5.7617798723601104e-06,396.8403437733655,396.8403437733655,0.04807985427709184,0.25631471345011286,-0.00021797324157435405,-0.07597007197529472,0.0028691988293131853,43.0,690.0
12643589-r1,12643589,K00376.02,1,0,official_kepler_false_positive,,stellar_eclipse,2.7107658768126033,8.0,0.0001333579817183114,4.969786734161547e-06,26.83374334790449,26.83374334790449,0.12296647828741163,0.15230050962715214,-4.636354682086008e-05,-0.13016054410274341,0.000356202773586,106.0,1699.0
12643589-r2,12643589,K00376.02,2,0,official_kepler_false_positive,,stellar_eclipse,1.1297295533460998,8.0,8.968792316325126e-05,3.564686565596037e-06,25.16011478508627,25.16011478508627,0.29505586743840323,0.08174826123920585,-5.0421835370295653e-05,-0.14036424186327817,0.0003592213707776732,261.0,4124.0
12643589-r3,12643589,K00376.02,3,0,official_kepler_false_positive,,stellar_eclipse,28.209205074014793,8.0,0.00038498291036100335,1.533115981052321e-05,25.1111406520434,25.1111406520434,0.01181647382330482,0.6552072620198879,-8.873051203028837e-05,-0.23393098095082118,0.0003538311798042218,10.0,158.0
12643589-r4,12643589,K00376.02,4,0,official_kepler_false_positive,,stellar_eclipse,0.7057734855187402,1.0,0.00017100803964557854,6.930950865008622e-06,24.673099402410177,24.673099402410177,0.05903688296825413,0.19876810321715502,-1.0708776176926449e-06,-0.003039183135090368,0.00035235705454150036,408.0,815.0
12643589-r5,12643589,K00376.02,5,0,official_kepler_false_positive,,stellar_eclipse,2.567402904654093,8.0,0.00011332811040247897,4.845007287657679e-06,23.390699677825975,23.390699677825975,0.12983288782959582,0.11147386564943396,-7.029679129777477e-05,-0.19756620304304806,0.00035581384981346067,114.0,1802.0
3438976-r1,3438976,K04527.01,1,0,official_kepler_false_positive,,centroid_offset,3.5705839492495595,8.0,3.863613965957487e-05,5.938279632788684e-06,6.5062849930882924,6.5062849930882924,0.09335541134760073,0.06184436196400753,6.302247846257103e-06,0.02770368921989921,0.0002274876748808703,85.0,1326.0
3438976-r2,3438976,K04527.01,2,0,official_kepler_false_positive,,centroid_offset,9.188262432759773,1.0,0.00016267549004551736,2.6594240121892347e-05,6.116944469926896,6.116944469926896,0.004534771070328661,0.1715138062780488,1.4498390136674644e-05,0.06422520224653237,0.0002257430047634834,29.0,60.0
3438976-r3,3438976,K04527.01,3,0,official_kepler_false_positive,,centroid_offset,2.9755652857979698,8.0,3.277231683484839e-05,5.56130310047025e-06,5.892920461766819,5.892920461766819,0.11202353210809889,0.0610290666574225,-9.349799779068135e-06,-0.04165219238619212,0.00022447317280152663,97.0,1538.0
3438976-r4,3438976,K04527.01,4,0,official_kepler_false_positive,,centroid_offset,44.29695878655075,8.0,0.00011241207805653997,1.936145343860218e-05,5.805973111110386,5.805973111110386,0.007524971069448192,0.3604556316983635,-1.5073714518143433e-05,-0.06670942455911073,0.00022596079366247156,7.0,113.0
3438976-r5,3438976,K04527.01,5,0,official_kepler_false_positive,,centroid_offset,17.639013393861017,4.0,0.00010557675652734115,1.82205922522221e-05,5.794364698242204,5.794364698242204,0.009448752203151702,0.13015308330983066,-8.964886145212958e-06,-0.039602788427110965,0.00022637007395862678,16.0,129.0
3324986-r1,3324986,K03084.01,1,0,official_kepler_false_positive,,centroid_offset,1.5394888029823774,4.0,6.790357756461814e-05,1.0056114328258864e-05,6.7524667429248595,6.7524667429248595,0.10826104505845795,0.0805779260228452,2.1772630027894202e-05,0.05295077246183532,0.0004111862587762434,191.0,1523.0
3324986-r2,3324986,K03084.01,2,0,official_kepler_false_positive,,centroid_offset,0.7701523516123996,2.0,6.592839107903332e-05,1.0140401937202679e-05,6.501556002149975,6.501556002149975,0.10820369912377172,0.23201323026032217,-1.0576465392819756e-05,-0.025835969257930035,0.00040936979322242533,373.0,1493.0
3324986-r3,3324986,K03084.01,3,0,official_kepler_false_positive,,centroid_offset,1.8536068320976529,4.0,6.621375026553093e-05,1.0939101910397344e-05,6.052942079513531,6.052942079513531,0.08991478871388095,0.04248182218920462,7.189237976046314e-07,0.0017513374238699061,0.0004104998772972232,157.0,1260.0
3324986-r4,3324986,K03084.01,4,0,official_kepler_false_positive,,centroid_offset,13.618514412509343,4.0,0.00016982946350592876,2.8381573733027502e-05,5.983793044862027,5.983793044862027,0.012238241383625096,0.29601571284841094,-4.999758116097652e-05,-0.12163691495857562,0.00041103953662425245,22.0,173.0
3324986-r5,3324986,K03084.01,5,0,official_kepler_false_positive,,centroid_offset,3.0818209676625488,2.0,0.00011445031516314813,1.9292774381941953e-05,5.932289099398461,5.932289099398461,0.027040290207558257,0.08118384059355484,8.769081891069064e-05,0.21444596702281515,0.00040891801383870793,94.0,379.0
10407210-r1,10407210,K04662.01,1,0,official_kepler_false_positive,,centroid_offset,3.438873383773779,8.0,2.1201939702349472e-05,1.027672228118326e-06,20.631033049487336,20.631033049487336,0.09693097015614377,0.07264477335676309,-7.402872552964013e-06,-0.09916175113980201,7.465451616044135e-05,63.0,1008.0
10407210-r2,10407210,K04662.01,2,0,official_kepler_false_positive,,centroid_offset,22.49277810622915,8.0,5.271661870258928e-05,2.6644310150660586e-06,19.78531941885622,19.78531941885622,0.014819571497974277,0.2635122602813116,-3.7494359528267296e-06,-0.05035333568007245,7.446251379748383e-05,9.0,137.0
10407210-r3,10407210,K04662.01,3,0,official_kepler_false_positive,,centroid_offset,3.5019921055159546,8.0,2.0078279277966336e-05,1.050095344752852e-06,19.120434518916866,19.120434518916866,0.09518391912086356,0.05907274765971628,-3.1689952568747515e-06,-0.04243229601298287,7.468356781601316e-05,60.0,960.0
10407210-r4,10407210,K04662.01,4,0,official_kepler_false_positive,,centroid_offset,31.02761225851875,8.0,5.931853333079754e-05,3.1603728427096758e-06,18.769473186568188,18.769473186568188,0.010743119082320469,0.5457074619128744,2.9746442864908573e-05,0.4007440925782857,7.422802585442374e-05,6.0,97.0
10407210-r5,10407210,K04662.01,5,0,official_kepler_false_positive,,centroid_offset,19.77324316916113,4.0,6.157800109229067e-05,3.315251200144804e-06,18.574158449773297,18.574158449773297,0.00842889885290059,0.017372230709051757,-9.765108785808607e-06,-0.13124801362295668,7.440195486585699e-05,11.0,88.0
5481148-r1,5481148,K02701.01,1,0,official_kepler_false_positive,,centroid_offset,3.1064739413230686,8.0,0.0015437918499424503,9.659715535844683e-06,159.81752715324188,159.81752715324188,0.10730279398106406,0.046899607545001484,-0.0003251124157845897,-0.19220014618732767,0.0016915305333208188,94.0,1466.0
5481148-r2,5481148,K02701.01,2,0,official_kepler_false_positive,,centroid_offset,3.1505759155910105,8.0,0.0012015300530431425,9.588995711946156e-06,125.30301286361544,125.30301286361544,0.10580076223010293,0.014364014005265154,-0.0009738931120102379,-0.5564501288642667,0.0017501893907329777,94.0,1498.0
5481148-r3,5481148,K02701.01,3,0,official_kepler_false_positive,,centroid_offset,6.2120903835280865,8.0,0.0015250738271028498,1.3227544703535643e-05,115.29530697372785,115.29530697372785,0.053658802875308526,0.1069135971274876,0.0016735166696872916,0.9716823455950204,0.0016549468712990876,46.0,734.0
5481148-r4,5481148,K02701.01,4,0,official_kepler_false_positive,,centroid_offset,3.1959481366841294,8.0,0.000912567884570242,9.640569126593738e-06,94.65912982802041,94.65912982802041,0.10429873047914176,0.06420557511002009,-0.0003327765411407224,-0.1911746526713793,0.0017406938445587263,92.0,1472.0
5481148-r5,5481148,K02701.01,5,0,official_kepler_false_positive,,centroid_offset,9.298260858805484,8.0,0.0015304494000531576,1.6169314275284643e-05,94.65147216493297,94.65147216493297,0.03584899782819768,0.2369721877443461,-0.0005323174185400958,-0.30956877963286655,0.0017195449075045562,30.0,485.0
6470521-r1,6470521,K03701.01,1,0,official_kepler_false_positive,,centroid_offset,2.0793953669856546,4.0,0.004125671703438692,5.677978790371078e-06,726.6092135523921,726.6092135523921,0.08015150428476282,0.027295773907033322,0.0003808391457312821,0.09258452694359788,0.0003202990773905861,140.0,1125.0
6470521-r2,6470521,K03701.01,2,0,official_kepler_false_positive,,centroid_offset,1.0404421073785284,4.0,0.002591537535513899,4.215151282365597e-06,614.8148338959485,614.8148338959485,0.16018831368387787,5.156561782746657,-0.00012398793081525028,-0.1408576598115775,0.000319484921370625,278.0,2236.0
6470521-r3,6470521,K03701.01,3,0,official_kepler_false_positive,,centroid_offset,4.163979688367179,8.0,0.002564217987963787,5.675933541788068e-06,451.77026282728303,451.77026282728303,0.08005162327389817,0.11527530947045916,0.001419407691638841,1.000484747773458,0.0003190548509952516,72.0,1125.0
6470521-r4,6470521,K03701.01,4,0,official_kepler_false_positive,,centroid_offset,0.693483937316286,4.0,0.001509106555250925,3.624353159647906e-06,416.37955485483917,416.37955485483917,0.24033241103124914,0.13433961640408215,9.425811868990497e-05,0.28389216785851334,0.0003320208493278387,418.0,3342.0
6470521-r5,6470521,K03701.01,5,0,official_kepler_false_positive,,centroid_offset,6.237033351150128,8.0,0.002609031124325174,6.8876975284880685e-06,378.79583322786925,378.79583322786925,0.053444212106363936,0.24962953973166566,0.00015258223125691472,0.10132956424028008,0.0003583342017483577,46.0,742.0
11763910-r1,11763910,K07477.01,1,0,official_kepler_false_positive,,centroid_offset,13.618546768889837,8.0,0.00036612890247908817,7.966153028564192e-06,45.9605660556936,45.9605660556936,0.024476424613439584,0.5259514577127203,6.460570637334406e-05,0.14617130291888736,0.0004419862523165353,22.0,355.0
11763910-r2,11763910,K07477.01,2,0,official_kepler_false_positive,,centroid_offset,27.220601581109534,8.0,0.0004804420409034765,1.124561495455898e-05,42.72261168863024,42.72261168863024,0.012245626987342518,0.07101696454623899,0.00021261602387478984,0.47414753961394684,0.0004408132093929179,11.0,176.0
11763910-r3,11763910,K07477.01,3,0,official_kepler_false_positive,,centroid_offset,6.608505520933077,8.0,0.00024153049650553707,5.725064033230183e-06,42.18826114496073,42.18826114496073,0.050440047644277196,0.13097385062004518,-0.00015975809607549074,-0.36044738682900057,0.00044322167926072773,44.0,706.0
11763910-r4,11763910,K07477.01,4,0,official_kepler_false_positive,,centroid_offset,13.15717133414581,8.0,0.0003372208818343859,8.122225888635448e-06,41.518284083458276,41.518284083458276,0.025334726201235867,0.2656665830264115,0.00015217593649674566,0.34633019496142253,0.0004393955211260064,22.0,341.0
11763910-r5,11763910,K07477.01,5,0,official_kepler_false_positive,,centroid_offset,6.8413335093247,8.0,0.00022758317482516127,5.826067174366019e-06,39.06291637461705,39.06291637461705,0.048723444468684624,0.4021203056123245,1.3299107608943928e-05,0.030213773044623568,0.00044016705855644386,43.0,680.0
3955866-r1,3955866,K03897.01,1,0,official_kepler_false_positive,,centroid_offset,33.72007649411857,8.0,0.0005301489570394946,3.051379738941643e-05,17.374073448602445,17.374073448602445,0.00988530774511953,1.2303384182694304,0.00010489124340651301,0.18834810122071177,0.0004239295722917273,9.0,132.0
3955866-r2,3955866,K03897.01,2,0,official_kepler_false_positive,,centroid_offset,16.872676092129634,8.0,0.000310600192009738,2.1325219202255024e-05,14.564923767671928,14.564923767671928,0.01975580705237498,0.794279500496572,1.1203979946472487e-05,0.02643049221594429,0.0004239035677025207,17.0,276.0
3955866-r3,3955866,K03897.01,3,0,official_kepler_false_positive,,centroid_offset,5.5865650488015355,8.0,0.0001686731339867788,1.209403163232604e-05,13.94680774076477,13.94680774076477,0.05966695642519047,0.12042483294454859,-2.8234846557673166e-05,-0.06678746323275556,0.00042275668502746085,54.0,872.0
3955866-r4,3955866,K03897.01,4,0,official_kepler_false_positive,,centroid_offset,11.170357783426748,8.0,0.00021540161981081231,1.6780017397108373e-05,12.836793592832123,12.836793592832123,0.029840882431527285,0.008193938866183866,7.082913033629179e-05,0.1680767949553289,0.0004214093346741685,27.0,438.0
3955866-r5,3955866,K03897.01,5,0,official_kepler_false_positive,,centroid_offset,15.680489659387414,8.0,0.00027099189566539666,2.1406130758771162e-05,12.659545936593783,12.659545936593783,0.021257839555652983,0.587216695307037,-4.7353891440948814e-05,-0.11152700700296957,0.00042459573437389877,18.0,272.0
8556077-r1,8556077,K02027.01,1,0,official_kepler_false_positive,,centroid_offset,3.6374749313794736,4.0,3.620803535786847e-05,2.068775811907559e-06,17.502155211531633,17.502155211531633,0.04581933066503914,0.06246716233579485,-3.027649828624135e-07,-0.0049505810290816025,6.115746436304273e-05,81.0,647.0
8556077-r2,8556077,K02027.01,2,0,official_kepler_false_positive,,centroid_offset,1.211676537692151,2.0,2.4822807416590087e-05,1.7201741463180993e-06,14.430403729599936,14.430403729599936,0.06877523063379289,0.2010430984182117,4.749501216982921e-06,0.07703429729729411,6.165437193064071e-05,239.0,958.0
8556077-r3,8556077,K02027.01,3,0,official_kepler_false_positive,,centroid_offset,0.9089468857982766,2.0,2.1442783637657727e-05,1.5058885142627194e-06,14.23929024928919,14.23929024928919,0.0916811913164171,0.6445866527418135,-6.378901027392914e-07,-0.010360287020096786,6.15706979451359e-05,318.0,1282.0
8556077-r4,8556077,K02027.01,4,0,official_kepler_false_positive,,centroid_offset,1.8167573502270258,4.0,1.9111804911630048e-05,1.508136664077862e-06,12.67246222895576,12.67246222895576,0.09173853990233734,0.4747398499305074,1.70285517153701e-06,0.027578662241145073,6.1745386946162e-05,158.0,1278.0
8556077-r5,8556077,K02027.01,5,0,official_kepler_false_positive,,centroid_offset,2.423222545961593,2.0,2.7179100338752008e-05,2.41563744122509e-06,11.251316060479727,11.251316060479727,0.03438946764184412,0.1576898583275385,7.827297270890377e-06,0.1267263019949783,6.176537267851896e-05,118.0,468.0
5467126-r1,5467126,K05171.01,1,0,official_kepler_false_positive,,centroid_offset,2.8447892879666057,4.0,0.0030558834604923236,2.6566524383044973e-06,1150.2759700258796,1150.2759700258796,0.05858664730342696,0.04116603902053306,0.0005033236279645692,0.1542655477611469,0.00046838549564634833,101.0,804.0
5467126-r2,5467126,K05171.01,2,0,official_kepler_false_positive,,centroid_offset,1.4237883022140885,8.0,0.0014554521449959706,1.4655170789107596e-06,993.1321619791223,993.1321619791223,0.2341172018445278,2.4224175316600474,-0.0001776418667118751,-0.220067618081132,0.00045317501478137767,204.0,3254.0
5467126-r3,5467126,K05171.01,3,0,official_kepler_false_positive,,centroid_offset,5.6888594706854425,8.0,0.002374766134401974,2.6621843704019908e-06,892.0366901723577,892.0366901723577,0.058594052999725525,0.0247394229889995,0.002458354046631084,1.0232267926354397,0.0004526623250111906,50.0,800.0
5467126-r4,5467126,K05171.01,4,0,official_kepler_false_positive,,centroid_offset,8.532210820784963,8.0,0.00233913170673328,3.2431042822792473e-06,721.2631796993413,721.2631796993413,0.039067639130682744,0.10075987836771161,0.00040606300523726713,0.16214874333938029,0.0004955625447808914,33.0,528.0
5467126-r5,5467126,K05171.01,5,0,official_kepler_false_positive,,centroid_offset,4.266914250439487,8.0,0.001298580279906041,2.302509345291013e-06,563.9848031721731,563.9848031721731,0.07812046686876832,2.4273992040892924,-0.0002202246884643877,-0.2552412773986246,0.0005061155864848271,68.0,1096.0
5254230-r1,5254230,K05999.01,1,0,official_kepler_false_positive,,centroid_offset,1.7591505946819768,2.0,0.0006165705538475412,1.440554833613825e-05,42.800908334797036,42.800908334797036,0.04737134704968139,2.583383709848225,-1.3267889039436653e-05,-0.031457373539483774,0.0004217735795006357,163.0,647.0
5254230-r2,5254230,K05999.01,2,0,official_kepler_false_positive,,centroid_offset,3.514047144560895,8.0,0.00039984917085133983,1.0204954051645027e-05,39.18186880879533,39.18186880879533,0.09485738796910355,0.054632974914579,1.046677341043356e-05,0.02507048771822989,0.0004174938089785423,85.0,1354.0
5254230-r3,5254230,K05999.01,3,0,official_kepler_false_positive,,centroid_offset,1.172355079618837,2.0,0.0004073657158004878,1.1806048231847327e-05,34.50483242153807,34.50483242153807,0.07108199109814678,0.24018137946138093,-9.439800144450672e-06,-0.02234492839518346,0.00042245828572381815,246.0,990.0
5254230-r4,5254230,K05999.01,4,0,official_kepler_false_positive,,centroid_offset,7.026997038786388,8.0,0.00046947290379028216,1.4240529273143216e-05,32.967377460870075,32.967377460870075,0.04743609987217275,0.03567231740344836,0.0002087917851488763,0.49833186839415494,0.0004189814025374205,41.0,656.0
5254230-r5,5254230,K05999.01,5,0,official_kepler_false_positive,,centroid_offset,0.8796096761945461,2.0,0.0002848387518029839,1.0392551703754826e-05,27.407970623814336,27.407970623814336,0.0947389911555523,0.9047991267493231,4.020125669912389e-06,0.009547454285688583,0.0004210678102893319,328.0,1312.0
5475641-r1,5475641,K02895.01,1,0,official_kepler_false_positive,,centroid_offset,9.644631147985935,8.0,0.0036751745597380907,1.1485873058680715e-05,319.97346139573534,319.97346139573534,0.0345615429163346,0.028372111275770377,-0.0007286502511254511,-0.2156317888994191,0.0031626792826032445,28.0,462.0
5475641-r2,5475641,K02895.01,2,0,official_kepler_false_positive,,centroid_offset,4.823349111900338,8.0,0.001720812169133222,8.20487657162976e-06,209.73041509037736,209.73041509037736,0.06910827427169257,1.3539309850521568,-0.0009754550651865923,-0.3145840389833863,0.0031007773577416227,61.0,945.0
5475641-r3,5475641,K02895.01,3,0,official_kepler_false_positive,,centroid_offset,38.76938043267778,8.0,0.004249110718912939,2.1534947626610178e-05,197.312331220273,197.312331220273,0.008597850407028292,0.4438525932132242,0.0029715238601333294,0.9321271028342666,0.0031878955682095107,8.0,129.0
5475641-r4,5475641,K02895.01,4,0,official_kepler_false_positive,,centroid_offset,19.16208213098044,8.0,0.003192183509086721,1.6192874411465385e-05,197.1350748466555,197.1350748466555,0.01739546522423125,0.893560457862971,0.0031367305945299018,0.9845429974812838,0.003185976237253702,14.0,228.0
5475641-r5,5475641,K02895.01,5,0,official_kepler_false_positive,,centroid_offset,9.354250957430988,8.0,0.0020701848898210863,1.0614278494169532e-05,195.03774005536482,195.03774005536482,0.03563442277209105,0.08338434390322928,-0.0005677134015087404,-0.17881817991274507,0.003174808074804016,34.0,545.0
8746295-r1,8746295,K02475.01,1,0,official_kepler_false_positive,,centroid_offset,3.9723243917090767,8.0,5.097180022187158e-05,8.090294696655144e-06,6.300363847431341,6.300363847431341,0.08391392556686891,0.05877360005423334,-1.8662002907676722e-05,-0.06387282520231752,0.00029217437695240074,74.0,1181.0
8746295-r2,8746295,K02475.01,2,0,official_kepler_false_positive,,centroid_offset,48.44086498385113,8.0,0.00015666262309060695,2.4940682434312963e-05,6.2814088388805756,6.2814088388805756,0.006881242385833895,0.45808722618314285,8.705241390516427e-06,0.029966402420036675,0.0002905000496387839,7.0,114.0
8746295-r3,8746295,K02475.01,3,0,official_kepler_false_positive,,centroid_offset,22.821721027861184,8.0,0.00011290415571232953,1.8511218703355484e-05,6.099228663527359,6.099228663527359,0.01460596827585412,0.15570620784219494,-5.845820315375505e-06,-0.020122986495311048,0.0002905046085846983,13.0,209.0
8746295-r4,8746295,K02475.01,4,0,official_kepler_false_positive,,centroid_offset,1.6939325966268186,8.0,3.410498629513918e-05,5.670304569255229e-06,6.014665681286098,6.014665681286098,0.19678075384883112,0.05354070880938781,-7.357739119751017e-06,-0.02514652875665149,0.00029259462373329865,172.0,2738.0
8746295-r5,8746295,K02475.01,5,0,official_kepler_false_positive,,centroid_offset,5.0754988495242594,8.0,5.449028438576765e-05,9.074997950862126e-06,6.00444040657784,6.00444040657784,0.0656749894376545,0.01847574524532209,-1.387305189748389e-05,-0.04814818704398763,0.00028813238356845355,58.0,918.0
3241557-r1,3241557,K02863.01,1,0,official_kepler_false_positive,,centroid_offset,1.7032157851868854,2.0,4.2802800861719654e-05,7.1393013129760006e-06,5.995376716195413,5.995376716195413,0.048927055548742215,0.13690254211258418,1.600489095510138e-05,0.08173561074745508,0.0001958129487103601,168.0,675.0
3241557-r2,3241557,K02863.01,2,0,official_kepler_false_positive,,centroid_offset,4.098067376156406,8.0,3.267840569993654e-05,5.503165122105558e-06,5.938111064243971,5.938111064243971,0.08133915398091088,0.01588206140010901,-4.041458014025778e-06,-0.020473868816243808,0.0001973959123357925,73.0,1175.0
3241557-r3,3241557,K02863.01,3,0,official_kepler_false_positive,,centroid_offset,0.5595863523237794,1.0,3.4490836487968224e-05,5.823502207465654e-06,5.922696559426289,5.922696559426289,0.07445976209683922,0.04645093866375786,-1.0283070804639749e-05,-0.052550811333879136,0.0001956786307124116,514.0,1034.0
3241557-r4,3241557,K02863.01,4,0,official_kepler_false_positive,,centroid_offset,12.22524965730385,1.0,0.00014612677759846143,2.5052358372616837e-05,5.832855151800137,5.832855151800137,0.003408246688996927,0.39328746409979853,1.62036270339172e-05,0.0823742354829388,0.00019670746488777144,25.0,52.0
3241557-r5,3241557,K02863.01,5,0,official_kepler_false_positive,,centroid_offset,0.8516401098786717,2.0,2.973644351795217e-05,5.1645599568535344e-06,5.757788420771642,5.757788420771642,0.09785040930635049,0.11740124891765448,7.227328063019733e-06,0.03701231574926707,0.0001952681942945667,336.0,1356.0
9159265-r1,9159265,K03877.01,1,0,official_kepler_false_positive,,centroid_offset,3.045574396821544,8.0,0.00013109160917290332,5.881835257487154e-06,22.287535001262253,22.287535001262253,0.10944842906520699,0.057906593541563266,7.640929704955113e-06,0.03236438852920415,0.00023609065556916937,96.0,1534.0
9159265-r2,9159265,K03877.01,2,0,official_kepler_false_positive,,centroid_offset,6.090324135177964,4.0,0.0001933838063346139,1.1444283666372295e-05,16.89785153638317,16.89785153638317,0.027365812224014994,0.011875757347312908,0.00018958687025605325,0.7987949978260585,0.00023734108347200333,46.0,371.0
9159265-r3,9159265,K03877.01,3,0,official_kepler_false_positive,,centroid_offset,1.5228903016570725,8.0,7.359492735370624e-05,4.457749516989019e-06,16.509435326778036,16.509435326778036,0.218882038299561,0.5057311125401192,2.4235748814493974e-06,0.010196317487958668,0.00023769119432692402,190.0,3045.0
9159265-r4,9159265,K03877.01,4,0,official_kepler_false_positive,,centroid_offset,9.134249549966441,4.0,0.00020235869917277353,1.3709708599286971e-05,14.760248017474128,14.760248017474128,0.01824634478781883,0.16160731067226605,7.4416072810556955e-06,0.030935971397563388,0.00024054868636327415,32.0,256.0
9159265-r5,9159265,K03877.01,5,0,official_kepler_false_positive,,centroid_offset,15.219628747521865,8.0,0.0001538279605629018,1.2103226725294998e-05,12.709665286316651,12.709665286316651,0.021901541677723794,0.05478609462219398,-1.2042901077924384e-05,-0.05023477838312511,0.00023973234212514892,21.0,332.0
6891366-r1,6891366,K01696.01,1,0,official_kepler_false_positive,,centroid_offset,7.612385067500144,8.0,0.0003000485465741763,6.323395614388827e-06,47.45054158740577,47.45054158740577,0.043788291104248846,0.1374929476940322,1.4546969029471946e-05,0.057420818932964086,0.0002527781048495806,38.0,604.0
6891366-r2,6891366,K01696.01,2,0,official_kepler_false_positive,,centroid_offset,7.725963741273869,8.0,0.0002740871719634877,6.546391441787185e-06,41.86843613015922,41.86843613015922,0.043144563512845686,0.154241243179897,-2.1102728984256913e-06,-0.008364158433909922,0.0002522994889563827,35.0,566.0
6891366-r3,6891366,K01696.01,3,0,official_kepler_false_positive,,centroid_offset,15.219620881951675,8.0,0.0003139602552367222,8.799756717272585e-06,35.67828808499511,35.67828808499511,0.021901552996541434,0.10935737534169664,0.00023549084732721326,0.8140113725258381,0.00025082807039020054,19.0,305.0
6891366-r4,6891366,K01696.01,4,0,official_kepler_false_positive,,centroid_offset,3.7975304192909975,8.0,0.0001574330963365327,4.544820030392866e-06,34.64011672271295,34.64011672271295,0.08777634318346474,0.8663754858366073,-0.00011386964680548672,-0.45513250868372873,0.000250190097681233,77.0,1229.0
6891366-r5,6891366,K01696.01,5,0,official_kepler_false_positive,,centroid_offset,22.82171266625951,8.0,0.0003396445493043342,1.0615006630906833e-05,31.99664033326361,31.99664033326361,0.014605973627305632,0.16712631685359955,8.095776962369072e-06,0.026828039059392857,0.000252723048984209,13.0,210.0
11200415-r1,11200415,K00293.01,1,0,official_kepler_false_positive,,centroid_offset,7.438727308259981,8.0,7.095446374330119e-05,2.8447342574571273e-06,24.942387345075428,24.942387345075428,0.04481053270539964,0.28186990052935007,-1.3836568584224551e-05,-0.1262789168069267,0.00010957148615219655,28.0,448.0
11200415-r2,11200415,K00293.01,2,0,official_kepler_false_positive,,centroid_offset,44.207549059862245,8.0,0.00015731949151539748,6.692738433567291e-06,23.505997294973433,23.505997294973433,0.007540190316408643,0.11291914900336683,-5.93444170049473e-06,-0.03547987109466179,0.00011052522024800822,5.0,78.0
11200415-r3,11200415,K00293.01,3,0,official_kepler_false_positive,,centroid_offset,14.887537217074128,8.0,9.024172201431093e-05,3.9735936513360115e-06,22.710354890961142,22.710354890961142,0.022390092362022242,0.1180193111061622,4.3606393176798264e-05,0.39489317952637865,0.00011042579471516393,14.0,225.0
11200415-r4,11200415,K00293.01,4,0,official_kepler_false_positive,,centroid_offset,11.125711508494453,8.0,7.049829342065962e-05,3.318236495656015e-06,21.24571094102264,21.24571094102264,0.029960630659786044,1.223687263299984,-1.0969550687356389e-05,-0.09874555688640775,0.00011108905588506878,20.0,325.0
11200415-r5,11200415,K00293.01,5,0,official_kepler_false_positive,,centroid_offset,22.05938190304722,8.0,0.0001018436500548459,4.91408447276934e-06,20.72484724656183,20.72484724656183,0.015110728614172439,0.1634790993505914,-1.7681572849426175e-05,-0.15959948574877025,0.00011078715427228384,9.0,145.0
3119256-r1,3119256,K02784.01,1,0,official_kepler_false_positive,,centroid_offset,1.751216959659529,8.0,0.0002513767937469216,8.229515829671382e-07,305.4575736285563,305.4575736285563,0.19034382433010463,0.18586931097799891,-0.00017355159753229543,-0.8191075002429541,0.00019562050587359223,167.0,2641.0
3119256-r2,3119256,K02784.01,2,0,official_kepler_false_positive,,centroid_offset,3.506113646195909,8.0,0.00023314150655432043,1.107328391235785e-06,210.54414245997356,210.54414245997356,0.09507202759813448,0.09796820411036167,0.00020735001036042977,0.8414149933165986,0.00020897352713810887,82.0,1302.0
3119256-r3,3119256,K02784.01,3,0,official_kepler_false_positive,,centroid_offset,1.8536066560151876,8.0,0.00014737816169893518,8.413051836217655e-07,175.17800266543173,175.17800266543173,0.1798295945105854,0.07316479820271511,-0.00012815298442825362,-0.5809957590408239,0.00022057473300635385,157.0,2496.0
3119256-r4,3119256,K02784.01,4,0,official_kepler_false_positive,,centroid_offset,5.246919660975929,8.0,0.00020322563627115267,1.3177924535000694e-06,154.21672489577813,154.21672489577813,0.06352933813957677,0.14982889316019127,-0.0001875440086167579,-0.8522290021758443,0.00022006292691041405,57.0,892.0
3119256-r5,3119256,K02784.01,5,0,official_kepler_false_positive,,centroid_offset,6.995349405188437,8.0,0.0002184010498398487,1.5646136760161248e-06,139.58784407148303,139.58784407148303,0.04765070535091509,0.3708317703407166,0.00022207883892799707,0.9962256539784118,0.00021971846692095848,38.0,617.0
4945035-r1,4945035,K05108.01,1,0,official_kepler_false_positive,,centroid_offset,0.5873007726417798,2.0,0.00016039295753728983,4.598725977740198e-06,34.87769402083542,34.87769402083542,0.14189208871373635,0.9717841543806914,-2.9495005091639825e-06,-0.013849612720774226,0.00021296628061951312,492.0,1982.0
4945035-r2,4945035,K05108.01,2,0,official_kepler_false_positive,,centroid_offset,1.1750151124451749,2.0,0.00020846439569199913,6.174043481327284e-06,33.76464651123316,33.76464651123316,0.07092107365318809,0.043041617899902275,3.289215181012661e-05,0.15140816930943762,0.00021524049986355214,248.0,1017.0
4945035-r3,4945035,K05108.01,3,0,official_kepler_false_positive,,centroid_offset,2.349907542655584,2.0,0.00023165302681490995,8.707174353880127e-06,26.604845314907443,26.604845314907443,0.035462388124070605,0.016502022901786154,0.00021671951321400318,0.9126248921539338,0.00021501885658842533,124.0,491.0
4945035-r4,4945035,K05108.01,4,0,official_kepler_false_positive,,centroid_offset,2.936197389472858,2.0,0.00014891617021579724,9.68732867986597e-06,15.37226361745141,15.37226361745141,0.028381379818709786,1.0016947823497577,-9.654141817527773e-06,-0.04373489920606734,0.00022074229031693882,98.0,394.0
4945035-r5,4945035,K05108.01,5,0,official_kepler_false_positive,,centroid_offset,3.5220135715647185,4.0,0.00011256396858651737,7.624187337656487e-06,14.764061217456542,14.764061217456542,0.0473214152302718,0.09388791917517612,1.8843115922706488e-05,0.08542676672115213,0.0002205762508162542,81.0,649.0
9549471-r1,9549471,K06070.01,1,0,official_kepler_false_positive,,centroid_offset,15.680512406598938,8.0,0.002624778595985121,1.5522435006267385e-05,169.0958019747116,169.0958019747116,0.02125780871759359,0.4868799299648027,7.5546331634868125e-06,0.009920808932931314,0.0002945205530041466,18.0,286.0
9549471-r2,9549471,K06070.01,2,0,official_kepler_false_positive,,centroid_offset,7.8429905561379645,8.0,0.0013407540739654574,1.0923928359519635e-05,122.73552423996446,122.73552423996446,0.042500794938796015,4.043571395085244,-3.4153063894759583e-06,-0.011613013699786833,0.00029409303026471493,38.0,600.0
9549471-r3,9549471,K06070.01,3,0,official_kepler_false_positive,,centroid_offset,5.229268287311958,8.0,0.0010200552657258259,8.990433539955985e-06,113.46007522244804,113.46007522244804,0.06374378115999844,0.18638875638981994,-4.504936412574878e-06,-0.015425178829474388,0.0002920508385916965,57.0,917.0
9549471-r4,9549471,K06070.01,4,0,official_kepler_false_positive,,centroid_offset,3.9321070554128164,8.0,0.0007755483495765124,8.013891293237661e-06,96.77550158821609,96.77550158821609,0.08477219176280489,0.6669028739057113,-2.2242024217966616e-06,-0.007482206701182213,0.0002972655675825195,74.0,1182.0
9549471-r5,9549471,K06070.01,5,0,official_kepler_false_positive,,centroid_offset,2.6193473355141106,8.0,0.0006037027563747714,6.692615490010847e-06,90.2043091039424,90.2043091039424,0.12725816420520975,0.8194864648945706,2.705142485570633e-06,0.009296832157454957,0.0002909746502631468,113.0,1782.0
9887224-r1,9887224,K02464.01,1,0,official_kepler_false_positive,,centroid_offset,20.421622131007485,8.0,0.00015733769336031314,1.0958434546433954e-05,14.357679711789972,14.357679711789972,0.016322568853490413,0.2942066247391513,3.412801283142475e-05,0.1424868999637723,0.00023951684568968717,15.0,242.0
9887224-r2,9887224,K02464.01,2,0,official_kepler_false_positive,,centroid_offset,27.70607268281172,8.0,0.00018557890447746045,1.3229163384495704e-05,14.02801515740254,14.02801515740254,0.012031056770457637,0.6109547869549228,1.4286795714690825e-05,0.05983993269022076,0.00023875019694040566,10.0,164.0
9887224-r3,9887224,K02464.01,3,0,official_kepler_false_positive,,centroid_offset,5.752061699877959,8.0,8.470764841707576e-05,6.132009420365751e-06,13.814011461845286,13.814011461845286,0.057950236058908346,0.13127176215801967,-3.882758050055557e-05,-0.1625094688394039,0.00023892503481705426,50.0,808.0
9887224-r4,9887224,K02464.01,4,0,official_kepler_false_positive,,centroid_offset,40.80618713051268,8.0,0.00020165530956999393,1.462276601210004e-05,13.790503753060692,13.790503753060692,0.008168695895728138,0.305845783948857,6.339598726579077e-05,0.26533238194647696,0.00023893045696389613,8.0,134.0
9887224-r5,9887224,K02464.01,5,0,official_kepler_false_positive,,centroid_offset,13.618537200128825,8.0,0.000126178897951237,9.198144059910255e-06,13.717864944210072,13.717864944210072,0.024476441811252688,0.2411029821379442,-5.9422654108409745e-06,-0.02494751620430158,0.00023819066243622195,22.0,346.0
3437776-r1,3437776,K00549.02,1,0,official_kepler_false_positive,,centroid_offset,0.6356000693781901,2.0,0.00011743435008868214,6.747483779835692e-06,17.40416930524904,17.40416930524904,0.13110969829638097,0.08280496905104824,4.2489463782824366e-05,0.14240102703679772,0.0002983789138813213,451.0,1809.0
3437776-r2,3437776,K00549.02,2,0,official_kepler_false_positive,,centroid_offset,10.28305173607614,8.0,0.00020509543345956888,1.2689020518940586e-05,16.163220254347294,16.163220254347294,0.0324157985283587,0.21633195160245236,-3.4508844057423715e-05,-0.11500786031371271,0.0003000563958262697,29.0,459.0
3437776-r3,3437776,K00549.02,3,0,official_kepler_false_positive,,centroid_offset,1.2711642472567464,2.0,0.00012945805778839472,9.24365239248845e-06,14.005076380154078,14.005076380154078,0.06555670009849002,0.09565999387509348,0.00011557324629118959,0.38915932198986614,0.00029698182662112656,224.0,895.0
3437776-r4,3437776,K00549.02,4,0,official_kepler_false_positive,,centroid_offset,3.4287280786440926,4.0,0.00013180658086436978,1.0522160144564309e-05,12.526570500113548,12.526570500113548,0.04860889019014183,0.006832341775499899,-4.591008079479764e-06,-0.015225056502521607,0.00030154292555297846,85.0,680.0
3437776-r5,3437776,K00549.02,5,0,official_kepler_false_positive,,centroid_offset,0.9363386473799538,4.0,7.175551970160745e-05,5.924518406032577e-06,12.111620689462821,12.111620689462821,0.1779982777951443,0.07314375514058877,-8.180890644027272e-06,-0.027088531043208394,0.000302005694992397,310.0,2483.0
4365442-r1,4365442,K02787.01,1,0,official_kepler_false_positive,,centroid_offset,1.7144949818679518,4.0,4.58542091256774e-05,3.611125377581755e-06,12.698038514626253,12.698038514626253,0.0972103554861866,0.06612677878333795,-1.5863723824116605e-05,-0.10839151168328132,0.00014635577618356512,169.0,1345.0
4365442-r2,4365442,K02787.01,2,0,official_kepler_false_positive,,centroid_offset,3.4287287962038904,4.0,4.967748893283415e-05,4.999076988198613e-06,9.93733224155348,9.93733224155348,0.048608880017338,0.07531522393502847,3.994363865233996e-05,0.27428893895326134,0.00014562613718501545,83.0,664.0
4365442-r3,4365442,K02787.01,3,0,official_kepler_false_positive,,centroid_offset,3.689302045270037,8.0,3.627678749345496e-05,3.682406278349758e-06,9.851381067520917,9.851381067520917,0.09035132641435302,0.028068992094761772,-2.0981857535851134e-05,-0.14258711621470674,0.00014715114585988815,82.0,1290.0
4365442-r4,4365442,K02787.01,4,0,official_kepler_false_positive,,centroid_offset,18.70072456120581,8.0,7.032215739220197e-05,7.716225015198974e-06,9.113544155812647,9.113544155812647,0.017824621299691513,0.18012323717037937,-1.392706323577464e-05,-0.09511443677123052,0.00014642428330067335,17.0,270.0
4365442-r5,4365442,K02787.01,5,0,official_kepler_false_positive,,centroid_offset,12.129794026232624,8.0,5.608895019609322e-05,6.955779694635739e-06,8.063646730983836,8.063646730983836,0.02748054357827071,0.2941988287078636,2.200587023160061e-06,0.014966198879932403,0.00014703713620368517,21.0,334.0
10471167-r1,10471167,K07612.01,1,0,official_kepler_false_positive,,centroid_offset,28.209191234444905,8.0,0.0008227463964191854,7.783871726516538e-05,10.56988636665758,10.56988636665758,0.011816479620525802,0.7454331599202011,-0.00021487171232648095,-0.21009111229715052,0.0010227548894242075,9.0,146.0
10471167-r2,10471167,K07612.01,2,0,official_kepler_false_positive,,centroid_offset,31.65851439989312,8.0,0.000701250108982568,7.380641566365571e-05,9.501208027473453,9.501208027473453,0.010529026382061019,0.4296435847222181,4.0332117912655896e-05,0.039411481262893795,0.0010233596053804983,10.0,163.0
10471167-r3,10471167,K07612.01,3,0,official_kepler_false_positive,,centroid_offset,3.1315284741156604,8.0,0.00024233880902374235,2.612165879828915e-05,9.277313163573456,9.277313163573456,0.1064442926476874,0.009779009726457871,-0.00010846551856502629,-0.10581638236004189,0.0010250352180437494,91.0,1445.0
10471167-r4,10471167,K07612.01,4,0,official_kepler_false_positive,,centroid_offset,9.410935039873983,8.0,0.00040014079307772713,4.410207380134772e-05,9.073060710934168,9.073060710934168,0.035419788992380165,0.18173984641260593,-4.880684699282156e-05,-0.047648494089350645,0.0010243103780215755,29.0,470.0
10471167-r5,10471167,K07612.01,5,0,official_kepler_false_positive,,centroid_offset,7.091162345697209,8.0,0.00033273332092666197,3.7670540428184974e-05,8.832719603823682,8.832719603823682,0.04700686813856321,0.2129504686448338,3.916073645970908e-05,0.03817986628506807,0.0010256907702954586,42.0,652.0
6285094-r1,6285094,K06683.01,1,0,official_kepler_false_positive,,centroid_offset,24.372790879869406,8.0,0.0001631711351047055,2.092894179656995e-05,7.796435036741689,7.796435036741689,0.013676453179953571,0.10944287308241464,-3.0462157015520575e-05,-0.09417178053921675,0.00032347436611156525,13.0,196.0
6285094-r2,6285094,K06683.01,2,0,official_kepler_false_positive,,centroid_offset,20.816356704044246,8.0,0.00011910280569053909,1.8289297680206542e-05,6.512158518773371,6.512158518773371,0.01601304868438254,0.003172765865414334,-3.881487244528081e-05,-0.12018104988963921,0.00032296998970240346,16.0,257.0
6285094-r3,6285094,K06683.01,3,0,official_kepler_false_positive,,centroid_offset,5.484503862784078,8.0,6.434457005694058e-05,9.881229544085543e-06,6.511797926549974,6.511797926549974,0.060777299400811176,0.007190358871289369,-2.6413003498371168e-05,-0.08145986599076711,0.00032424560459459745,58.0,921.0
6285094-r4,6285094,K06683.01,4,0,official_kepler_false_positive,,centroid_offset,4.155864758529261,8.0,5.5912104817087385e-05,8.668337243467851e-06,6.450153385439721,6.450153385439721,0.08020793570079943,0.0024701585875762703,-5.883827886243864e-06,-0.018123618333675023,0.0003246497348330977,77.0,1221.0
6285094-r5,6285094,K06683.01,5,0,official_kepler_false_positive,,centroid_offset,6.7558055621319175,8.0,6.640541513973983e-05,1.0531117140926912e-05,6.3056382576611485,6.3056382576611485,0.049340279300185176,0.1473133655944852,-2.6122306488129965e-05,-0.08030886302754822,0.00032527302097614395,51.0,804.0
5475736-r1,5475736,K03798.01,1,0,official_kepler_false_positive,,centroid_offset,1.4964817803612278,4.0,0.0008238942138965969,5.801600214646452e-06,142.01154567952332,142.01154567952332,0.11137233266310524,0.6953551104699272,-0.0001425483880712619,-0.2287673463809296,0.0002633574842020129,192.0,1536.0
5475736-r2,5475736,K03798.01,2,0,official_kepler_false_positive,,centroid_offset,2.992764552993926,4.0,0.001121597193607449,8.02940921861492e-06,139.68614166621407,139.68614166621407,0.05568986925481168,0.07396379310079429,0.00042219057508374735,0.4858732749070505,0.00026460694879302176,95.0,754.0
5475736-r3,5475736,K03798.01,3,0,official_kepler_false_positive,,centroid_offset,8.975906359972017,4.0,0.0011932834460816582,1.3706600994346978e-05,87.05903429842343,87.05903429842343,0.018568226982615964,0.21883341493301559,0.00033491267879970366,0.3570880601334519,0.0002843538243801325,32.0,250.0
5475736-r4,5475736,K03798.01,4,0,official_kepler_false_positive,,centroid_offset,4.488848357592641,4.0,0.0007896952843804817,9.538540177419915e-06,82.7899520987379,82.7899520987379,0.03712904811871382,0.9167781976883994,-0.00011230775752646416,-0.17561929769815687,0.0002856742017643901,66.0,526.0
5475736-r5,5475736,K03798.01,5,0,official_kepler_false_positive,,centroid_offset,0.7479055178329455,4.0,0.00033193373767592053,4.362702964356058e-06,76.0844229799437,76.0844229799437,0.22284454746313806,2.9266249246952833,-1.8470825033256588e-05,-0.06802784339407195,0.0002715186034379882,387.0,3113.0
6610064-r1,6610064,K04529.01,1,0,official_kepler_false_positive,,centroid_offset,30.418663348240827,8.0,0.00018940249424582913,1.4006436370875331e-05,13.522532729286402,13.522532729286402,0.010958184766938836,0.1335676800176268,8.112732711507142e-06,0.03691428569099043,0.00021977217111605104,8.0,130.0
6610064-r2,6610064,K04529.01,2,0,official_kepler_false_positive,,centroid_offset,46.97602319283702,8.0,0.00023347367112900406,1.76140762317445e-05,13.254948375222332,13.254948375222332,0.007095818476693883,0.9433156727024484,2.1102975422238046e-05,0.09594376548426654,0.00021995150300514987,5.0,84.0
6610064-r3,6610064,K04529.01,3,0,official_kepler_false_positive,,centroid_offset,37.82537794307451,8.0,0.00018076394924271171,1.4238775347036618e-05,12.695189357020961,12.695189357020961,0.008812425716802751,0.03590103231296689,-6.914183197093138e-07,-0.0031389464823535556,0.00022027082130782113,8.0,128.0
6610064-r4,6610064,K04529.01,4,0,official_kepler_false_positive,,centroid_offset,15.840390474835962,8.0,0.00011275623144661779,9.302896643845867e-06,12.120550809430874,12.120550809430874,0.021043252302578433,0.09069157698172048,-2.3302632199184714e-05,-0.10615907870016358,0.0002195067297541346,19.0,304.0
6610064-r5,6610064,K04529.01,5,0,official_kepler_false_positive,,centroid_offset,26.751809968923222,8.0,0.00015109514310569647,1.2670596764109795e-05,11.924863991701029,11.924863991701029,0.012460216102034093,0.12194914949032382,-3.16407581326672e-05,-0.14385286251792487,0.00021995223159862104,11.0,161.0
10470206-r1,10470206,K00335.01,1,0,official_kepler_false_positive,,centroid_offset,15.523819408955207,8.0,0.0003124944252515191,7.06754652933403e-06,44.21540402380134,44.21540402380134,0.021472378965001596,0.07251254869209629,1.2060025283533449e-05,0.07235045093570282,0.0001418626586053412,17.0,269.0
10470206-r2,10470206,K00335.01,2,0,official_kepler_false_positive,,centroid_offset,7.764590109509314,8.0,0.00014273034480300734,4.849179636624195e-06,29.433915733913807,29.433915733913807,0.04292993302055947,1.0128425263775243,5.705152407942116e-06,0.040359329654431314,0.00014135894864437398,37.0,588.0
10470206-r3,10470206,K00335.01,3,0,official_kepler_false_positive,,centroid_offset,31.02621776952243,8.0,0.00027598613394424446,9.523339334774601e-06,28.97997480111597,28.97997480111597,0.01074360193722266,0.6386126192342344,0.00015276664255181593,1.0751394847489646,0.00014209006805055214,9.0,147.0
10470206-r4,10470206,K00335.01,4,0,official_kepler_false_positive,,centroid_offset,5.816676412802799,8.0,9.508650847014127e-05,4.129212611848838e-06,23.027757930722455,23.027757930722455,0.057306494237783244,0.4872923630572818,4.514628742402493e-06,0.031705380006491785,0.00014239314404930985,52.0,831.0
10470206-r5,10470206,K00335.01,5,0,official_kepler_false_positive,,centroid_offset,4.232049273189962,8.0,7.942084654758813e-05,3.6524312354273958e-06,21.744652103845716,21.744652103845716,0.0787640482933411,0.16237264597869325,-4.951469644298712e-06,-0.03517494243360774,0.00014076695800269035,68.0,1083.0
5477805-r1,5477805,K01607.01,1,0,official_kepler_false_positive,,centroid_offset,3.1698623959553998,8.0,8.583071260990913e-05,4.265559811507178e-06,20.12179324701158,20.12179324701158,0.10515703576238877,0.09272589393712782,-8.174224607893077e-05,-0.35726105873194514,0.00022880256350654328,94.0,1491.0
5477805-r2,5477805,K01607.01,2,0,official_kepler_false_positive,,centroid_offset,15.840387321913088,8.0,0.00016252448008788112,9.562964828934274e-06,16.995197932354348,16.995197932354348,0.02104325649109669,0.6260262435622033,-2.7508583095858796e-05,-0.1183465745770487,0.00023244088976947556,17.0,271.0
5477805-r3,5477805,K01607.01,3,0,official_kepler_false_positive,,centroid_offset,4.823349185473309,8.0,8.448987623445274e-05,5.099245117612679e-06,16.56909489261981,16.56909489261981,0.0691082732175493,0.15198516117576127,-3.606501686626018e-05,-0.1559342404860602,0.00023128349972297604,63.0,1003.0
5477805-r4,5477805,K01607.01,4,0,official_kepler_false_positive,,centroid_offset,5.108877395996827,8.0,8.798739108379252e-05,5.359292910909004e-06,16.4177238576924,16.4177238576924,0.06524590580203078,0.12626174062040826,-3.9512565934485266e-05,-0.1713529246016257,0.00023059172188830205,56.0,901.0
5477805-r5,5477805,K01607.01,5,0,official_kepler_false_positive,,centroid_offset,31.658491247295284,8.0,0.0002244422327151891,1.4182448055301546e-05,15.825352001292208,15.825352001292208,0.010529034082185182,0.06666684622261902,9.172941547852531e-05,0.3658622112297637,0.00023177376743237883,8.0,122.0
5443604-r1,5443604,K02713.01,1,0,official_kepler_false_positive,,centroid_offset,5.668102015447055,8.0,0.0014414404412973678,1.0499264397087986e-05,137.2896601877325,137.2896601877325,0.05880863337055563,0.170909400286232,-0.0011856774231318035,-0.9168966730399266,0.0012931418097534887,51.0,807.0
5443604-r2,5443604,K02713.01,2,0,official_kepler_false_positive,,centroid_offset,11.333349750328665,8.0,0.0014901452290095219,1.440522423458563e-05,103.44477841808384,103.44477841808384,0.029411722101284902,0.03469411442543391,0.0012340048647196955,0.841039878484538,0.0013187282088988645,27.0,416.0
5443604-r3,5443604,K02713.01,3,0,official_kepler_false_positive,,centroid_offset,17.057953652466686,8.0,0.0014661010641595592,1.7413303794499042e-05,84.19430806822015,84.19430806822015,0.019541226346639254,0.0252467069147017,-0.0014554938357462799,-1.0959052184195275,0.0013281201798138503,18.0,281.0
5443604-r4,5443604,K02713.01,4,0,official_kepler_false_positive,,centroid_offset,22.49128628374938,8.0,0.0014244843493833145,1.93426320151416e-05,73.64480429903305,73.64480429903305,0.014820554463982637,0.6397094134785679,0.0009758337702444608,0.72564266023733,0.0013447855586733322,14.0,227.0
5443604-r5,5443604,K02713.01,5,0,official_kepler_false_positive,,centroid_offset,28.209165169885953,8.0,0.001436160496215286,2.1104112892749812e-05,68.05121369061052,68.05121369061052,0.0118164905386557,0.4850002056503093,-0.0009196990314157549,-0.6825760054534523,0.0013473943180946947,12.0,190.0
3852258-r1,3852258,K05989.01,1,0,official_kepler_false_positive,,centroid_offset,3.094097722964106,8.0,0.0003008811500318656,4.803823791878421e-06,62.63367747596195,62.63367747596195,0.10773199917357627,0.12851196433544423,2.4986223432499344e-06,0.0030700607150586823,0.0008138674036621373,95.0,1504.0
3852258-r2,3852258,K05989.01,2,0,official_kepler_false_positive,,centroid_offset,0.617411755676861,8.0,0.00018652830947491947,2.9886040504124747e-06,62.413189010158646,62.413189010158646,0.5398882192774318,0.018337227171023884,-8.92233072338211e-05,-0.10947811696523886,0.0008149875948464751,471.0,7510.0
3852258-r3,3852258,K05989.01,3,0,official_kepler_false_positive,,centroid_offset,5.752050470522041,8.0,0.000379521011312824,6.35758408675297e-06,59.69579106371805,59.69579106371805,0.05795034919140423,0.09055757009071148,5.6188284496272445e-06,0.006949413846506968,0.0008085327156694626,52.0,812.0
3852258-r4,3852258,K05989.01,4,0,official_kepler_false_positive,,centroid_offset,46.97602090891046,8.0,0.0009590672762937694,1.631554568575478e-05,58.782421058165276,58.782421058165276,0.007095818821685391,0.6869268126511429,-0.0002193181033425251,-0.26980866118970914,0.0008128653186130194,7.0,117.0
3852258-r5,3852258,K05989.01,5,0,official_kepler_false_positive,,centroid_offset,22.170293940613014,8.0,0.0006986540468039073,1.206307576213543e-05,57.91674201341749,57.91674201341749,0.015035133689531794,0.1503902954138463,5.770652225178807e-06,0.007067275872567237,0.0008165313381324929,13.0,216.0
5164794-r1,5164794,K06531.01,1,0,official_kepler_false_positive,,centroid_offset,1.043937727445305,8.0,0.00018737090044499406,1.0183497523783259e-05,18.399464428345453,18.399464428345453,0.3193038478923999,0.010498061385645754,-9.982749832504467e-05,-0.11001025038318206,0.0009074381521479195,278.0,4429.0
5164794-r2,5164794,K06531.01,2,0,official_kepler_false_positive,,centroid_offset,44.296961978154904,8.0,0.000777990560019877,5.272894989056044e-05,14.75452406381325,14.75452406381325,0.007524970527272661,0.38426883455941324,-0.00023341813880795037,-0.25608981976565603,0.0009114698078258159,7.0,112.0
5164794-r3,5164794,K06531.01,3,0,official_kepler_false_positive,,centroid_offset,2.952942136324645,8.0,0.00021491067954853858,1.4988147202081373e-05,14.338708891162636,14.338708891162636,0.11288176941665842,0.056281262244422856,-8.478486082141856e-05,-0.09356841267293783,0.0009061269545928753,98.0,1568.0
5164794-r4,5164794,K06531.01,4,0,official_kepler_false_positive,,centroid_offset,2.08777860780069,8.0,0.00018285328290351365,1.29110672594252e-05,14.162522681463768,14.162522681463768,0.1596593298196851,0.00723765783773436,0.0001470777970612458,0.16242288236369518,0.0009055238702876306,140.0,2238.0
5164794-r5,5164794,K06531.01,5,0,official_kepler_false_positive,,centroid_offset,3.1315226545424246,8.0,0.0002175201205294942,1.5631456905874036e-05,13.915537229786548,13.915537229786548,0.10644449046211345,0.0021712208918760203,-0.00011740968159479337,-0.12903079754256297,0.0009099353319587428,90.0,1427.0
7622072-r1,7622072,K06894.01,1,0,official_kepler_false_positive,,centroid_offset,3.1893886066397923,8.0,0.0013182647941443536,3.6411323635796318e-06,362.04802861062564,362.04802861062564,0.10451323888201867,0.14334659676908446,-1.6176688077962353e-07,-0.0005970425649525425,0.00015062799742243769,92.0,1470.0
7622072-r2,7622072,K06894.01,2,0,official_kepler_false_positive,,centroid_offset,1.5931717635701022,4.0,0.001303429837490172,3.653636910617562e-06,356.74859581760074,356.74859581760074,0.10461311860887312,14.238357381380526,-6.2327567957876084e-06,-0.0358389772751733,0.00015341080346822596,182.0,1457.0
7622072-r3,7622072,K06894.01,3,0,official_kepler_false_positive,,centroid_offset,1.0625028125380587,2.0,0.001087837525744656,4.1275816172465076e-06,263.5532441561623,263.5532441561623,0.07843116493430302,0.1047876420638583,-1.0545140635587202e-05,-0.06689087727051818,0.00015764691787403004,274.0,1112.0
7622072-r4,7622072,K06894.01,4,0,official_kepler_false_positive,,centroid_offset,0.7966140879108652,2.0,0.000868697590846108,3.6592591196099996e-06,237.3971239671852,237.3971239671852,0.10460941451823492,4.187783630099503,-3.945115331749349e-06,-0.025038202664706074,0.00015756383892963675,362.0,1452.0
7622072-r5,7622072,K06894.01,5,0,official_kepler_false_positive,,centroid_offset,2.124905271578498,2.0,0.0011834854554451772,5.749076842459767e-06,205.8566075695064,205.8566075695064,0.03921743451247062,0.06629975455647592,9.122126975857903e-05,0.5813443811794146,0.00015691433978171762,136.0,548.0
6590362-r1,6590362,K07570.01,1,0,official_kepler_false_positive,,centroid_offset,0.5926788035274047,1.0,5.806275784520925e-05,9.517020768013949e-06,6.1009384407727865,6.1009384407727865,0.0703022723584547,0.09539505338845491,-1.2417152157384592e-05,-0.040355589990383016,0.00030769348584282067,487.0,981.0
6590362-r2,6590362,K07570.01,2,0,official_kepler_false_positive,,centroid_offset,1.1848743387607727,4.0,3.916716463298666e-05,6.987745559899682e-06,5.605121751678228,5.605121751678228,0.14066189233280105,0.06592925323476084,1.0075166753220621e-05,0.032905050882186225,0.00030618906469082546,245.0,1971.0
6590362-r3,6590362,K07570.01,3,0,official_kepler_false_positive,,centroid_offset,34.46827400086222,8.0,0.00013256258883973128,2.40007325491538e-05,5.523272615460442,5.523272615460442,0.009670728894780023,0.2525571743092269,-3.44922598820574e-05,-0.11197414155614221,0.00030803772552043615,9.0,145.0
6590362-r4,6590362,K07570.01,4,0,official_kepler_false_positive,,centroid_offset,3.3765629155642767,1.0,0.00011714281328892726,2.186588322369068e-05,5.357332795137605,5.357332795137605,0.012339964546374671,0.02291867230107968,-1.0722734118173705e-05,-0.034748244084779,0.00030858348099582544,88.0,175.0
6590362-r5,6590362,K07570.01,5,0,official_kepler_false_positive,,centroid_offset,4.034216976337885,8.0,4.697052948003326e-05,8.785841900233925e-06,5.3461614735842975,5.3461614735842975,0.08262652586324723,0.07348433266247166,1.1346701107473045e-05,0.03696242265027581,0.00030697936698660574,73.0,1168.0
5598645-r1,5598645,K07560.01,1,0,official_kepler_false_positive,,centroid_offset,3.1632818571895256,8.0,3.9311590314829384e-05,1.695269631594057e-06,23.188989870516828,23.188989870516828,0.10537579273112554,0.031196071524798648,3.9193619822963655e-06,0.024923538072467097,0.00015725544145861315,70.0,1125.0
5598645-r2,5598645,K07560.01,2,0,official_kepler_false_positive,,centroid_offset,2.8203749177496187,4.0,4.806005670759627e-05,2.251457681960989e-06,21.346195885741285,21.346195885741285,0.05909379835204684,0.018077115243998677,9.311317443083666e-06,0.05911294361947492,0.0001575174043610988,76.0,604.0
5598645-r3,5598645,K07560.01,3,0,official_kepler_false_positive,,centroid_offset,19.773153243943113,4.0,0.00011733180954744804,5.7344223209947455e-06,20.460964152897375,20.460964152897375,0.008428937186218378,0.006945863285046663,-1.0232711531443783e-06,-0.006466351825263928,0.00015824551165720293,11.0,89.0
5598645-r4,5598645,K07560.01,4,0,official_kepler_false_positive,,centroid_offset,2.467748676197064,4.0,4.2311821974066e-05,2.094664698289007e-06,20.19980668439571,20.19980668439571,0.0675379418796849,0.0832711894329425,-8.755857624054286e-06,-0.05517489028063734,0.00015869279629772098,88.0,705.0
5598645-r5,5598645,K07560.01,5,0,official_kepler_false_positive,,centroid_offset,3.013400993827578,8.0,3.3519219129098766e-05,1.6777154322030767e-06,19.979084942363144,19.979084942363144,0.11061698526552159,0.15219559100319907,-6.499741513898982e-06,-0.04081058151148482,0.0001592660842646861,73.0,1153.0
3230753-r1,3230753,K02928.01,1,0,official_kepler_false_positive,,centroid_offset,3.3546843168628233,8.0,5.2938851351640485e-05,8.226853457597783e-06,6.434884445735402,6.434884445735402,0.0993635471623316,0.16080763804171075,-2.5607904976077123e-05,-0.07969711318728599,0.0003213153394389488,86.0,1372.0
3230753-r2,3230753,K02928.01,2,0,official_kepler_false_positive,,centroid_offset,22.821698302399586,8.0,0.00012007458618237775,1.9294685056873657e-05,6.2231949279525365,6.2231949279525365,0.01460598282023056,0.02706437150245246,-1.2426738141169125e-05,-0.038628253110846986,0.00032170075373353193,14.0,227.0
3230753-r3,3230753,K02928.01,3,0,official_kepler_false_positive,,centroid_offset,4.899407704933363,8.0,5.8406409374417546e-05,9.782282558984608e-06,5.970632009680988,5.970632009680988,0.06803543477259298,0.029102385545696746,-3.553610377071692e-06,-0.011092453517357541,0.0003203628819819691,59.0,939.0
3230753-r4,3230753,K02928.01,4,0,official_kepler_false_positive,,centroid_offset,6.69391555785275,8.0,6.618280081119345e-05,1.1157701244509167e-05,5.931580292469541,5.931580292469541,0.049796465230621874,0.08160351837425832,1.2635898119062183e-05,0.03939158260928033,0.00032077660459585775,44.0,709.0
3230753-r5,3230753,K02928.01,5,0,official_kepler_false_positive,,centroid_offset,3.3987216626611416,8.0,4.8698992553480785e-05,8.277445552651022e-06,5.883335896771189,5.883335896771189,0.0980760904887807,0.08114381336267934,6.305253593685833e-06,0.01955491467050016,0.00032243830770572026,85.0,1352.0
4665991-r1,4665991,K04870.01,1,0,official_kepler_false_positive,,centroid_offset,40.806172621776334,8.0,0.0002626936996669822,2.3765465102883765e-05,11.05358967433405,11.05358967433405,0.008168698800128316,0.27136277108056284,-2.7533400274837305e-05,-0.08658598614740101,0.00031798910539594004,8.0,130.0
4665991-r2,4665991,K04870.01,2,0,official_kepler_false_positive,,centroid_offset,20.69363640683404,8.0,0.00018663067253064561,1.7927575785030775e-05,10.410257068135174,10.410257068135174,0.01610801150556847,0.04476252769117455,-2.5721127887567974e-05,-0.08097780257900973,0.0003176318332727289,14.0,230.0
4665991-r3,4665991,K04870.01,3,0,official_kepler_false_positive,,centroid_offset,27.706048795391908,8.0,0.00020989641859449834,2.0315787934468232e-05,10.331689780950276,10.331689780950276,0.012031067143315418,0.1552799727639328,-1.561881425082845e-06,-0.004909895229639388,0.00031810891109331445,11.0,177.0
4665991-r4,4665991,K04870.01,4,0,official_kepler_false_positive,,centroid_offset,6.871578457746211,8.0,0.00010633817755814605,1.0572331030434165e-05,10.05815815377275,10.05815815377275,0.048508990384526926,0.054451889390350505,-7.425723051734945e-05,-0.23274278128611792,0.0003190527762322421,43.0,686.0
4665991-r5,4665991,K04870.01,5,0,official_kepler_false_positive,,centroid_offset,46.97602168272926,8.0,0.00027132146422910073,2.7408783520737144e-05,9.899069910338133,9.899069910338133,0.007095818704798566,0.6629365074952922,-5.121974274491237e-06,-0.01608702062097548,0.0003183917267945077,6.0,99.0
10877024-r1,10877024,K08036.01,1,0,official_kepler_false_positive,,centroid_offset,3.7794810723000696,8.0,6.920918820604302e-05,5.036659205186283e-06,13.74109015253163,13.74109015253163,0.088195529215993,0.2155334419341233,-4.434651674278811e-05,-0.24572442996862295,0.0001804725592341421,59.0,913.0
10877024-r2,10877024,K08036.01,2,0,official_kepler_false_positive,,centroid_offset,11.346251439844623,8.0,9.135463187855124e-05,8.341309509693093e-06,10.952073145396628,10.952073145396628,0.02937827837683615,0.38756954070363525,-3.8816302319277796e-05,-0.21422185647995332,0.00018119674134609224,20.0,312.0
10877024-r3,10877024,K08036.01,3,0,official_kepler_false_positive,,centroid_offset,7.586619574865225,8.0,7.622426430368786e-05,7.049315986687338e-06,10.813001495129129,10.813001495129129,0.04393700383207298,0.19146327805495203,4.479041364857661e-05,0.24886208481355002,0.00017998086643907223,28.0,443.0
10877024-r4,10877024,K08036.01,4,0,official_kepler_false_positive,,centroid_offset,3.6941092490663388,8.0,5.0821257149577294e-05,5.034376111874176e-06,10.094847111186091,10.094847111186091,0.09023375077972615,0.10198373940100758,-2.7266988429142103e-05,-0.15053828657194418,0.00018112992415461604,57.0,914.0
10877024-r5,10877024,K08036.01,5,0,official_kepler_false_positive,,centroid_offset,6.092680069910683,8.0,5.534922879152363e-05,6.301206791342254e-06,8.783909277120136,8.783909277120136,0.05471046066894825,0.29838204377786987,-1.9023307054277794e-05,-0.10516473309597921,0.00018089055612318305,35.0,560.0
3231137-r1,3231137,K00382.01,1,0,official_kepler_false_positive,,centroid_offset,1.950567744286119,2.0,0.0003414654412462678,7.433590950100147e-06,45.93546289248906,45.93546289248906,0.04272260400975317,1.5896092488323956,3.2542493857534716e-05,0.11517017379305194,0.00028256008292572326,108.0,438.0
3231137-r2,3231137,K00382.01,2,0,official_kepler_false_positive,,centroid_offset,3.8172605437656046,8.0,0.00020922193326707643,5.289985603313559e-06,39.55056761137938,39.55056761137938,0.08732265704989335,0.11573684632330826,-0.0001402530682597103,-0.4993070867639752,0.00028089540881283057,57.0,905.0
3231137-r3,3231137,K00382.01,3,0,official_kepler_false_positive,,centroid_offset,0.9751971291519957,2.0,0.00019057900022282623,5.3639413039192374e-06,35.529658030295195,35.529658030295195,0.08545280830122795,0.8815151189930298,-2.086731491579563e-05,-0.07404287568877649,0.0002818274509421671,218.0,881.0
3231137-r4,3231137,K00382.01,4,0,official_kepler_false_positive,,centroid_offset,3.8951914956688314,4.0,0.00023604850613619403,7.26479929118242e-06,32.492089137644264,32.492089137644264,0.04278779794317887,0.05619269081932468,3.551290199599322e-05,0.12598558289880987,0.0002818806817325817,57.0,459.0
3231137-r5,3231137,K00382.01,5,0,official_kepler_false_positive,,centroid_offset,1.299563332550082,4.0,0.00014379736730558282,4.480137197301044e-06,32.09664369033391,32.09664369033391,0.12824820652612845,0.14176735782690925,1.8119061995225394e-06,0.006493557065175382,0.0002790313816197444,165.0,1327.0
3098843-r1,3098843,K03376.01,1,0,official_kepler_false_positive,,centroid_offset,44.29695854915665,2.0,0.0005512371672673391,5.2176737932041885e-05,10.564807021575467,10.564807021575467,0.0018812427774439126,0.3912532232575975,8.721141982814817e-05,0.3115459174978066,0.0002774823949160643,6.0,24.0
3098843-r2,3098843,K03376.01,2,0,official_kepler_false_positive,,centroid_offset,48.440862227092126,2.0,0.0006060708501370226,6.457166387688828e-05,9.38601878515244,9.38601878515244,0.001720310694360978,4.302575739955275,-0.00018313664523905704,-0.6607207894526774,0.000277177058997587,4.0,16.0
3098843-r3,3098843,K03376.01,3,0,official_kepler_false_positive,,centroid_offset,18.928587096758825,4.0,0.00020208946028032606,2.323905344765087e-05,8.696114096710525,8.696114096710525,0.008805024158153109,0.4147107874066405,1.0058378400845669e-05,0.03622676517611827,0.0002776504706381138,15.0,120.0
3098843-r4,3098843,K03376.01,4,0,official_kepler_false_positive,,centroid_offset,5.996280155858508,2.0,0.00016101635272640724,1.8974110144990634e-05,8.48610825466918,8.48610825466918,0.01389750498096969,0.16690900746000245,-1.3605101612412795e-05,-0.049065671117988,0.00027728351212595603,47.0,183.0
3098843-r5,3098843,K03376.01,5,0,official_kepler_false_positive,,centroid_offset,37.82536911112994,4.0,0.00026359009751464844,3.1422355916176006e-05,8.388616633896445,8.388616633896445,0.004406213887219563,0.11170362109668015,9.379756976535258e-05,0.3386199662028442,0.00027699952491627396,8.0,65.0
6057684-r1,6057684,K03972.01,1,0,official_kepler_false_positive,,centroid_offset,5.229261293394066,8.0,0.0013258083456935605,8.099174115215904e-06,163.69673337467418,163.69673337467418,0.0637438664146351,0.1609091732044525,-0.0008980554970423604,-0.6298973349849436,0.00142571725131021,56.0,885.0
6057684-r2,6057684,K03972.01,2,0,official_kepler_false_positive,,centroid_offset,10.562737583225072,8.0,0.0016853604309940028,1.1143672566551624e-05,151.23922754628572,151.23922754628572,0.03155747557931456,0.0891443107078894,0.0004866646594718915,0.3020271522044343,0.0014091800816040962,28.0,452.0
6057684-r3,6057684,K03972.01,3,0,official_kepler_false_positive,,centroid_offset,15.680496330280715,8.0,0.0016937722631042396,1.3528572764553659e-05,125.1996269364133,125.1996269364133,0.021257830512011983,0.11618937295250314,-0.0009393242977735472,-0.6575970860197988,0.001428419191239035,19.0,303.0
6057684-r4,6057684,K03972.01,4,0,official_kepler_false_positive,,centroid_offset,36.926250103090474,8.0,0.0026245917709827246,2.1475133578761818e-05,122.2153874553012,122.2153874553012,0.009027001994590174,1.4764394330753319,-0.0009611842287478023,-0.674129283721578,0.0014258158664188527,8.0,120.0
6057684-r5,6057684,K03972.01,5,0,official_kepler_false_positive,,centroid_offset,46.97602274413662,8.0,0.0031329989762176095,2.6005163693846614e-05,120.47603364861514,120.47603364861514,0.007095818544470941,6.167351098910664,-0.0007619597329060479,-0.48775783428149694,0.00143799783656846,5.0,83.0
8737796-r1,8737796,K01252.01,1,0,official_kepler_false_positive,,centroid_offset,0.8854390798662316,4.0,0.0004229477835416841,2.072326279702818e-06,204.09323941128463,204.09323941128463,0.1882305293006109,0.01603095418379815,0.00011939001035699004,0.4112156284861334,0.00019828651854861368,244.0,1954.0
8737796-r2,8737796,K01252.01,2,0,official_kepler_false_positive,,centroid_offset,2.656746274394312,2.0,0.0006119744197003917,4.57788187467864e-06,133.68069261143862,133.68069261143862,0.03136668869605614,0.17225609407222103,0.00014003155132091827,0.2959621734684646,0.00021619913487009432,83.0,335.0
8737796-r3,8737796,K01252.01,3,0,official_kepler_false_positive,,centroid_offset,1.7723921407458365,4.0,0.00032964008357481614,2.795673738480513e-06,117.91078445154335,117.91078445154335,0.09403487119759626,0.002112225910911141,0.00023006149721993552,1.0103182445279577,0.00020503177648045106,119.0,960.0
8737796-r4,8737796,K01252.01,4,0,official_kepler_false_positive,,centroid_offset,1.3282122426531322,2.0,0.00034892947226204955,3.2299533313875284e-06,108.02926125008621,108.02926125008621,0.0627409766731808,1.200824782598927,-7.823468142498236e-05,-0.34734410652068687,0.00021774454946578962,162.0,700.0
8737796-r5,8737796,K01252.01,5,0,official_kepler_false_positive,,centroid_offset,2.2147224363424707,2.0,0.00040166278663063986,4.240101791846828e-06,94.72951507979971,94.72951507979971,0.037626987457152934,1.2859653681902607,-7.187175994993744e-05,-0.29265663155216465,0.00022021340552631273,98.0,393.0
3847708-r1,3847708,K00389.01,1,0,official_kepler_false_positive,,centroid_offset,3.742632052809579,4.0,0.00021152511210171051,7.502721485668774e-06,28.193117991351865,28.193117991351865,0.04453194017337362,0.16000808438395703,3.374007436085513e-05,0.15359582609585368,0.00020807206332026722,79.0,633.0
3847708-r2,3847708,K00389.01,2,0,official_kepler_false_positive,,centroid_offset,1.871471607196387,4.0,0.00011921928585104844,5.44081484415194e-06,21.912027750621085,21.912027750621085,0.08905647621143799,0.8535270208257416,-6.332459749236463e-06,-0.030338625955616188,0.00020872599037611387,157.0,1263.0
3847708-r3,3847708,K00389.01,3,0,official_kepler_false_positive,,centroid_offset,0.9352113467381713,2.0,0.0001077583970775498,5.5950818468560085e-06,19.259485388600964,19.259485388600964,0.08910641816310634,0.8827396874298816,-8.641929524655367e-06,-0.04112105662976563,0.0002101582554763409,311.0,1250.0
3847708-r4,3847708,K00389.01,4,0,official_kepler_false_positive,,centroid_offset,18.700723106921988,2.0,0.0003793898287959224,2.4242116761577406e-05,15.650028936303,15.650028936303,0.004456155671461061,0.5424367875916922,7.058184983332882e-05,0.19713004207313353,0.0002126595699266085,15.0,59.0
3847708-r5,3847708,K00389.01,5,0,official_kepler_false_positive,,centroid_offset,1.2466810207582686,2.0,9.299940760230353e-05,6.243926903610098e-06,14.8943780153053,14.8943780153053,0.06684415014407415,0.06237442408373983,1.4385839816499768e-05,0.0688862557052073,0.00020883468943446004,234.0,936.0
5730389-r1,5730389,K01956.01,1,0,official_kepler_false_positive,,centroid_offset,2.7589006114856707,4.0,0.00022058085141560312,9.623085032885434e-06,22.922051573045596,22.922051573045596,0.06041053670901051,0.030604125878126304,-5.8628422359152665e-06,-0.01936862400072376,0.0003026979219430449,105.0,844.0
5730389-r2,5730389,K01956.01,2,0,official_kepler_false_positive,,centroid_offset,1.3795348682291582,4.0,0.00010457233383613045,7.046757706768512e-06,14.839779965144427,14.839779965144427,0.12081366734905988,0.6454506552233928,3.297415143821425e-06,0.010865465756825564,0.0003034766495628617,210.0,1683.0
5730389-r3,5730389,K01956.01,3,0,official_kepler_false_positive,,centroid_offset,0.9197087053523759,4.0,8.288678654062817e-05,5.946794049263194e-06,13.938062400344572,13.938062400344572,0.1812167979891092,0.00501764387481623,-1.3931604622818838e-05,-0.04618668935547308,0.0003016367879411118,314.0,2542.0
5730389-r4,5730389,K01956.01,4,0,official_kepler_false_positive,,centroid_offset,5.526939384579998,8.0,0.00011829519946304796,9.752258080685624e-06,12.130031679261231,12.130031679261231,0.0603106548017016,0.0537449836488295,8.001207312113845e-05,0.2629410510200277,0.000304296620138801,51.0,821.0
5730389-r5,5730389,K01956.01,5,0,official_kepler_false_positive,,centroid_offset,0.6897885766801498,4.0,5.104275451652242e-05,5.368529995225011e-06,9.507771133237949,9.507771133237949,0.24161992862915854,0.3149693068953802,1.1061030391834592e-05,0.036573367923884964,0.00030243401195247777,421.0,3362.0
5903312-r1,5903312,K00008.01,1,0,official_kepler_false_positive,,centroid_offset,9.793222950629795,8.0,0.0004948266856051034,4.38095508729785e-06,112.94949976542897,112.94949976542897,0.0340371433402215,0.4187154132401491,0.00018935086226234965,0.3455632382848133,0.0004906379009756828,23.0,369.0
5903312-r2,5903312,K00008.01,2,0,official_kepler_false_positive,,centroid_offset,4.852931749884117,8.0,0.0003370877997091556,3.1670879935322053e-06,106.43461766693973,106.43461766693973,0.06868700210780689,0.42751799900522014,-0.00012892931148877906,-0.2605551984429281,0.0004948253278355514,46.0,735.0
5903312-r3,5903312,K00008.01,3,0,official_kepler_false_positive,,centroid_offset,35.89152233091095,8.0,0.0008137454186205449,7.943094333601516e-06,102.44690349177569,102.44690349177569,0.009287244220517661,0.5955672577380983,0.00015369750709703922,0.3059802269207795,0.0005023118933003231,7.0,110.0
5903312-r4,5903312,K00008.01,4,0,official_kepler_false_positive,,centroid_offset,14.696389820629522,8.0,0.000522233370644705,5.4901339794415785e-06,95.12215414054855,95.12215414054855,0.022681307273533857,0.3243992214576246,1.9559332491425607e-05,0.03828919467788265,0.000498224765027611,15.0,232.0
5903312-r5,5903312,K00008.01,5,0,official_kepler_false_positive,,centroid_offset,44.20753615239842,8.0,0.0008769922799101909,9.33124645900579e-06,93.98447289577123,93.98447289577123,0.007540192517950331,0.2570488897462273,0.00019469134235439167,0.2882675787585804,0.0005008664322393703,5.0,79.0
3438975-r1,3438975,K00300.01,1,0,official_kepler_false_positive,,centroid_offset,2.974259998906116,4.0,9.529487142136402e-05,3.117880112239659e-06,30.563994762746375,30.563994762746375,0.05603634743699741,0.01880739650415253,-8.492520005454196e-06,-0.08683405300358786,9.780172307635229e-05,71.0,576.0
3438975-r2,3438975,K00300.01,2,0,official_kepler_false_positive,,centroid_offset,1.4888621729456668,4.0,4.2504119515992926e-05,2.289033922949055e-06,18.568584366470702,18.568584366470702,0.11194230714917144,1.1603989155002943,-4.94019735453044e-06,-0.050087851507389584,9.86306500649484e-05,143.0,1138.0
3438975-r3,3438975,K00300.01,3,0,official_kepler_false_positive,,centroid_offset,5.965637633781152,8.0,5.193201733092711e-05,3.0365600523105695e-06,17.102252692618794,17.102252692618794,0.05587555828831986,0.010559547593820155,3.9128382446129706e-05,0.40080720307476075,9.762395023332768e-05,38.0,609.0
3438975-r4,3438975,K00300.01,4,0,official_kepler_false_positive,,centroid_offset,0.9920997787146781,4.0,3.2742983574321096e-05,1.9178670802701323e-06,17.072603159604384,17.072603159604384,0.16799385529809596,0.13128164896883324,-2.6401167214640253e-06,-0.02722521682251037,9.69732119555104e-05,215.0,1730.0
3438975-r5,3438975,K00300.01,5,0,official_kepler_false_positive,,centroid_offset,14.887453788038576,4.0,0.00010127332854552036,6.598352091560319e-06,15.348275924083364,15.348275924083364,0.011195108917857808,0.4899658885438237,-1.6452136365252557e-05,-0.16451627701892085,0.00010000309187254712,15.0,123.0
3222680-r1,3222680,K04966.01,1,0,official_kepler_false_positive,,centroid_offset,27.992721916280058,8.0,0.0007146596466418445,9.061016191663999e-06,78.87190923456475,78.87190923456475,0.01190785713265964,0.730763353779949,0.00013735626863209394,0.19389893023937652,0.000635787700812886,9.0,148.0
3222680-r2,3222680,K04966.01,2,0,official_kepler_false_positive,,centroid_offset,8.950882049131463,8.0,0.0004216261393101872,5.831070003363617e-06,72.30682174403235,72.30682174403235,0.03724027771829234,0.09098174829615577,0.00011988193487666443,0.18686485455119897,0.0006415435110288118,23.0,370.0
3222680-r3,3222680,K04966.01,3,0,official_kepler_false_positive,,centroid_offset,3.137275998612858,8.0,0.0002458506071017481,3.549326505935976e-06,69.26683321204229,69.26683321204229,0.10624928552053316,0.09239185721318276,-2.6078267228335505e-05,-0.0415324471508216,0.000627901051282494,69.0,1081.0
3222680-r4,3222680,K04966.01,4,0,official_kepler_false_positive,,centroid_offset,4.473614470055709,8.0,0.0002829413357092418,4.168171115681631e-06,67.8814107810379,67.8814107810379,0.07451096547646459,0.4329464242720831,-6.26687774583079e-05,-0.09794333670706709,0.0006398472786948256,47.0,757.0
3222680-r5,3222680,K04966.01,5,0,official_kepler_false_positive,,centroid_offset,11.81455648879111,8.0,0.0004086545973300544,6.397072751183956e-06,63.88149912073792,63.88149912073792,0.02821378302686,0.44825785029037396,0.00015322423411578967,0.23985503815022668,0.0006388201611167402,19.0,304.0
4666008-r1,4666008,K03872.01,1,0,official_kepler_false_positive,,centroid_offset,1.1240039257472894,4.0,0.00016429366938345506,5.832597744579984e-06,28.168181070969116,28.168181070969116,0.14827943466110138,0.19155685049786936,-1.4198761379979885e-06,-0.005087183468327251,0.0002791084982167681,258.0,2061.0
4666008-r2,4666008,K03872.01,2,0,official_kepler_false_positive,,centroid_offset,2.247895592308067,4.0,0.0001720392359311406,7.857565661937624e-06,21.894724566478118,21.894724566478118,0.07414341984430811,0.1675162432499526,0.00013200511567301731,0.4709815546167828,0.0002802766146126978,129.0,1046.0
4666008-r3,4666008,K03872.01,3,0,official_kepler_false_positive,,centroid_offset,43.06884413788358,8.0,0.00040952271831108173,2.2960934754040285e-05,17.835629197936758,17.835629197936758,0.007739546765317799,0.5557065544338375,3.4076148531902994e-05,0.11810749389917866,0.00028851808980886323,7.0,114.0
4666008-r4,4666008,K03872.01,4,0,official_kepler_false_positive,,centroid_offset,37.82537301911938,8.0,0.00039445201454068473,2.2846053282175473e-05,17.26565239381792,17.26565239381792,0.008812426863968933,0.8610231272858537,-1.0581836307199666e-06,-0.00366467887033284,0.00028875207573750067,7.0,115.0
4666008-r5,4666008,K03872.01,5,0,official_kepler_false_positive,,centroid_offset,0.5620159963231451,4.0,7.777497814481707e-05,4.534448778014413e-06,17.15202485513,17.15202485513,0.296551464294688,0.6216741830805075,-9.126478144327876e-06,-0.033435496998321684,0.0002729577533956198,516.0,4131.0
4059887-r1,4059887,K04887.01,1,0,official_kepler_false_positive,,centroid_offset,6.092643967553076,8.0,3.957624814615815e-05,4.4761490485997724e-06,8.841584075163533,8.841584075163533,0.05471078485933693,0.02168452699848408,-1.327348992430366e-05,-0.09878995143033356,0.00013436072932644465,37.0,577.0
4059887-r2,4059887,K04887.01,2,0,official_kepler_false_positive,,centroid_offset,11.93778298025646,8.0,5.3314852817988264e-05,6.186312446238181e-06,8.618195941656383,8.618195941656383,0.027922549260999574,0.2150933687000611,-2.541835729674702e-06,-0.01881355544540672,0.00013510661166894343,18.0,293.0
4059887-r3,4059887,K04887.01,3,0,official_kepler_false_positive,,centroid_offset,14.151335937385483,8.0,6.0162468636997424e-05,7.141956000210187e-06,8.423808356594026,8.423808356594026,0.023554902152575004,0.0719934570668144,-2.586809886673258e-05,-0.1923989453276631,0.00013445031532100226,14.0,218.0
4059887-r4,4059887,K04887.01,4,0,official_kepler_false_positive,,centroid_offset,19.437456988328314,8.0,6.929214928167018e-05,8.244632068288613e-06,8.404516867185508,8.404516867185508,0.017149019726885636,0.13404711870132655,3.782236433602648e-06,0.02799449542409685,0.00013510643347216785,11.0,163.0
4059887-r5,4059887,K04887.01,5,0,official_kepler_false_positive,,centroid_offset,27.99275467647892,8.0,7.901906675912493e-05,9.477147987532616e-06,8.337852997871948,8.337852997871948,0.011907843196776152,0.22256870641439877,3.1112531762689244e-05,0.23081231197307114,0.00013479580658729825,8.0,122.0
9964748-r1,9964748,K02496.01,1,0,official_kepler_false_positive,,centroid_offset,1.183972737313185,2.0,8.660202567217505e-05,8.658468807345652e-06,10.002002386230672,10.002002386230672,0.07038450355068435,0.001028777938999304,4.5432063622286023e-07,0.001636077030808115,0.00027768902543571285,244.0,971.0
9964748-r2,9964748,K02496.01,2,0,official_kepler_false_positive,,centroid_offset,2.3678208089031134,2.0,9.375737414496924e-05,1.1986751032715565e-05,7.821750354960762,7.821750354960762,0.03519410464676897,0.14698677909096083,8.357975791528638e-05,0.30044948667942223,0.00027818239544694404,123.0,489.0
9964748-r3,9964748,K02496.01,3,0,official_kepler_false_positive,,centroid_offset,4.735143033664541,2.0,0.00011207892861464005,1.680074131281142e-05,6.671070432420393,6.671070432420393,0.017598905194811276,0.03661899423625896,7.406338017934555e-05,0.26490456781542093,0.0002795851381126471,61.0,244.0
9964748-r4,9964748,K02496.01,4,0,official_kepler_false_positive,,centroid_offset,0.592001953102716,2.0,3.920052838553418e-05,6.346263099008577e-06,6.176946617869995,6.176946617869995,0.1407653013585151,0.28109315266335844,-8.824718719324665e-06,-0.03207898106275449,0.0002750934857332692,488.0,1957.0
9964748-r5,9964748,K02496.01,5,0,official_kepler_false_positive,,centroid_offset,44.29697050390038,8.0,0.00016154156233696694,2.6267353354792723e-05,6.149898703345847,6.149898703345847,0.007524969078957285,0.3131180752031061,-8.75015214463204e-06,-0.03133962168541062,0.00027920414076681256,6.0,97.0
10661771-r1,10661771,K01291.01,1,0,official_kepler_false_positive,,centroid_offset,0.6157003871201455,4.0,0.0005146978813297077,5.433012637393091e-06,94.73526304490134,94.73526304490134,0.27069443215104544,0.5888834995246752,-7.503710844636302e-05,-0.16100509604601007,0.00032819044171528833,470.0,3760.0
10661771-r2,10661771,K01291.01,2,0,official_kepler_false_positive,,centroid_offset,1.2308792175599452,4.0,0.0005287013977011485,7.058726059587191e-06,74.90039891590128,74.90039891590128,0.13540456633678585,0.04480900774741941,0.00031789349083677365,0.5563206889699469,0.00034542537040737546,234.0,1879.0
10661771-r3,10661771,K01291.01,3,0,official_kepler_false_positive,,centroid_offset,1.8470000039657966,4.0,0.000427846647113934,8.43260274292363e-06,50.73719943382477,50.73719943382477,0.09023641922512582,0.6708127686011616,-0.0001441699834807686,-0.34336760674334266,0.0003875065268231338,157.0,1252.0
10661771-r4,10661771,K01291.01,4,0,official_kepler_false_positive,,centroid_offset,2.461623672819605,4.0,0.0004899208354534647,9.702203640560606e-06,50.495831009495944,50.495831009495944,0.0677059895494759,0.0954595927162008,0.0004821043900439248,0.9516351011278881,0.00037203239936622645,114.0,921.0
10661771-r5,10661771,K01291.01,5,0,official_kepler_false_positive,,centroid_offset,8.004647201524993,4.0,0.0004292197615423443,1.6354439273066496e-05,26.24484730877995,26.24484730877995,0.020821238272052067,0.6697721107818049,-8.472216131605315e-05,-0.20791392505330172,0.0003991033911871452,38.0,309.0
7700590-r1,7700590,K03750.01,1,0,official_kepler_false_positive,,centroid_offset,1.5075411002399386,4.0,0.008727394085161697,7.08162937138503e-06,1232.3991594966494,1232.3991594966494,0.11055530535130363,0.02902250825557509,0.002814660060294849,0.38621148801886435,0.0005295331921391634,234.0,1898.0
7700590-r2,7700590,K03750.01,2,0,official_kepler_false_positive,,centroid_offset,0.7536823868948679,4.0,0.006579200753864253,5.3542295005369894e-06,1228.7857203738479,1228.7857203738479,0.22113647547652618,1.1635308447699957,-0.0005050327528821619,-0.12211238577105112,0.0004816122224141121,472.0,3806.0
7700590-r3,7700590,K03750.01,3,0,official_kepler_false_positive,,centroid_offset,3.0157877538514946,4.0,0.007183575451518825,9.627506766407525e-06,746.1511714106387,746.1511714106387,0.055264720288692365,0.11981150842374907,0.0035900155708035175,0.9646035625233523,0.000640598373614807,119.0,968.0
7700590-r4,7700590,K03750.01,4,0,official_kepler_false_positive,,centroid_offset,2.261576201920673,4.0,0.004991786586544039,8.481826399008223e-06,588.5273232104499,588.5273232104499,0.07369491530956279,1.0416656007084273,-0.0004890769190115662,-0.15927094789514046,0.0006817112657943219,159.0,1273.0
7700590-r5,7700590,K03750.01,5,0,official_kepler_false_positive,,centroid_offset,0.5022978599003166,2.0,0.0032710676727744576,5.980198679955391e-06,546.9831100659783,546.9831100659783,0.16590421736989128,0.013584226176219263,-7.038968077499597e-05,-0.09840250034531486,0.0007153241079035992,707.0,2848.0
10034146-r1,10034146,K04835.01,1,0,official_kepler_false_positive,,centroid_offset,0.9318474784061717,2.0,0.00017053804252277352,8.777263582253372e-06,19.42952275781965,19.42952275781965,0.08942808266849242,0.11253078520262018,0.0001107874681712806,0.3305159780488884,0.0003351954989446635,311.0,1247.0
10034146-r2,10034146,K04835.01,2,0,official_kepler_false_positive,,centroid_offset,0.699102531541956,2.0,0.00014471026343592004,7.748276326861083e-06,18.67644587406498,18.67644587406498,0.11920044567644675,0.11424149390652245,-5.4167909598001884e-05,-0.1585508217665903,0.0003416438274772544,411.0,1654.0
10034146-r3,10034146,K04835.01,3,0,official_kepler_false_positive,,centroid_offset,1.3981615953172672,2.0,0.00018519974832130565,1.0623432735682367e-05,17.433136061496402,17.433136061496402,0.05960207576322645,0.09005639847584589,8.338361885529277e-05,0.24529481189747349,0.00033993225625230446,205.0,825.0
10034146-r4,10034146,K04835.01,4,0,official_kepler_false_positive,,centroid_offset,2.5631634509161243,1.0,0.00024900806894219163,1.9867510999683575e-05,12.53343053119022,12.53343053119022,0.016255953810426795,0.19352678917913238,-6.448385995638795e-05,-0.1876657144282189,0.00034361023350939617,114.0,226.0
10034146-r5,10034146,K04835.01,5,0,official_kepler_false_positive,,centroid_offset,5.125742647175706,1.0,0.00032233499648596614,2.8096088865541553e-05,11.47259314378429,11.47259314378429,0.008128903367714936,0.20032554354966906,0.00019322669496557587,0.561605043148004,0.00034406153812734444,55.0,112.0
8560940-r1,8560940,K03450.01,1,0,official_kepler_false_positive,,centroid_offset,5.411426129574188,2.0,9.731598446880067e-05,1.5965245572571505e-05,6.0954893569561355,6.0954893569561355,0.01539951416464972,0.040528318354566356,1.1361358167927271e-05,0.044098342131556875,0.00025763685478318824,54.0,219.0
8560940-r2,8560940,K03450.01,2,0,official_kepler_false_positive,,centroid_offset,16.003585584943604,4.0,0.00011799120459681268,1.9431245373694125e-05,6.072240987525601,6.072240987525601,0.010414332824480845,0.4542683540150171,2.275289574538153e-05,0.08839194910211298,0.000257409141630045,18.0,148.0
8560940-r3,8560940,K03450.01,3,0,official_kepler_false_positive,,centroid_offset,1.6829217667666674,8.0,2.8736438055008965e-05,4.938414704398784e-06,5.818960086404371,5.818960086404371,0.19806822866980547,0.08563905608868923,-6.750702062463532e-06,-0.02616693124147252,0.0002579860053197297,176.0,2825.0
8560940-r4,8560940,K03450.01,4,0,official_kepler_false_positive,,centroid_offset,4.003032379504991,8.0,4.014253117656619e-05,7.167476815519014e-06,5.600650299928367,5.600650299928367,0.08327020661635337,0.06957014373296931,-2.172303656711172e-05,-0.08419980475880018,0.00025799390662887883,73.0,1170.0
8560940-r5,8560940,K03450.01,5,0,official_kepler_false_positive,,centroid_offset,36.068885734575325,8.0,0.00011120889505840896,2.081230418050879e-05,5.343420608015075,5.343420608015075,0.009241575572538489,0.017108830189433582,-4.37041376217806e-05,-0.1698294350958283,0.0002573413589765521,8.0,127.0
10549562-r1,10549562,K01294.01,1,0,official_kepler_false_positive,,centroid_offset,9.08085984494573,8.0,0.0003858566510474634,1.0067691102015698e-05,38.32623062602798,38.32623062602798,0.03670724347968674,0.23058921250896453,0.0001023219502573891,0.3939243292060192,0.0002597502684427383,33.0,525.0
10549562-r2,10549562,K01294.01,2,0,official_kepler_false_positive,,centroid_offset,4.541346961039232,4.0,0.0003696582035484552,9.978471967002256e-06,37.04557218488718,37.04557218488718,0.036699831150652056,1.357144628363822,1.1781295674362369e-05,0.04539400447843827,0.0002595341787913506,66.0,534.0
10549562-r3,10549562,K01294.01,3,0,official_kepler_false_positive,,centroid_offset,1.5154631354335706,4.0,0.00016950732428471955,6.072029002386935e-06,27.916092663273783,27.916092663273783,0.1099773810195546,0.37162712760988464,-1.242177785520937e-06,-0.004822876373428478,0.00025755953280591764,195.0,1559.0
10549562-r4,10549562,K01294.01,4,0,official_kepler_false_positive,,centroid_offset,3.0277684819233768,4.0,0.00022833145931611254,8.345154923262342e-06,27.36096111045614,27.36096111045614,0.05504604056146076,0.00588084125438229,3.0110587582954373e-05,0.1152635460670501,0.00026123252849984943,99.0,779.0
10549562-r5,10549562,K01294.01,5,0,official_kepler_false_positive,,centroid_offset,2.2742273676352918,4.0,0.00019864666545150558,7.319591273263274e-06,27.139037964744645,27.139037964744645,0.07328496219793723,0.978786100337056,-1.2077206015259634e-05,-0.04599648035680722,0.00026256804698040933,129.0,1032.0
11044770-r1,11044770,K00170.01,1,0,official_kepler_false_positive,,centroid_offset,8.950953468279364,8.0,0.00010883837413989825,6.605363182509353e-06,16.477273260022464,16.477273260022464,0.03723998058023754,0.01537839492776399,-6.974010102744899e-07,-0.004257158695695536,0.00016381841977834661,24.0,376.0
11044770-r2,11044770,K00170.01,2,0,official_kepler_false_positive,,centroid_offset,7.7932067246659384,8.0,9.021488190576242e-05,6.118833423342614e-06,14.743804196663287,14.743804196663287,0.04277229452650275,0.5770834541630084,2.628686076366904e-06,0.016202258678113455,0.00016224195210003773,28.0,445.0
11044770-r3,11044770,K00170.01,3,0,official_kepler_false_positive,,centroid_offset,23.412840816015486,4.0,0.00020053748824392682,1.4026424855051277e-05,14.297120635962207,14.297120635962207,0.007118600770251631,1.2979655153019962,-2.4838846504726675e-05,-0.1141117244035301,0.00016365319739769477,10.0,81.0
11044770-r4,11044770,K00170.01,4,0,official_kepler_false_positive,,centroid_offset,4.491204972651618,8.0,6.780988417759911e-05,4.774655665697081e-06,14.202047000953552,14.202047000953552,0.07421913169474707,0.4158336209123705,-5.912645336736411e-05,-0.3604748006612854,0.00016402381874932047,47.0,751.0
11044770-r5,11044770,K00170.01,5,0,official_kepler_false_positive,,centroid_offset,3.908520625104566,8.0,6.236086169556917e-05,4.399336068652498e-06,14.175062037183737,14.175062037183737,0.08528375958727748,0.5108735316603772,-1.694800090956683e-05,-0.10384473274971587,0.00016320520512498696,56.0,898.0
9898364-r1,9898364,K01579.01,1,0,official_kepler_false_positive,,centroid_offset,0.6831163847994629,8.0,8.509014872957343e-05,1.916751478970326e-06,44.39289582564122,44.39289582564122,0.48795979828706254,0.04859410578255049,-2.225726301241515e-05,-0.127654386184598,0.00017435564634833185,428.0,6811.0
9898364-r2,9898364,K01579.01,2,0,official_kepler_false_positive,,centroid_offset,1.7833876643733817,2.0,0.00015229972378334776,4.569513646848685e-06,33.32952597447205,33.32952597447205,0.046727548360952505,1.2760288125788752,2.729279692248454e-06,0.01595189265967867,0.0001710944118341022,159.0,642.0
9898364-r3,9898364,K01579.01,3,0,official_kepler_false_positive,,centroid_offset,1.3661912702869947,4.0,8.338290348541297e-05,2.9361796902920813e-06,28.39843343413302,28.39843343413302,0.12199365512828604,0.03815007931884541,8.979664265795773e-05,0.5354367905334659,0.00016770727048563775,211.0,1687.0
9898364-r4,9898364,K01579.01,4,0,official_kepler_false_positive,,centroid_offset,7.123677820217003,8.0,0.00012809113985182607,4.536149889703921e-06,28.237854340432012,28.237854340432012,0.04679230893729263,0.23174305227862088,9.393081389585944e-06,0.05447450818174479,0.0001724307699712965,41.0,651.0
9898364-r5,9898364,K01579.01,5,0,official_kepler_false_positive,,centroid_offset,1.1885017204019377,2.0,0.00010126654675139205,3.778344243220472e-06,26.80183176350218,26.80183176350218,0.070116291716558,0.5418253206628165,7.1100592988759814e-06,0.04127399581730596,0.00017226486454928537,240.0,962.0
3097346-r1,3097346,K00264.01,1,0,official_kepler_false_positive,,centroid_offset,4.032387638684723,4.0,5.1073055211974014e-05,2.3780865888523504e-06,21.4765330460997,21.4765330460997,0.04133200515440269,0.1107120908991349,1.4901223377439266e-06,0.024830765631148007,6.001113134726299e-05,53.0,412.0
3097346-r2,3097346,K00264.01,2,0,official_kepler_false_positive,,centroid_offset,2.0158229457179146,4.0,2.755699113131514e-05,1.6983491704373512e-06,16.22575122418365,16.22575122418365,0.08267921893671572,0.867015431898366,-3.9826403264164867e-07,-0.00660116345700717,6.033239977096602e-05,106.0,846.0
3097346-r3,3097346,K00264.01,3,0,official_kepler_false_positive,,centroid_offset,1.3437995676634167,4.0,1.975934187956392e-05,1.409066447263176e-06,14.023002192652028,14.023002192652028,0.12402643271902875,0.015852806189486843,2.4869655936843316e-06,0.04154993175563087,5.985486590714548e-05,161.0,1289.0
3097346-r4,3097346,K00264.01,4,0,official_kepler_false_positive,,centroid_offset,1.0078187800334584,4.0,1.6698178314309663e-05,1.2557403803851235e-06,13.297476592405584,13.297476592405584,0.16537364650134176,0.4705646329519413,-1.261894022164256e-06,-0.021096245723987075,5.981604683005015e-05,214.0,1701.0
3097346-r5,3097346,K00264.01,5,0,official_kepler_false_positive,,centroid_offset,8.067743904578847,4.0,4.423362409294891e-05,3.3888150135992985e-06,13.052829356409125,13.052829356409125,0.020658398263246183,0.29043824267234086,4.242795227260565e-05,0.7070491130521124,6.000707940846896e-05,25.0,198.0
5900390-r1,5900390,K04063.01,1,0,official_kepler_false_positive,,centroid_offset,0.6245775302172037,2.0,4.9909150720760884e-05,2.805370080187922e-06,17.79057639247997,17.79057639247997,0.13342352118295583,0.045515016365960115,2.2584781977474933e-05,0.1972209569069581,0.0001145151221841482,342.0,1374.0
5900390-r2,5900390,K04063.01,2,0,official_kepler_false_positive,,centroid_offset,1.8739458430841571,2.0,5.1411400325813975e-05,4.664391350307483e-06,11.022102663496463,11.022102663496463,0.044469445923892105,0.15237955761559177,9.472028317580872e-06,0.0822352551118055,0.00011518208710732253,113.0,451.0
5900390-r3,5900390,K04063.01,3,0,official_kepler_false_positive,,centroid_offset,45.983243620003606,8.0,0.00013763259610733884,1.2521197825857964e-05,10.991967224023004,10.991967224023004,0.0072490174048602096,1.1258036622932783,2.1546474314071418e-05,0.18684579555361386,0.00011531688069421308,4.0,66.0
5900390-r4,5900390,K04063.01,4,0,official_kepler_false_positive,,centroid_offset,1.2499081101769705,2.0,4.049801807282525e-05,3.849090192857928e-06,10.521452094827557,10.521452094827557,0.06667156781752094,0.03025732585524454,4.441359043394488e-05,0.38596057503049164,0.0001150728683374879,169.0,677.0
5900390-r5,5900390,K04063.01,5,0,official_kepler_false_positive,,centroid_offset,37.05321850922403,8.0,9.486910471235644e-05,9.292987368767937e-06,10.208676817015213,10.208676817015213,0.00899606961944084,0.23432098182444488,8.674915930262372e-06,0.07524120413387776,0.00011529475146127339,7.0,114.0
3121340-r1,3121340,K03945.01,1,0,official_kepler_false_positive,,centroid_offset,3.5344127745410723,8.0,0.00032818718166364893,5.516210815436092e-06,59.49503973729177,59.49503973729177,0.0943108104787266,0.01954797028594653,7.751508648934369e-05,0.10230663367048129,0.0007576740990130853,61.0,966.0
3121340-r2,3121340,K03945.01,2,0,official_kepler_false_positive,,centroid_offset,33.77371283002118,8.0,0.0009878654903900854,1.664174188916586e-05,59.360702561623526,59.360702561623526,0.009869608799333308,0.3905439654606111,0.00027731487570537006,0.26759321725303653,0.000757165421752927,6.0,96.0
3121340-r3,3121340,K03945.01,3,0,official_kepler_false_positive,,centroid_offset,6.621225159472474,8.0,0.00041839984640926827,7.219149183088601e-06,57.9569469750537,57.9569469750537,0.05034315029393905,0.11444672474749432,5.46042776010669e-05,0.0715489554787709,0.000763173651322812,33.0,534.0
3121340-r4,3121340,K03945.01,4,0,official_kepler_false_positive,,centroid_offset,19.4374535762919,8.0,0.0007259967838978568,1.2654173024500746e-05,57.372124001481325,57.372124001481325,0.01714902273721204,0.6032987623413788,-0.00010705844928682318,-0.140723647368519,0.0007607708532913779,11.0,173.0
3121340-r5,3121340,K03945.01,5,0,official_kepler_false_positive,,centroid_offset,26.079615819622646,8.0,0.0007719855307669816,1.4417974021107794e-05,53.543273807873504,53.543273807873504,0.0127813743744848,0.2348227057012206,-0.00017840641731070583,-0.236150679284468,0.0007554770447888349,8.0,128.0
4753561-r1,4753561,K05996.01,1,0,official_kepler_false_positive,,centroid_offset,4.946209028006105,2.0,0.0008939830493821923,2.0702542469684938e-05,43.18228307905978,43.18228307905978,0.01684791986377622,0.03896240997801556,1.3341043341053016e-05,0.015664162162791137,0.00041259090416905604,58.0,231.0
4753561-r2,4753561,K05996.01,2,0,official_kepler_false_positive,,centroid_offset,9.890244554345315,2.0,0.0010335278983268435,2.92046401974586e-05,35.38916731515773,35.38916731515773,0.008425811199655374,0.0312657887682488,0.0008970185476641079,0.9517863992820056,0.0004108496222586075,29.0,115.0
4753561-r3,4753561,K05996.01,3,0,official_kepler_false_positive,,centroid_offset,2.473376291281279,8.0,0.0002155323216951133,7.719338171648114e-06,27.921088168766694,27.921088168766694,0.13476854876807168,0.015939890362389846,3.3512637638843934e-05,0.08238833483585106,0.0004067643520847201,119.0,1893.0
4753561-r4,4753561,K05996.01,4,0,official_kepler_false_positive,,centroid_offset,0.5494917221022544,2.0,0.00019275835939376696,7.3626951010581545e-06,26.180407683331072,26.180407683331072,0.15165530249393985,0.009670765314473802,-2.257784764103654e-05,-0.05539679227763756,0.00040756597472071883,527.0,2120.0
4753561-r5,4753561,K05996.01,5,0,official_kepler_false_positive,,centroid_offset,0.7060919498901783,4.0,0.00013857191607409992,6.231820991266065e-06,22.236183656159138,22.236183656159138,0.23604102368337307,0.03818395832639192,1.386389642843433e-05,0.03341674225611509,0.0004148787551514633,409.0,3282.0
5456319-r1,5456319,K07728.01,1,0,official_kepler_false_positive,,centroid_offset,11.762420139314717,8.0,9.629629703468751e-05,1.1303065782225395e-05,8.519484792003775,8.519484792003775,0.028338839234215065,0.16876649545287464,-2.197628143729702e-05,-0.0858968334224083,0.00025584507090297423,25.0,387.0
5456319-r2,5456319,K07728.01,2,0,official_kepler_false_positive,,centroid_offset,5.860554156908267,8.0,6.65943285764631e-05,8.110925347642438e-06,8.210447726019293,8.210447726019293,0.05687744271425403,0.26536200536793453,-2.1321929834616782e-05,-0.08276365458627366,0.0002576243151804104,50.0,773.0
5456319-r3,5456319,K07728.01,3,0,official_kepler_false_positive,,centroid_offset,8.53221116927951,8.0,7.741841875858033e-05,9.446795843043394e-06,8.195203965965998,8.195203965965998,0.03906763753498159,0.18542497867315827,-2.5536102329359878e-05,-0.09972063966692618,0.0002560763991752582,35.0,562.0
5456319-r4,5456319,K07728.01,4,0,official_kepler_false_positive,,centroid_offset,15.68049497030731,8.0,0.00010603635252452587,1.3034290101094567e-05,8.135184325506255,8.135184325506255,0.02125783235570915,0.14792529668328663,4.341259005613551e-06,0.016998039631589808,0.0002553976281797572,18.0,290.0
5456319-r5,5456319,K07728.01,5,0,official_kepler_false_positive,,centroid_offset,33.72008191175531,8.0,0.00014733937428904094,1.8258447044524307e-05,8.069655317878084,8.069655317878084,0.009885306156896626,0.9774679471486525,2.454188473255403e-05,0.09593243918284358,0.000255824671420875,9.0,146.0
6964159-r1,6964159,K03129.01,1,0,official_kepler_false_positive,,centroid_offset,5.6888620682059665,8.0,8.74868892710512e-05,8.517535750695306e-06,10.271385038085628,10.271385038085628,0.058594026245824056,0.11115291249141648,-2.0725178148994772e-05,-0.07814075688102504,0.00026522878682312174,51.0,810.0
6964159-r2,6964159,K03129.01,2,0,official_kepler_false_positive,,centroid_offset,45.597175919825254,8.0,0.0002162571838695489,2.2217979874829403e-05,9.733431441017064,9.733431441017064,0.007310394264755394,0.02251956411489127,2.750411569607536e-07,0.001036960948859404,0.00026523771918632294,7.0,113.0
6964159-r3,6964159,K03129.01,3,0,official_kepler_false_positive,,centroid_offset,38.76938469880668,8.0,0.00020393302339289862,2.2281863836300426e-05,9.152422117429055,9.152422117429055,0.00859784946093285,0.6931080269859462,-5.3111233848657236e-05,-0.20012965930172955,0.00026538412164377396,7.0,113.0
6964159-r4,6964159,K03129.01,4,0,official_kepler_false_positive,,centroid_offset,11.333355004552507,8.0,0.00010447191577461109,1.1897572402911909e-05,8.780943896507978,8.780943896507978,0.029411708465801725,0.0937524153370217,5.351817867427222e-05,0.2023106775536162,0.0002645346223018253,26.0,403.0
6964159-r5,6964159,K03129.01,5,0,official_kepler_false_positive,,centroid_offset,33.72008702772485,8.0,0.00017634192612434111,2.0430372118610027e-05,8.631361440730258,8.631361440730258,0.009885304657110306,0.3765369590735906,2.4610019470183708e-05,0.09257323303805365,0.0002658437937461618,9.0,134.0
4466356-r1,4466356,K03295.01,1,0,official_kepler_false_positive,,centroid_offset,16.691385488617403,8.0,8.161331164447453e-05,1.285310777165446e-05,6.3496948048984745,6.3496948048984745,0.019970381341959186,0.09822565415792378,1.9429225656120153e-06,0.008136983587974959,0.0002387767585623886,18.0,292.0
4466356-r2,4466356,K03295.01,2,0,official_kepler_false_positive,,centroid_offset,4.868698474007642,8.0,4.532469232755713e-05,7.2114755488551926e-06,6.285078833104043,6.285078833104043,0.06846456709383192,0.08538787832597841,-1.9775273338185073e-05,-0.08281185609222476,0.0002387976102861651,60.0,967.0
4466356-r3,4466356,K03295.01,3,0,official_kepler_false_positive,,centroid_offset,5.794965989877309,8.0,4.859885177517812e-05,7.856112538623154e-06,6.186119602570694,6.186119602570694,0.05752118889318807,0.00043064314168446654,1.6421564963398083e-05,0.06831793659804836,0.00024036974447889283,51.0,803.0
4466356-r4,4466356,K03295.01,4,0,official_kepler_false_positive,,centroid_offset,2.897856034024662,1.0,9.063483644960339e-05,1.559591544058379e-05,5.8114470288645474,5.8114470288645474,0.01437844605716947,0.26642451383067306,-5.91004789196603e-06,-0.024831122720525452,0.00023800969285536064,99.0,195.0
4466356-r5,4466356,K03295.01,5,0,official_kepler_false_positive,,centroid_offset,34.468265532412616,8.0,0.00010505228280239883,1.8131178505198178e-05,5.794012935909297,5.794012935909297,0.009670731270764977,0.14222318788631713,8.502670782339905e-06,0.03557381283006171,0.00023901488499300554,9.0,143.0
6525280-r1,6525280,K04277.01,1,0,official_kepler_false_positive,,centroid_offset,38.29261283622993,8.0,0.00021410769771689132,1.4915674313040246e-05,14.354543631306333,14.354543631306333,0.008704899160549198,1.0599245162306272,-1.811242392202317e-05,-0.1364917112628957,0.00013269980832123176,5.0,75.0
6525280-r2,6525280,K04277.01,2,0,official_kepler_false_positive,,centroid_offset,41.03803062457601,8.0,0.0002057089355076952,1.4417823895541762e-05,14.267682626592764,14.267682626592764,0.008122547019439902,0.9206752492214286,-3.035785389471357e-05,-0.22888278822076658,0.00013263493568346524,5.0,80.0
6525280-r3,6525280,K04277.01,3,0,official_kepler_false_positive,,centroid_offset,19.43747344623732,8.0,0.00012773299244019364,9.633183374868225e-06,13.25968659264113,13.25968659264113,0.01714900520663397,0.13923103171141415,-2.2200303395614185e-07,-0.0016760063627334263,0.00013245954125977986,10.0,164.0
6525280-r4,6525280,K04277.01,4,0,official_kepler_false_positive,,centroid_offset,32.80588195977278,8.0,0.0001743643285140043,1.3190564456768797e-05,13.21886785705584,13.21886785705584,0.010160779513322433,0.7133558460998113,1.6013598441833032e-05,0.12053662405453737,0.00013285255471057165,7.0,93.0
6525280-r5,6525280,K04277.01,5,0,official_kepler_false_positive,,centroid_offset,45.9832347207831,8.0,0.00018819270739626036,1.4361250842538036e-05,13.104200285871578,13.104200285871578,0.007249018807775961,0.9311698964764289,-1.3965705768059777e-05,-0.10513570455372888,0.00013283504236111053,5.0,81.0
5128966-r1,5128966,K08098.01,1,0,official_kepler_false_positive,,centroid_offset,0.5053398096285306,2.0,0.034780725207141754,7.133778392042616e-06,4875.498409922288,4875.498409922288,0.1649055383041971,0.008152094744356162,0.018244370197673887,0.588788452834623,0.00882171389147591,698.0,2816.0
5128966-r2,5128966,K08098.01,2,0,official_kepler_false_positive,,centroid_offset,1.0104807029914948,2.0,0.029607730972516167,9.610752153357553e-06,3080.6882229475236,3080.6882229475236,0.08246900023585581,0.0142052321878967,0.027794526126850738,1.0057533490181105,0.012343140735096476,349.0,1415.0
5128966-r3,5128966,K08098.01,3,0,official_kepler_false_positive,,centroid_offset,0.7580394383404234,2.0,0.022918847647342658,8.48244934931802e-06,2701.9138816532172,2701.9138816532172,0.10993271473549593,0.7196992716779191,-0.011124347898581188,-0.6402996849549112,0.014268124287633046,467.0,1880.0
5128966-r4,5128966,K08098.01,4,0,official_kepler_false_positive,,centroid_offset,1.5162572480434782,2.0,0.02809204354333318,1.1623308610755659e-05,2416.8715194689175,2416.8715194689175,0.05495989116679479,0.03332500754714257,0.013051013697763403,0.510423392674592,0.014037048588564523,232.0,943.0
5128966-r5,5128966,K08098.01,5,0,official_kepler_false_positive,,centroid_offset,2.5261007158441706,2.0,0.027497437827920832,1.4740245904835412e-05,1865.4666961085454,1865.4666961085454,0.032988919567082685,0.015090913535286651,0.012353630287689654,0.48941654345042435,0.014745341895291504,142.0,572.0
6233573-r1,6233573,K02725.01,1,0,official_kepler_false_positive,,centroid_offset,0.5875231475949443,2.0,0.0001369945129056342,4.173811813391132e-06,32.822398093298105,32.822398093298105,0.1418383831759864,0.031353674207958114,1.5015311068733439e-05,0.04713538189468627,0.0003185571107131767,491.0,1974.0
6233573-r2,6233573,K02725.01,2,0,official_kepler_false_positive,,centroid_offset,36.06887763692548,8.0,0.0003842164202895987,1.4917892609314795e-05,25.75540864597003,25.75540864597003,0.009241577647320072,0.08350182877365096,-8.820250033392263e-05,-0.23653412544314617,0.00032113316180926345,9.0,134.0
6233573-r3,6233573,K02725.01,3,0,official_kepler_false_positive,,centroid_offset,15.071954039472628,8.0,0.00023873100712565036,9.591884072368999e-06,24.888854507046673,24.888854507046673,0.0221161325505871,0.41669234857411536,1.1624768380014139e-05,0.03626067100080703,0.00032058889312212163,21.0,328.0
6233573-r4,6233573,K02725.01,4,0,official_kepler_false_positive,,centroid_offset,1.1750156161550391,2.0,0.0001391445128067487,5.705024576335407e-06,24.38981829875437,24.38981829875437,0.07092104325049055,0.17111218337948378,0.0001400212218085617,0.44051797660077857,0.0003178558634292842,246.0,975.0
6233573-r5,6233573,K02725.01,5,0,official_kepler_false_positive,,centroid_offset,12.035820668714855,8.0,0.00020762138290262864,8.61585015693617e-06,24.09760837535963,24.09760837535963,0.027695106342002812,0.05466460056281099,1.8740962473673406e-05,0.057755165549570164,0.0003244898061557523,26.0,409.0
2708420-r1,2708420,K04003.01,1,0,official_kepler_false_positive,,centroid_offset,1.8919849161886237,4.0,4.707531493251268e-05,5.7541282863224705e-06,8.181137539879051,8.181137539879051,0.08809090666664206,0.09120081901109424,-1.0408299931041753e-05,-0.04923373152228794,0.00021140587173104993,153.0,1220.0
2708420-r2,2708420,K04003.01,2,0,official_kepler_false_positive,,centroid_offset,38.769373782393906,8.0,0.00012323627092650428,1.8277388927453423e-05,6.742553403861648,6.742553403861648,0.008597851881855979,0.20734697187675064,1.3787310571222733e-05,0.0651973206069987,0.00021147050895436206,7.0,112.0
2708420-r3,2708420,K04003.01,3,0,official_kepler_false_positive,,centroid_offset,40.80616856705723,8.0,0.00012896553143843648,1.944934273185181e-05,6.630842657075097,6.630842657075097,0.008168699611813908,0.42259660515242076,6.928555837726336e-06,0.03272534692712973,0.00021171833115029483,7.0,100.0
2708420-r4,2708420,K04003.01,4,0,official_kepler_false_positive,,centroid_offset,3.779049640693949,4.0,5.244352137114799e-05,8.001616180845471e-06,6.5541160917826815,6.5541160917826815,0.04410279898732994,0.12448967147568617,1.1516411551726335e-05,0.054027746408116716,0.00021315735556936348,75.0,602.0
2708420-r5,2708420,K04003.01,5,0,official_kepler_false_positive,,centroid_offset,31.65848218227618,8.0,9.30031102133089e-05,1.5648352919631693e-05,5.943316251298981,5.943316251298981,0.010529037097045292,0.33213553753143676,-1.4637366683833974e-05,-0.06904852110057812,0.00021198667908488227,10.0,153.0
3962872-r1,3962872,K04539.01,1,0,official_kepler_false_positive,,centroid_offset,2.20952802599806,4.0,4.5788679040050794e-05,6.970928204367053e-06,6.56851967165086,6.56851967165086,0.07543089053662586,0.11648849477637485,-2.4044607464857037e-05,-0.09894249410312328,0.0002430159829991392,133.0,1060.0
3962872-r2,3962872,K04539.01,2,0,official_kepler_false_positive,,centroid_offset,3.637469917036354,8.0,3.985544158307205e-05,6.505644466066508e-06,6.126286456469969,6.126286456469969,0.09163878765626143,0.10227130800485904,1.3695181130257694e-05,0.05588193717614114,0.0002450734856791054,79.0,1236.0
3962872-r3,3962872,K04539.01,3,0,official_kepler_false_positive,,centroid_offset,25.437625293758668,4.0,0.0001424643242036922,2.427419835385196e-05,5.868961031254209,5.868961031254209,0.0065519742799088915,0.49040470862773283,-4.054360480654218e-05,-0.16639016615884905,0.00024366587126210384,10.0,81.0
3962872-r4,3962872,K04539.01,4,0,official_kepler_false_positive,,centroid_offset,1.993983411849087,8.0,2.863858498776089e-05,4.97254960066615e-06,5.759336213343012,5.759336213343012,0.16716956186923454,0.08086125690854937,-6.598696115078795e-06,-0.027610124299505084,0.0002389955236527884,146.0,2307.0
3962872-r5,3962872,K04539.01,5,0,official_kepler_false_positive,,centroid_offset,5.092128731265258,2.0,8.497728006057501e-05,1.4830271173462307e-05,5.72998828319712,5.72998828319712,0.01636512698936172,0.0819884540413037,-2.605295768209892e-05,-0.10681045671285332,0.00024391766952311673,56.0,219.0
2573056-r1,2573056,K02648.01,1,0,official_kepler_false_positive,,centroid_offset,0.6317228703413753,1.0,0.00011433364084066002,1.0358840823747143e-05,11.037300677364948,11.037300677364948,0.06595719202654561,0.13454552500808833,2.6098018517384247e-06,0.00792518063100601,0.00032930503079361875,458.0,915.0
2573056-r2,2573056,K02648.01,2,0,official_kepler_false_positive,,centroid_offset,1.2639242592731146,2.0,8.878988823796646e-05,1.0362969306357666e-05,8.56799683691951,8.56799683691951,0.0659322207972007,0.02560955892783374,2.9907952542873595e-05,0.09112206940099812,0.00032821853958626176,229.0,915.0
2573056-r3,2573056,K02648.01,3,0,official_kepler_false_positive,,centroid_offset,15.370193522430897,2.0,0.00019490176287962756,3.383567979940409e-05,5.760243743737643,5.760243743737643,0.0054217491283840135,0.22437312116840663,-5.533559769310692e-05,-0.16753761071102677,0.0003302876139767279,20.0,81.0
2573056-r4,2573056,K02648.01,4,0,official_kepler_false_positive,,centroid_offset,0.6792318582977744,1.0,5.7274660179589314e-05,1.0689279089369381e-05,5.358140591216265,5.358140591216265,0.06134380500215001,0.0598476387314165,8.962253643884921e-06,0.027120224648188557,0.0003304638423960672,426.0,856.0
2573056-r5,2573056,K02648.01,5,0,official_kepler_false_positive,,centroid_offset,0.6236078274300628,1.0,5.500917430010165e-05,1.0311126824941218e-05,5.334933342788677,5.334933342788677,0.06681549658922387,0.020252213395146067,1.5234080627202218e-05,0.04626983692420717,0.00032924431205920554,462.0,925.0
9162741-r1,9162741,K00703.01,1,0,official_kepler_false_positive,,centroid_offset,0.6843140407094971,2.0,5.630570185823905e-05,3.108880502094471e-06,18.11124673988131,18.11124673988131,0.1217764482034203,0.5523610167110526,-1.4871472400423968e-05,-0.0931189456320155,0.00015970404625491124,313.0,1258.0
9162741-r2,9162741,K00703.01,2,0,official_kepler_false_positive,,centroid_offset,2.7134336148541385,8.0,5.290070557844273e-05,3.068117362199619e-06,17.242073667128803,17.242073667128803,0.12284558262585384,0.1540204393238229,-2.160348474955498e-05,-0.1368005927338256,0.00015791952591601057,82.0,1300.0
9162741-r3,9162741,K00703.01,3,0,official_kepler_false_positive,,centroid_offset,4.936641466543328,8.0,6.91054312098595e-05,4.026960678558345e-06,17.160691828408737,17.160691828408737,0.06752228931195518,0.0801382380741397,-4.148187830743666e-05,-0.2633803439222046,0.00015749800341854393,45.0,704.0
9162741-r4,9162741,K00703.01,4,0,official_kepler_false_positive,,centroid_offset,5.206040513671295,8.0,7.339825852322731e-05,4.3447297716688636e-06,16.893630301668715,16.893630301668715,0.06402818657634052,0.1039724619229891,-2.9362490287399012e-05,-0.1843505649136331,0.0001592752932498749,39.0,602.0
9162741-r5,9162741,K00703.01,5,0,official_kepler_false_positive,,centroid_offset,1.3678956673660814,4.0,5.189783980546421e-05,3.1009295914443104e-06,16.7362199866305,16.7362199866305,0.1218416511162636,0.010046189085295544,1.3909506679343764e-05,0.08705602218122949,0.00015977650173801361,159.0,1266.0
4376629-r1,4376629,K03378.01,1,0,official_kepler_false_positive,,centroid_offset,27.706047750680877,8.0,0.00012146928054470505,1.3267453660508533e-05,9.155432809708357,9.155432809708357,0.01203106759697047,0.35821558066824344,-1.234965776752972e-06,-0.006277328604111459,0.00019673428852268575,11.0,179.0
4376629-r2,4376629,K03378.01,2,0,official_kepler_false_positive,,centroid_offset,3.972318971687128,8.0,4.173337594349975e-05,5.384654676709212e-06,7.750427548123618,7.750427548123618,0.08391404006304146,0.06448447319325028,-1.9631037839085153e-05,-0.10015719721495865,0.00019600226828385352,73.0,1166.0
4376629-r3,4376629,K03378.01,3,0,official_kepler_false_positive,,centroid_offset,3.6893022590278473,8.0,3.986913343868562e-05,5.2167322458960435e-06,7.642549312368928,7.642549312368928,0.09035132117940604,0.1464802516249704,-1.1788648708099814e-05,-0.05965404747090069,0.00019761691298231406,79.0,1247.0
4376629-r4,4376629,K03378.01,4,0,official_kepler_false_positive,,centroid_offset,3.7426326995522925,8.0,3.965906257676714e-05,5.203692230651498e-06,7.621331319935088,7.621331319935088,0.08906386495613312,0.23092271825138677,-2.66209143189311e-05,-0.13457282509962662,0.00019781790490927995,79.0,1254.0
4376629-r5,4376629,K03378.01,5,0,official_kepler_false_positive,,centroid_offset,3.5380562407308807,8.0,3.91279478158897e-05,5.167014738926936e-06,7.572641030247115,7.572641030247115,0.09421368984922476,0.014747476304077165,-1.581779219494983e-05,-0.08054892171241436,0.00019637497136739402,80.0,1270.0
2570767-r1,2570767,K06280.01,1,0,official_kepler_false_positive,,centroid_offset,4.421779971859241,8.0,3.256520534630124e-05,3.6840714829006956e-06,8.839460769816728,8.839460769816728,0.07538442334415285,0.3041545253165346,-9.125747694405106e-06,-0.07302114218088998,0.00012497404754089649,49.0,771.0
2570767-r2,2570767,K06280.01,2,0,official_kepler_false_positive,,centroid_offset,8.301783608449135,8.0,4.3160604866769424e-05,4.985414899102166e-06,8.657374710085275,8.657374710085275,0.04015201420018748,0.1832156801530178,-9.085552107546135e-06,-0.07241802215409925,0.00012545982115077476,25.0,405.0
2570767-r3,2570767,K06280.01,3,0,official_kepler_false_positive,,centroid_offset,20.12070516559622,8.0,6.409783740739639e-05,7.511988114249835e-06,8.532739460251044,8.532739460251044,0.016566682459185866,0.20442853773815547,9.933928354133315e-06,0.07925775260191827,0.0001253369926350004,11.0,175.0
2570767-r4,2570767,K06280.01,4,0,official_kepler_false_positive,,centroid_offset,2.7725637095860916,8.0,2.482385686359098e-05,2.953678159964979e-06,8.404387857844778,8.404387857844778,0.12022567134556332,0.04631906288287405,-8.216303681862769e-07,-0.006577429681513645,0.00012491663278370427,79.0,1263.0
2570767-r5,2570767,K06280.01,5,0,official_kepler_false_positive,,centroid_offset,16.616148855098587,8.0,5.5610161495419215e-05,6.846145030150438e-06,8.12284303801803,8.12284303801803,0.020060805680074994,0.04333474530275515,2.5498916417343587e-05,0.20326261935556436,0.00012544813452757244,13.0,210.0
10601538-r1,10601538,K07348.01,1,0,official_kepler_false_positive,,centroid_offset,21.85837086539782,8.0,5.516674685575577e-05,6.7708288369771826e-06,8.147709561712212,8.147709561712212,0.01524968788323588,0.059350231518475786,1.4236242269372035e-05,0.12053921013134641,0.00011810465867379927,15.0,244.0
10601538-r2,10601538,K07348.01,2,0,official_kepler_false_positive,,centroid_offset,10.934500505986405,8.0,3.910551609664053e-05,4.995481898790084e-06,7.828176918449443,7.828176918449443,0.03048455054264623,0.3045519383705714,-4.120518795058814e-06,-0.034859167033325006,0.00011820474055274012,28.0,454.0
10601538-r3,10601538,K07348.01,3,0,official_kepler_false_positive,,centroid_offset,6.066544544822081,8.0,3.054044550018723e-05,3.910567619686487e-06,7.809721879361258,7.809721879361258,0.054946161009868474,0.16596386596346221,-5.054390704639644e-06,-0.04276107107949572,0.0001182007507539554,48.0,760.0
10601538-r4,10601538,K07348.01,4,0,official_kepler_false_positive,,centroid_offset,1.4422979544946721,8.0,1.565143276947989e-05,2.1114873177005455e-06,7.412515641592691,7.412515641592691,0.23111267147995157,0.02953969343842422,1.4305275946036033e-06,0.012181417207459645,0.00011743523518163208,200.0,3196.0
10601538-r5,10601538,K07348.01,5,0,official_kepler_false_positive,,centroid_offset,5.838538182883358,8.0,2.742245957066876e-05,3.798404200254034e-06,7.219468525449391,7.219468525449391,0.05709191631401079,0.09781253099092034,-2.193228268332348e-06,-0.01871047925282403,0.00011721924589405249,50.0,807.0
5652983-r1,5652983,K00371.02,1,0,official_kepler_false_positive,,centroid_offset,41.038053465470284,4.0,0.00020030613917005496,1.1885232544833025e-05,16.853363063319772,16.853363063319772,0.004061271249302826,0.4822967179007921,-1.9284617679860006e-05,-0.14602379364557289,0.00013206489982493802,6.0,45.0
5652983-r2,5652983,K00371.02,2,0,official_kepler_false_positive,,centroid_offset,45.983246191722266,4.0,0.0002051899503371982,1.3045414989237118e-05,15.72889406021092,15.72889406021092,0.0036245084997211306,0.954245581109731,7.707425734215789e-05,0.5840313944831261,0.00013196937368473044,5.0,38.0
5652983-r3,5652983,K00371.02,3,0,official_kepler_false_positive,,centroid_offset,19.437510339986105,4.0,0.00012778856189220574,9.146357389340028e-06,13.97152510584616,13.97152510584616,0.008574486328313681,0.010064537059413093,3.176482533695513e-05,0.2418456722029083,0.0001313433688832127,10.0,77.0
5652983-r4,5652983,K00371.02,4,0,official_kepler_false_positive,,centroid_offset,18.201336644443366,4.0,0.00011641472690803877,8.390327902142719e-06,13.87487214633278,13.87487214633278,0.009156836661089275,0.6739897066887303,-3.647109333204668e-06,-0.02761508360812835,0.00013206946554857293,12.0,92.0
5652983-r5,5652983,K00371.02,5,0,official_kepler_false_positive,,centroid_offset,20.120778201928175,2.0,0.00016923607654222467,1.2383185220060186e-05,13.666603021334938,13.666603021334938,0.004141655580962942,0.5335615527441135,-4.4393290094868476e-05,-0.3363151309861557,0.0001319990865849444,11.0,42.0
5078879-r1,5078879,K06508.01,1,0,official_kepler_false_positive,,centroid_offset,0.5196694119846422,1.0,0.00042448925754763806,4.079968518373397e-06,104.04228749217741,104.04228749217741,0.08017917873507252,0.19302925390015732,-5.14674625806677e-06,-0.012050160289418129,0.0001442923087573247,411.0,825.0
5078879-r2,5078879,K06508.01,2,0,official_kepler_false_positive,,centroid_offset,1.0389164706335456,2.0,0.00016950037584241567,4.083606502387718e-06,41.50751933206773,41.50751933206773,0.0802117741790305,0.20356516063321523,9.312997162935766e-05,0.6185146198303059,0.00014738908226298478,204.0,823.0
5078879-r3,5078879,K06508.01,3,0,official_kepler_false_positive,,centroid_offset,2.078029922686924,2.0,0.00020558354207766302,5.622909151677985e-06,36.56177550304417,36.56177550304417,0.04010208535668344,0.1731239510035978,0.00015404963684129136,0.8331378049612045,0.00015290210962206312,103.0,416.0
5078879-r4,5078879,K06508.01,4,0,official_kepler_false_positive,,centroid_offset,0.7793457032887849,1.0,0.0001358855541185514,4.917193267393032e-06,27.634779991186797,27.634779991186797,0.05346365097136767,2.1742461105948028,-1.1837192274821717e-05,-0.07559325954461599,0.00015659057892371045,274.0,552.0
5078879-r5,5078879,K06508.01,5,0,official_kepler_false_positive,,centroid_offset,1.559864256563163,2.0,0.00013554363447851138,4.91067323601775e-06,27.601843568892974,27.601843568892974,0.05342345206174608,0.47777486410249936,-1.831122568085597e-05,-0.11743427208433346,0.0001559274422692046,137.0,552.0
6677256-r1,6677256,K01243.01,1,0,official_kepler_false_positive,,centroid_offset,1.562723759014378,2.0,0.0001166593224170271,7.416246539360618e-06,15.730237903752958,15.730237903752958,0.05332569678590687,0.5349848688412371,1.4270389797621519e-05,0.06132969971369766,0.00023268318390990434,225.0,906.0
6677256-r2,6677256,K01243.01,2,0,official_kepler_false_positive,,centroid_offset,1.0420272829352464,2.0,7.07597005803074e-05,6.171258461050301e-06,11.466008274795971,11.466008274795971,0.07997231425514588,0.0044146689153950845,4.777160928615132e-06,0.02054539614881217,0.00023251734325362825,338.0,1345.0
6677256-r3,6677256,K01243.01,3,0,official_kepler_false_positive,,centroid_offset,6.250121896334099,2.0,0.00016072345522705255,1.44033970507639e-05,11.158718645371815,11.158718645371815,0.013333073292892263,0.16818127388726045,0.00011516564472979773,0.49217396597266166,0.0002339937759653763,57.0,230.0
6677256-r4,6677256,K01243.01,4,0,official_kepler_false_positive,,centroid_offset,3.128869856048246,8.0,5.268959128847761e-05,5.363641858661592e-06,9.823473057469469,9.823473057469469,0.10653473895342275,0.003078690140163146,1.621084951997087e-05,0.06937186564737674,0.00023368046064051437,117.0,1839.0
6677256-r5,6677256,K01243.01,5,0,official_kepler_false_positive,,centroid_offset,9.379731891282896,2.0,0.0001743382748692259,1.7844674356487468e-05,9.769764994666033,9.769764994666033,0.008884404618300402,0.350500862585962,5.9653966288930604e-06,0.02547054511971899,0.00023420765440448788,37.0,150.0
6364327-r1,6364327,K01744.01,1,0,official_kepler_false_positive,,centroid_offset,5.246350820116244,8.0,0.00013523005075085525,7.064893147780654e-06,19.141131779655584,19.141131779655584,0.06353622637190466,0.11314931533323933,-1.7033680344002988e-06,-0.006979985930847987,0.00024403602690261573,68.0,1067.0
6364327-r2,6364327,K01744.01,2,0,official_kepler_false_positive,,centroid_offset,10.493825090294758,8.0,0.00014019903627795514,9.724937583961316e-06,14.416445870992115,14.416445870992115,0.03176471214882527,0.026358254420618992,0.00012071946660963118,0.4952640881316166,0.00024374766816840138,35.0,544.0
6364327-r3,6364327,K01744.01,3,0,official_kepler_false_positive,,centroid_offset,2.6230350013506083,8.0,7.400068635850718e-05,5.2010692154520105e-06,14.227975689817075,14.227975689817075,0.12707925481806343,0.5879974785923121,1.25279911966647e-05,0.0512913786609139,0.00024425140294018915,133.0,2113.0
6364327-r4,6364327,K01744.01,4,0,official_kepler_false_positive,,centroid_offset,15.742423171436451,8.0,0.00013674020074182282,1.1825669450264925e-05,11.562998722136571,11.562998722136571,0.02117420740779881,0.27775018750470054,1.9738109105604806e-05,0.0804765243047685,0.0002452654271058679,23.0,366.0
6364327-r5,6364327,K01744.01,5,0,official_kepler_false_positive,,centroid_offset,1.3107342453099995,8.0,4.047188787468717e-05,3.982487551967762e-06,10.162464375987781,10.162464375987781,0.2543103871177923,0.3202821358623412,-6.6950973831580995e-06,-0.028043400732911734,0.0002387405666995563,265.0,4218.0
8429668-r1,8429668,K04449.01,1,0,official_kepler_false_positive,,centroid_offset,17.11296982131693,8.0,5.7406494975323524e-05,6.320073187669183e-06,9.083200980540354,9.083200980540354,0.019478403620984217,0.3659226542955532,-3.1737168346701594e-06,-0.02439517675041345,0.00013009607871016435,14.0,226.0
8429668-r2,8429668,K04449.01,2,0,official_kepler_false_positive,,centroid_offset,16.147440094590948,8.0,5.70290929511129e-05,6.530963890567613e-06,8.732109671204512,8.732109671204512,0.020643106980467632,0.18363343862947876,-1.774105413643312e-05,-0.1367274557744799,0.00012975487648724668,13.0,211.0
8429668-r3,8429668,K04449.01,3,0,official_kepler_false_positive,,centroid_offset,2.9820175285436763,4.0,3.245082001033154e-05,4.030227284379725e-06,8.05185854805355,8.05185854805355,0.05589057243002238,0.047660409905105366,3.7605733318457624e-06,0.028775587713903254,0.00013068623894791202,71.0,576.0
8429668-r4,8429668,K04449.01,4,0,official_kepler_false_positive,,centroid_offset,2.9063117582900104,8.0,2.3143113474000956e-05,2.879184963596462e-06,8.038078055635687,8.038078055635687,0.11469290325875328,0.004531464358696786,-4.8473775853263845e-06,-0.037246679996470106,0.000130142541181812,76.0,1208.0
8429668-r5,8429668,K04449.01,5,0,official_kepler_false_positive,,centroid_offset,8.549817953101263,8.0,3.713325982309497e-05,4.728888271146541e-06,7.852429089869751,7.852429089869751,0.0389871848923314,0.018227598644887797,8.444317485256647e-07,0.006510769469432534,0.00012969768819034284,26.0,411.0
5963222-r1,5963222,K01035.01,1,0,official_kepler_false_positive,,centroid_offset,1.216694278102222,4.0,0.0033472241138808403,2.869010396347885e-06,1166.6824624064448,1166.6824624064448,0.13698319262800376,0.03316475955435381,0.0007125674726164988,0.1993478750561881,0.0004485538879960376,176.0,1404.0
5963222-r2,5963222,K01035.01,2,0,official_kepler_false_positive,,centroid_offset,0.6086368224744689,2.0,0.0030036668363335227,2.85975341044568e-06,1050.323718598316,1050.323718598316,0.13691799486356085,2.4941044625817623,-0.0006138613042971919,-0.3353740822660752,0.0004707247995983063,353.0,1416.0
5963222-r3,5963222,K01035.01,3,0,official_kepler_false_positive,,centroid_offset,2.4362480421025974,4.0,0.002848082270893606,3.886934356187427e-06,732.7322794530551,732.7322794530551,0.0684112059964245,0.09115292485164463,0.002454826831798984,0.9717959915747547,0.0005470354768930725,88.0,709.0
5963222-r4,5963222,K01035.01,4,0,official_kepler_false_positive,,centroid_offset,1.8261130946985753,2.0,0.0028136380110783316,4.680383404057469e-06,601.1554541961588,601.1554541961588,0.0456342674368088,1.9354246993590853,-0.0006138048894448467,-0.2549644012375403,0.0005716379135993023,119.0,478.0
5963222-r5,5963222,K01035.01,5,0,official_kepler_false_positive,,centroid_offset,4.873578393713162,4.0,0.0025147251614762965,5.324815883839464e-06,472.2651855641347,472.2651855641347,0.034198006721645025,0.10173768193270664,0.001149826575906232,0.7967010033754963,0.0005916724404017658,46.0,364.0
8197767-r1,8197767,K07871.01,1,0,official_kepler_false_positive,,centroid_offset,1.247684246827949,8.0,0.005254292319659556,3.4312268889525643e-06,1531.3159081891872,1531.3159081891872,0.2671616109450637,0.09131132263134493,-0.004163937739082524,-0.9854707122413751,0.004225328756459923,233.0,3730.0
8197767-r2,8197767,K07871.01,2,0,official_kepler_false_positive,,centroid_offset,2.497235678354558,8.0,0.004355608625616243,4.435540208867955e-06,981.9792901230148,981.9792901230148,0.13348092701965897,0.0600318591789229,0.005088701100830928,1.0498262819841815,0.004721547914338654,118.0,1890.0
8197767-r3,8197767,K07871.01,3,0,official_kepler_false_positive,,centroid_offset,3.742637549747842,8.0,0.004471557748119127,5.30818859159978e-06,842.3886361527126,842.3886361527126,0.08906374953561598,0.06686535305050377,-0.004606208068190121,-0.9494477680823038,0.004851460209858356,78.0,1251.0
8197767-r4,8197767,K07871.01,4,0,official_kepler_false_positive,,centroid_offset,6.6939257069596225,8.0,0.0050923166380071085,6.914296653510777e-06,736.4909105283259,736.4909105283259,0.049796389730882316,0.1856992666759116,-0.0001956831749356791,-0.038660115200287185,0.005061629380096247,45.0,707.0
8197767-r5,8197767,K07871.01,5,0,official_kepler_false_positive,,centroid_offset,4.9939169403420705,8.0,0.0042297049630924295,6.172239745420984e-06,685.2787865588552,685.2787865588552,0.06674787292527554,0.34227380127095597,0.004005643081944177,0.8020186227759374,0.004994451460590643,57.0,904.0
9159198-r1,9159198,K07929.01,1,0,official_kepler_false_positive,,centroid_offset,40.80618362418684,8.0,0.0002841111817941171,2.8783756171840695e-05,9.870538789237822,9.870538789237822,0.008168696597634246,0.6712305509483565,1.9342225948015823e-05,0.06140273779074391,0.0003150059206469381,6.0,92.0
9159198-r2,9159198,K07929.01,2,0,official_kepler_false_positive,,centroid_offset,46.976025848740775,8.0,0.00030161096547767096,3.272389829376945e-05,9.216840938999525,9.216840938999525,0.007095818075514545,1.3623468620760473,1.4813575573313642e-05,0.04701413364022602,0.0003150877071706564,4.0,68.0
9159198-r3,9159198,K07929.01,3,0,official_kepler_false_positive,,centroid_offset,13.383870000562782,8.0,0.00012433469986008775,1.5424247806431208e-05,8.060989516016843,8.060989516016843,0.024905601542701543,0.04502183569364364,7.310702205831632e-07,0.0023066997420989376,0.0003169334123729254,20.0,323.0
9159198-r4,9159198,K07929.01,4,0,official_kepler_false_positive,,centroid_offset,20.421616485602517,8.0,0.00014064703712925525,1.9153417856667725e-05,7.343182202872106,7.343182202872106,0.016322573365743956,0.7675321148238687,1.7039440513899606e-05,0.05395431577212393,0.0003158123733023636,14.0,213.0
9159198-r5,9159198,K07929.01,5,0,official_kepler_false_positive,,centroid_offset,26.751821596791682,8.0,0.00016756713545711002,2.286651391512274e-05,7.32805779136669,7.32805779136669,0.012460210686113039,0.28195999086521495,7.663159298376687e-05,0.24281215229198608,0.00031560032008453996,9.0,144.0
10191036-r1,10191036,K03218.01,1,0,official_kepler_false_positive,,centroid_offset,4.491178271096404,8.0,0.00019011838518337028,2.3076376579996686e-06,82.38658462012219,82.38658462012219,0.07421957295227978,0.21166511323289156,-0.0001694489758272688,-0.4783645735116373,0.00035422559530978015,48.0,769.0
10191036-r2,10191036,K03218.01,2,0,official_kepler_false_positive,,centroid_offset,7.071109347875653,8.0,0.00021767107562929234,2.8733569508233577e-06,75.75497209524173,75.75497209524173,0.047140175173995214,0.28563173870400904,-0.00017100419450155613,-0.48589560811730514,0.000351936077718719,30.0,480.0
10191036-r3,10191036,K03218.01,3,0,official_kepler_false_positive,,centroid_offset,13.809915804468613,8.0,0.0003075142217362359,4.068910102950611e-06,75.5765583302612,75.5765583302612,0.02413724587846316,0.3827384747985793,-0.00013709935153771724,-0.3823472931936358,0.000358572831502392,16.0,232.0
10191036-r4,10191036,K03218.01,4,0,official_kepler_false_positive,,centroid_offset,14.510077016342029,8.0,0.00031966767009791795,4.259490463248411e-06,75.04833567678189,75.04833567678189,0.02297254059767673,0.5799621711113818,-7.500699682827516e-05,-0.19240941970962744,0.0003518236945000511,13.0,212.0
10191036-r5,10191036,K03218.01,5,0,official_kepler_false_positive,,centroid_offset,27.99276118008726,8.0,0.0004020394793170361,5.418716565801163e-06,74.19459468583483,74.19459468583483,0.011907840430205615,0.9478178479644069,0.00020668310689542224,0.5860800819800687,0.0003526533544650492,8.0,131.0
4584865-r1,4584865,K04429.01,1,0,official_kepler_false_positive,,centroid_offset,1.3994182981229628,8.0,0.0001394679510608612,1.7799932619570762e-06,78.35307809396888,78.35307809396888,0.2381942081080637,0.05218891164622442,3.4094828980091307e-06,0.022532134279433135,0.00015131646455352594,209.0,3300.0
4584865-r2,4584865,K04429.01,2,0,official_kepler_false_positive,,centroid_offset,0.7000462280847255,8.0,8.785148545082727e-05,1.5159383781817564e-06,57.95188426867186,57.95188426867186,0.4761590305904634,0.7152661100621667,-2.0403896638709895e-05,-0.12882218620398442,0.00015838806373306847,416.0,6610.0
4584865-r3,4584865,K04429.01,3,0,official_kepler_false_positive,,centroid_offset,2.7986625909728864,8.0,0.00012296355222728508,2.352189686927826e-06,52.27620583095349,52.27620583095349,0.11910450884951378,0.07610435592278512,0.0001367625919639348,0.9123257680880537,0.00014990543591742012,102.0,1633.0
4584865-r4,4584865,K04429.01,4,0,official_kepler_false_positive,,centroid_offset,1.497924312667838,8.0,8.604719460371632e-05,1.8127209138623418e-06,47.46852863322277,47.46852863322277,0.2225301575749571,0.05204935586281016,-6.424250827663514e-05,-0.40720141781750935,0.00015776592483630777,196.0,3133.0
4584865-r5,4584865,K04429.01,5,0,official_kepler_false_positive,,centroid_offset,4.197732911001776,8.0,0.00011749325237049265,2.8498181103907033e-06,41.228333816148215,41.228333816148215,0.07940794242999714,0.18463672625249744,-2.5966588940384838e-05,-0.16096963572845926,0.0001613135845333467,67.0,1063.0
2581191-r1,2581191,K02203.01,1,0,official_kepler_false_positive,,centroid_offset,22.821696491905048,8.0,0.00020524533432788336,1.9930844704296206e-05,10.297874343661992,10.297874343661992,0.014605983978954766,0.1835831488565103,-2.217895596401398e-05,-0.06737027243346302,0.00032920983043253395,12.0,191.0
2581191-r2,2581191,K02203.01,2,0,official_kepler_false_positive,,centroid_offset,23.512540783427706,8.0,0.00021556941918369013,2.1450720122783866e-05,10.049518988163163,10.049518988163163,0.014176831691804058,0.26188756085243514,-3.901037097131521e-06,-0.01182946830081962,0.00032977281801086807,10.0,163.0
2581191-r3,2581191,K02203.01,3,0,official_kepler_false_positive,,centroid_offset,7.96359283378156,4.0,0.00015511718767521939,1.562267152125755e-05,9.928979653969785,9.928979653969785,0.02092857710651236,0.09501383397516806,2.27975110532741e-05,0.06920070816808835,0.00032944042997217604,38.0,311.0
2581191-r4,2581191,K02203.01,4,0,official_kepler_false_positive,,centroid_offset,1.991426531947023,2.0,0.00011178972732166314,1.1421091755922374e-05,9.788007110939715,9.788007110939715,0.04184604955115171,0.026934172459076797,-2.4397907050222045e-07,-0.0007432227865796876,0.00032827178459505054,145.0,590.0
2581191-r5,2581191,K02203.01,5,0,official_kepler_false_positive,,centroid_offset,15.680486064062075,8.0,0.0001495843244477318,1.5520469166841713e-05,9.637873883819646,9.637873883819646,0.02125784442979074,0.2552740932932306,5.4749729873182496e-05,0.16647282467978053,0.00032888088478402744,20.0,316.0
7967100-r1,7967100,K06941.01,1,0,official_kepler_false_positive,,centroid_offset,1.9271954893138816,2.0,0.007093619089946932,6.714132225864816e-06,1056.5206122423715,1056.5206122423715,0.04324072663899892,0.012619268188732036,0.0017285353177663998,0.23335095769289818,0.001806902663986424,148.0,594.0
7967100-r2,7967100,K06941.01,2,0,official_kepler_false_positive,,centroid_offset,0.9636390202927302,2.0,0.004413438822856088,4.841022905923794e-06,911.6748481928302,911.6748481928302,0.08647774901022447,1.7283707996309674,-0.0011687297542366526,-0.3535389753368942,0.0018058549269823663,299.0,1199.0
7967100-r3,7967100,K06941.01,3,0,official_kepler_false_positive,,centroid_offset,3.854060815968925,2.0,0.006752983391845416,9.335652261031193e-06,723.3542127563669,723.3542127563669,0.02162221545338615,0.02491137055892724,0.007193746270959145,0.9828193917805718,0.001848907274175361,75.0,300.0
7967100-r4,7967100,K06941.01,4,0,official_kepler_false_positive,,centroid_offset,9.644637596137855,8.0,0.003123546558215879,7.060339841500096e-06,442.4073951590729,442.4073951590729,0.03456151980939283,0.25259739606315457,0.00032464091107486936,0.1229605581291174,0.0019086683278668538,33.0,538.0
7967100-r5,7967100,K06941.01,5,0,official_kepler_false_positive,,centroid_offset,2.8924635193182944,4.0,0.002593645760188874,5.8759913875217125e-06,441.39713439620664,441.39713439620664,0.057621009064946556,1.5213924459735086,-0.0012242409096563378,-0.6497290575351063,0.0018842329667396619,98.0,789.0
6962901-r1,6962901,K07799.01,1,0,official_kepler_false_positive,,centroid_offset,0.9777001864696848,4.0,0.00010990505179411724,1.8117297108106753e-06,60.66305097184679,60.66305097184679,0.17046807290532764,0.11973661175708813,3.7293204353416876e-05,0.3238494496680702,0.0001151559911299543,222.0,1762.0
6962901-r2,6962901,K07799.01,2,0,official_kepler_false_positive,,centroid_offset,1.953905695735942,4.0,0.00011626976366492868,2.4294764215208335e-06,47.857951052739466,47.857951052739466,0.08529923784468593,0.02848517888508236,6.896311856152693e-05,0.6009307151894517,0.00011476051534457736,111.0,891.0
6962901-r3,6962901,K07799.01,3,0,official_kepler_false_positive,,centroid_offset,3.9085071838233807,4.0,0.00012258933878277233,3.411138670542718e-06,35.93795228596443,35.93795228596443,0.042642026438244884,0.09405998960782906,7.910593968407653e-05,0.6715662973954355,0.00011779319479085908,54.0,431.0
6962901-r4,6962901,K07799.01,4,0,official_kepler_false_positive,,centroid_offset,1.4659895614511473,2.0,9.746737472324136e-05,2.936481770312777e-06,33.191888234627015,33.191888234627015,0.056844424765783254,0.30738304276506606,-5.340046960267131e-05,-0.4517768203635133,0.00011820099481798042,148.0,588.0
6962901-r5,6962901,K07799.01,5,0,official_kepler_false_positive,,centroid_offset,2.9286199527038654,4.0,8.454957923962682e-05,2.973099798989683e-06,28.43819076250263,28.43819076250263,0.05690962615780538,0.02442916853187523,1.174341164433823e-05,0.09868521435464901,0.00011899869419278415,71.0,576.0
5444491-r1,5444491,K07727.01,1,0,official_kepler_false_positive,,centroid_offset,3.6980855401763764,8.0,4.9809121518947964e-05,7.999484880247804e-06,6.226541116658127,6.226541116658127,0.09013672877816539,0.09536725161133937,7.574474654159502e-07,0.002620915679072033,0.0002890010813641031,78.0,1241.0
5444491-r2,5444491,K07727.01,2,0,official_kepler_false_positive,,centroid_offset,0.7596081913395539,2.0,4.546570645406603e-05,7.303103419840535e-06,6.22553233061826,6.22553233061826,0.10970568022229546,0.04375331418788015,-1.3379013615644197e-05,-0.046048450156769734,0.00029054210445945495,378.0,1522.0
5444491-r3,5444491,K07727.01,3,0,official_kepler_false_positive,,centroid_offset,10.491398835361986,8.0,7.641410171109405e-05,1.296632628890394e-05,5.893273083563087,5.893273083563087,0.03177205809865985,0.3064726448113362,2.9237285076977315e-05,0.1015649369119632,0.00028786789974890925,28.0,443.0
5444491-r4,5444491,K07727.01,4,0,official_kepler_false_positive,,centroid_offset,3.85405747176911,8.0,4.6533752377670484e-05,8.0503347183054e-06,5.780350011019898,5.780350011019898,0.08648893686069628,0.023687246013492477,-1.251120265921557e-05,-0.04333666680789857,0.00028869785289844374,78.0,1225.0
5444491-r5,5444491,K07727.01,5,0,official_kepler_false_positive,,centroid_offset,48.44086304108958,8.0,0.00017718239885514147,3.21032462289575e-05,5.51914275557968,5.51914275557968,0.0068812426618119074,0.511814247679448,-1.5818961898173e-06,-0.005473509391028564,0.00028900949588396254,5.0,69.0
5956787-r1,5956787,K02616.01,1,0,official_kepler_false_positive,,centroid_offset,0.5687934014622217,2.0,0.0003372785506158511,2.068545336032537e-06,163.05107978090064,163.05107978090064,0.14650896638235383,0.03198659618176504,0.0001271784756000649,0.22080447198824216,0.00057597780721958,362.0,1449.0
5956787-r2,5956787,K02616.01,2,0,official_kepler_false_positive,,centroid_offset,1.7073064567964806,2.0,0.0004109974032410783,3.385960549077812e-06,121.38280918630788,121.38280918630788,0.04880982731694025,0.23667387493651101,-8.146036616385466e-05,-0.13807183486850683,0.0005899853959457677,120.0,485.0
5956787-r3,5956787,K02616.01,3,0,official_kepler_false_positive,,centroid_offset,2.3233887792234538,8.0,0.0002381972055720772,2.0939244598530794e-06,113.75635088038962,113.75635088038962,0.14346859910580412,0.07645874191678398,-1.0021864152331972e-05,-0.016611044750786737,0.0006033253358044993,88.0,1410.0
5956787-r4,5956787,K02616.01,4,0,official_kepler_false_positive,,centroid_offset,2.8439650049833793,2.0,0.0004758635351372238,4.384803915856324e-06,108.5256135209163,108.5256135209163,0.029301813906750355,0.22257360016389058,3.3357255971089295e-05,0.05582655692781309,0.0005975159101110628,71.0,283.0
5956787-r5,5956787,K02616.01,5,0,official_kepler_false_positive,,centroid_offset,3.0056506991891325,8.0,0.00023603808956139044,2.29188866175141e-06,102.9884625289849,102.9884625289849,0.11090221941733293,0.4421175106632704,-7.613274106588186e-05,-0.1261486603095733,0.0006035160490729699,71.0,1138.0
4169315-r1,4169315,K08245.01,1,0,official_kepler_false_positive,,centroid_offset,2.8087829186023177,8.0,0.0001628195432924953,7.98665123199082e-06,20.386459676655935,20.386459676655935,0.11867536331330432,0.06866115079586882,-0.00011293056667538437,-0.22737312860667755,0.000496675079273496,105.0,1665.0
4169315-r2,4169315,K08245.01,2,0,official_kepler_false_positive,,centroid_offset,31.026189969257693,8.0,0.0004971129474777931,2.5244621266182553e-05,19.691836222701458,19.691836222701458,0.010743611563766506,0.5473601059516208,5.845826281825062e-06,0.011404192647094531,0.0004911354351793528,9.0,146.0
4169315-r3,4169315,K08245.01,3,0,official_kepler_false_positive,,centroid_offset,2.6237664241636227,8.0,0.0001499288094447095,7.74913201583517e-06,19.34781974785479,19.34781974785479,0.1270438291547198,0.04913853265239115,-8.23543210988209e-05,-0.16765681741442348,0.0004912077085135935,112.0,1783.0
4169315-r4,4169315,K08245.01,4,0,official_kepler_false_positive,,centroid_offset,8.43950186792161,8.0,0.00025054813516459004,1.3037442963591733e-05,19.217582455721487,19.217582455721487,0.039496801890681145,0.09918188019544603,-0.00015567527987925267,-0.31818950101884563,0.0004892533517943836,35.0,572.0
4169315-r5,4169315,K08245.01,5,0,official_kepler_false_positive,,centroid_offset,2.749134638369992,8.0,0.00014681003267183416,7.924743059686276e-06,18.525525883440572,18.525525883440572,0.12125027587989369,0.0010410940855423987,-0.0001601794189840522,-0.3270879060181102,0.0004897136703525301,107.0,1691.0
7461307-r1,7461307,K02909.01,1,0,official_kepler_false_positive,,centroid_offset,0.7736050545988062,2.0,5.700583813368722e-05,6.204326024552861e-06,9.188079077097752,9.188079077097752,0.10772077152023035,0.04504368094445492,1.3086330376554933e-05,0.05333947116000485,0.00024534045973757915,373.0,1502.0
7461307-r2,7461307,K02909.01,2,0,official_kepler_false_positive,,centroid_offset,1.5471569103264469,2.0,5.8254413212396044e-05,8.510555890430251e-06,6.844959831343166,6.844959831343166,0.05386223774533003,0.06707220610846618,4.787808944384242e-05,0.1954935219049841,0.0002449088285754689,187.0,753.0
7461307-r3,7461307,K02909.01,3,0,official_kepler_false_positive,,centroid_offset,5.526942151403285,4.0,7.256122267646249e-05,1.1383830269260125e-05,6.374060484053448,6.374060484053448,0.030155312304897233,0.17104815341817523,1.02657413838525e-05,0.04187389619182869,0.00024515849532663657,51.0,410.0
7461307-r4,7461307,K02909.01,4,0,official_kepler_false_positive,,centroid_offset,1.1600987776598637,2.0,4.516597839991891e-05,7.51348251901437e-06,6.011324081159086,6.011324081159086,0.07183296365627784,0.22366965200334374,-2.5124334832593576e-06,-0.010302470593991728,0.00024386708608754265,247.0,983.0
7461307-r5,7461307,K02909.01,5,0,official_kepler_false_positive,,centroid_offset,2.7638105539488453,4.0,4.771422665633366e-05,8.091970030623913e-06,5.896490777370658,5.896490777370658,0.06030321666893506,0.34602328982784003,1.4773682723845383e-06,0.00603806971496499,0.0002446755903998542,105.0,838.0
12110786-r1,12110786,K02665.01,1,0,official_kepler_false_positive,,centroid_offset,13.500196966594485,8.0,0.00019374328345870846,8.933225526019593e-06,21.687942713905187,21.687942713905187,0.02469099778011749,0.04773334680494735,3.869347955809399e-05,0.16468661802505777,0.00023495217779143787,22.0,356.0
12110786-r2,12110786,K02665.01,2,0,official_kepler_false_positive,,centroid_offset,6.781602623502294,8.0,0.00013555987325749157,6.582638123644564e-06,20.59354786199869,20.59354786199869,0.04915259000551502,0.5281370628931206,-5.3386184667658654e-05,-0.2301376434490732,0.00023197502098118252,43.0,668.0
12110786-r3,12110786,K02665.01,3,0,official_kepler_false_positive,,centroid_offset,20.42163529151036,8.0,0.0002020651731126615,1.1551587916611079e-05,17.49241529141579,17.49241529141579,0.016322558334586748,0.2815993159161602,-2.908099748455406e-05,-0.12467845613869746,0.00023324797551393448,13.0,208.0
12110786-r4,12110786,K02665.01,4,0,official_kepler_false_positive,,centroid_offset,40.80619530441379,8.0,0.00025383311998327,1.5305291069290733e-05,16.58466466492577,16.58466466492577,0.008168694259454235,0.5470597130593718,0.00011549682232880887,0.4946930211544011,0.000233471703440022,7.0,119.0
12110786-r5,12110786,K02665.01,5,0,official_kepler_false_positive,,centroid_offset,33.7201123877094,8.0,0.0002161578248417875,1.3791747453257178e-05,15.672983106338553,15.672983106338553,0.009885297222640027,0.9479895414124598,7.1343566503401235e-06,0.030538253332391914,0.00023362032440711708,9.0,146.0
10621666-r1,10621666,K01636.01,1,0,official_kepler_false_positive,,centroid_offset,2.619348348730561,4.0,0.00011807865026696872,1.0992268461397861e-05,10.741972931395539,10.741972931395539,0.06362905748960038,0.12030005803240579,2.3570799988492652e-05,0.06583050400209337,0.0003580528562829037,109.0,874.0
10621666-r2,10621666,K01636.01,2,0,official_kepler_false_positive,,centroid_offset,1.3086471173507892,4.0,7.569782182236987e-05,8.021062917320791e-06,9.437380382456167,9.437380382456167,0.12735799013875093,0.19759539555390024,-7.710799487137265e-06,-0.021729034342835626,0.0003548615813053665,221.0,1766.0
10621666-r3,10621666,K01636.01,3,0,official_kepler_false_positive,,centroid_offset,0.8731839318881237,4.0,5.069145661536784e-05,6.7995171992954045e-06,7.455155289646257,7.455155289646257,0.1908723472570963,0.019106975523737853,-5.236704595734665e-06,-0.014637212137131572,0.00035776653003820525,331.0,2654.0
10621666-r4,10621666,K01636.01,4,0,official_kepler_false_positive,,centroid_offset,5.22927019867511,8.0,7.956474533507545e-05,1.1010316455916208e-05,7.226381335508543,7.226381335508543,0.06374375786085539,0.006026033535972164,4.620092269291831e-05,0.12894918476968234,0.0003582878230322923,54.0,863.0
10621666-r5,10621666,K01636.01,5,0,official_kepler_false_positive,,centroid_offset,29.834485636189083,8.0,0.00018678386694596672,2.622628762941803e-05,7.12200939703152,7.12200939703152,0.011172752813576301,0.3269059212832405,9.291486524842796e-06,0.025855331221616946,0.0003593644361080331,9.0,142.0
5565497-r1,5565497,K01789.01,1,0,official_kepler_false_positive,,centroid_offset,8.173090908110945,8.0,0.00031833040850887643,2.39384939173669e-06,132.97846122137787,132.97846122137787,0.04078424393916071,0.09224616016233433,0.00010541780392503419,0.33314469680678455,0.00028668372078684246,34.0,551.0
5565497-r2,5565497,K01789.01,2,0,official_kepler_false_positive,,centroid_offset,4.152847022001677,8.0,0.00021005731893070383,1.7029315706106608e-06,123.35041674949896,123.35041674949896,0.08026622015387079,0.4805213937318309,-0.00011238988600048572,-0.38668484243801987,0.00029064983590221857,72.0,1143.0
5565497-r3,5565497,K01789.01,3,0,official_kepler_false_positive,,centroid_offset,8.304161630220985,8.0,0.0002787887858864527,2.3067227714352686e-06,120.85925076856427,120.85925076856427,0.040140516066094784,0.11953425033086713,0.0001136433674158166,0.39008645712574186,0.0002913286666068091,37.0,598.0
5565497-r4,5565497,K01789.01,4,0,official_kepler_false_positive,,centroid_offset,4.087287662447629,8.0,0.00019703565370354914,1.7141062616865994e-06,114.94949765230739,114.94949765230739,0.08155367590000263,0.7357674240912168,-0.0001876475916496867,-0.6663890142592068,0.00028158866312987717,70.0,1126.0
5565497-r5,5565497,K01789.01,5,0,official_kepler_false_positive,,centroid_offset,0.6900949874604123,8.0,9.971960659798952e-05,9.352355163483536e-07,106.62512795423636,106.62512795423636,0.4830252927354514,0.047499972669293296,-3.7612685861443396e-05,-0.12969230850790311,0.00029001477646726733,423.0,6737.0
11913073-r1,11913073,K00011.01,1,0,official_kepler_false_positive,,centroid_offset,1.8739479269117503,4.0,0.0002342605355971253,4.630020067968841e-06,50.596008690712615,50.596008690712615,0.0889387929478552,1.286739599240095,5.10331632508354e-07,0.0023151950306162104,0.000156865743326344,114.0,919.0
11913073-r2,11913073,K00011.01,2,0,official_kepler_false_positive,,centroid_offset,3.742408485591516,8.0,0.00017904540540262135,4.607962225484297e-06,38.855658237042874,38.855658237042874,0.08906920092146153,0.035571730638927344,4.082418870710036e-05,0.25974499243180776,0.00015717026274459614,58.0,927.0
11913073-r3,11913073,K00011.01,3,0,official_kepler_false_positive,,centroid_offset,0.9368940117147571,4.0,0.00011713593647919287,3.458159216908232e-06,33.87233760275453,33.87233760275453,0.17789276543845528,1.4242374947967908,6.083494147546276e-06,0.03898206397599545,0.00015605880056254582,227.0,1822.0
11913073-r4,11913073,K00011.01,4,0,official_kepler_false_positive,,centroid_offset,7.487369028168706,8.0,0.00018334744118924068,6.421418662688398e-06,28.552482063594375,28.552482063594375,0.04451942091798586,0.24027709492366778,0.00014755108750297286,0.9312282983467931,0.00015844781324291784,28.0,453.0
11913073-r5,11913073,K00011.01,5,0,official_kepler_false_positive,,centroid_offset,11.234884239104568,4.0,0.0003017603771470738,1.1092570849104076e-05,27.20382689026921,27.20382689026921,0.014834747125080316,0.1605031135315211,2.5519768647952468e-05,0.07826103788372549,0.00016296632945746328,19.0,147.0
6147851-r1,6147851,K07766.01,1,0,official_kepler_false_positive,,centroid_offset,39.76171250621948,2.0,0.00025146300577617424,3.819459887640891e-05,6.583732076618081,6.583732076618081,0.0020958185168784777,0.2748762982793264,-3.015795384975206e-06,-0.011571211475129267,0.00024352582543597171,8.0,33.0
6147851-r2,6147851,K07766.01,2,0,official_kepler_false_positive,,centroid_offset,2.065570605207572,4.0,4.389426966979945e-05,6.777653488103471e-06,6.476322483414829,6.476322483414829,0.08068795433401227,0.023500856856604024,-4.465902024630708e-06,-0.018281129181959673,0.0002442902722353597,142.0,1126.0
6147851-r3,6147851,K07766.01,3,0,official_kepler_false_positive,,centroid_offset,9.644632818391965,8.0,6.653841375549013e-05,1.0334089182645763e-05,6.4387303592492104,6.4387303592492104,0.03456153693043438,0.1196321592386183,1.1122919427730693e-06,0.004578211393033083,0.00024295338228935985,30.0,462.0
6147851-r4,6147851,K07766.01,4,0,official_kepler_false_positive,,centroid_offset,23.51255346518302,8.0,0.00011047648480816523,1.7306140137008883e-05,6.3836582816010585,6.3836582816010585,0.014176824045373357,0.3101858152896327,-1.9817621282225417e-05,-0.08146103695883171,0.0002432773019111054,10.0,160.0
6147851-r5,6147851,K07766.01,5,0,official_kepler_false_positive,,centroid_offset,46.976022926805356,8.0,0.00012821664292043952,2.039293266167341e-05,6.287307718198402,6.287307718198402,0.007095818516878477,0.26017968178752093,5.245386738272906e-05,0.21551670142401,0.0002433865544347337,7.0,115.0
7025526-r1,7025526,K01380.01,1,0,official_kepler_false_positive,,centroid_offset,1.0740089384182205,2.0,7.659698266310784e-05,1.841306650506888e-06,41.59925379187745,41.59925379187745,0.07759091228427302,0.13997811971681706,-1.2743613466703607e-06,-0.019719898942861604,6.462311751002487e-05,199.0,803.0
7025526-r2,7025526,K01380.01,2,0,official_kepler_false_positive,,centroid_offset,2.1482282290232297,2.0,7.554016852256969e-05,2.554881733730875e-06,29.566992289799238,29.566992289799238,0.038791657332993834,0.06021309684014188,5.7638059018261245e-05,0.8879896127755638,6.49084833752769e-05,99.0,400.0
7025526-r3,7025526,K01380.01,3,0,official_kepler_false_positive,,centroid_offset,0.5372301755188581,2.0,3.9126975130703884e-05,1.3648016931443337e-06,28.668615614448857,28.668615614448857,0.1551166280874856,0.8802906442572961,-1.1040853427068953e-06,-0.017021568446150607,6.486390171386245e-05,397.0,1595.0
7025526-r4,7025526,K01380.01,4,0,official_kepler_false_positive,,centroid_offset,3.225684793418506,4.0,4.417641225913158e-05,2.2017468390390865e-06,20.064256015197277,20.064256015197277,0.05166861529890439,0.06775268666004433,-1.103030837001917e-05,-0.1658537758691101,6.650622400495822e-05,68.0,547.0
7025526-r5,7025526,K01380.01,5,0,official_kepler_false_positive,,centroid_offset,4.289247592309818,4.0,4.7487908764873935e-05,2.5789371243298507e-06,18.41375205190933,18.41375205190933,0.03885685381405423,0.07313589859073406,1.2504079019870495e-05,0.18771196991058728,6.661311490059241e-05,49.0,393.0
9110357-r1,9110357,K00016.01,1,0,official_kepler_false_positive,,centroid_offset,0.8950593473289606,2.0,0.00032874067663626427,4.8037324934342826e-06,68.43442616456794,68.43442616456794,0.09310369595269516,0.2570609565876961,-6.855299825581085e-07,-0.0025145301384682252,0.0001656961962702036,239.0,955.0
9110357-r2,9110357,K00016.01,2,0,official_kepler_false_positive,,centroid_offset,1.79166854602023,4.0,0.00018505885009080424,4.782886725928917e-06,38.69187390275539,38.69187390275539,0.09302315823810015,0.01863327830223936,0.00012128167642555532,0.7448655714528682,0.00016282357659381963,120.0,963.0
9110357-r3,9110357,K00016.01,3,0,official_kepler_false_positive,,centroid_offset,0.5968452605288698,2.0,0.00012207557907094468,4.015606098339445e-06,30.400287299450518,30.400287299450518,0.13962301260378768,0.09592571421124513,5.953435406480523e-05,0.36229735680023034,0.00016432456088171874,358.0,1443.0
9110357-r4,9110357,K00016.01,4,0,official_kepler_false_positive,,centroid_offset,2.687726380231472,4.0,0.0001633936910511173,5.716239293200627e-06,28.584123699207524,28.584123699207524,0.062010280470705136,0.21297024440195642,1.831271501107068e-06,0.010601368193024823,0.00017273916609291564,81.0,653.0
9110357-r5,9110357,K00016.01,5,0,official_kepler_false_positive,,centroid_offset,8.950289464485905,2.0,0.00035978834489935283,1.4489022089537142e-05,24.831789383437016,24.831789383437016,0.009310685834686565,0.03814038172635513,0.0002729756099837388,0.9027035372174692,0.0001746390921139207,24.0,96.0
11151677-r1,11151677,K04308.01,1,0,official_kepler_false_positive,,centroid_offset,0.720503286802294,1.0,0.0013369768655349258,1.2779430941972317e-05,104.61943662481916,104.61943662481916,0.05782994669127719,0.058209147091183806,0.0010093044172675425,1.0157016401826107,0.0005684071784600282,398.0,804.0
11151677-r2,11151677,K04308.01,2,0,official_kepler_false_positive,,centroid_offset,0.5403191431673604,1.0,0.001079385575329176,1.1145553565978293e-05,96.84450116717318,96.84450116717318,0.0771149184580356,0.3685801056629528,-0.0003467744985303778,-0.4347204105921173,0.0005988813595562056,533.0,1080.0
11151677-r3,11151677,K04308.01,3,0,official_kepler_false_positive,,centroid_offset,0.9005174770021306,1.0,0.0010483999228048336,1.4165818746056994e-05,74.0091301179928,74.0091301179928,0.04626969240550129,0.36174908032019204,-0.0003729140617909632,-0.46671329070214146,0.0006111455641606198,320.0,646.0
11151677-r4,11151677,K04308.01,4,0,official_kepler_false_positive,,centroid_offset,1.4409603938910633,1.0,0.0013069548930956943,1.7692764871918903e-05,73.86945469275012,73.86945469275012,0.028915900008988495,0.01822793484087495,0.0009299259874380184,0.9435828525787427,0.0005960190133155059,201.0,407.0
11151677-r5,11151677,K04308.01,5,0,official_kepler_false_positive,,centroid_offset,1.0809882935002806,1.0,0.00105550288129928,1.5510044633469306e-05,68.05285904990872,68.05285904990872,0.038544974924518784,0.003807885087645336,0.0004317098913113604,0.7095362315879499,0.0006084395300648551,265.0,533.0
10407020-r1,10407020,K03987.01,1,0,official_kepler_false_positive,,centroid_offset,0.933836512923877,4.0,5.565618946701605e-05,3.0262574323733233e-06,18.391095506824755,18.391095506824755,0.1784752088401717,0.03363842158180203,-1.1225640535128534e-05,-0.07537630189402343,0.00014892798204548972,230.0,1847.0
10407020-r2,10407020,K03987.01,2,0,official_kepler_false_positive,,centroid_offset,1.8678319059945212,4.0,5.8406829177765447e-05,4.074643080027653e-06,14.334219717072509,14.334219717072509,0.08923001375647105,0.22642659146268984,4.940958411325802e-05,0.33124934060630723,0.00014916130556764414,115.0,918.0
10407020-r3,10407020,K03987.01,3,0,official_kepler_false_positive,,centroid_offset,3.7424066404704934,8.0,5.2560055014636196e-05,4.1177549170796885e-06,12.764250440604606,12.764250440604606,0.08906924483530385,0.09885410429320349,1.8797211848164963e-05,0.1254717019506811,0.00014981236052375813,58.0,893.0
10407020-r4,10407020,K03987.01,4,0,official_kepler_false_positive,,centroid_offset,17.372693137001274,8.0,8.700297810013483e-05,8.244242563583808e-06,10.55318028662105,10.55318028662105,0.01918719974529352,0.07676157439412433,1.0939009962518398e-05,0.07302342082823277,0.0001498013902724356,13.0,209.0
10407020-r5,10407020,K03987.01,5,0,official_kepler_false_positive,,centroid_offset,12.192101429847598,8.0,7.32220803933822e-05,7.0089664033051465e-06,10.446915590700167,10.446915590700167,0.027340105005794722,0.005591001067250716,-3.830631580381549e-06,-0.025485383719586065,0.00015030700037832378,18.0,292.0
7983756-r1,7983756,K03846.01,1,0,official_kepler_false_positive,,centroid_offset,2.6193456012416387,4.0,0.00023626423007802553,8.852163075221308e-06,26.68999972892149,26.68999972892149,0.06362912423151121,0.3674177016215057,2.0278784582661302e-06,0.006009404877173903,0.0003374507958298524,109.0,874.0
7983756-r2,7983756,K03846.01,2,0,official_kepler_false_positive,,centroid_offset,1.3097490536872052,4.0,0.00012156085854288449,6.4541303077629705e-06,18.834583862781972,18.834583862781972,0.1272508395386633,0.6884140065416705,-8.583218498836587e-06,-0.02535326308375392,0.0003385449230137408,220.0,1762.0
7983756-r3,7983756,K03846.01,3,0,official_kepler_false_positive,,centroid_offset,5.246927330990498,8.0,0.0001394832848694821,8.874908378079769e-06,15.716588715889547,15.716588715889547,0.06352924527170986,0.09289433648660782,0.00010535645484610612,0.3118935228732445,0.0003377962256975873,55.0,870.0
7983756-r4,7983756,K03846.01,4,0,official_kepler_false_positive,,centroid_offset,0.8731829822328203,4.0,7.831843374857324e-05,5.461726611128713e-06,14.339500916979814,14.339500916979814,0.19087255484581542,0.030777580574870785,-1.3694707269751305e-05,-0.04055634023628125,0.0003376711801401689,333.0,2654.0
7983756-r5,7983756,K03846.01,5,0,official_kepler_false_positive,,centroid_offset,10.70836787638699,8.0,0.00017250996231262024,1.2082321891996404e-05,14.277881673297799,14.277881673297799,0.031128304255251284,0.11018756227526698,-3.4818574849992956e-05,-0.10258214058372694,0.0003394214105093102,28.0,453.0
8766285-r1,8766285,K05571.01,1,0,official_kepler_false_positive,,ephemeris_contamination,5.302498161441421,8.0,0.0001494777263151752,1.4304812862469503e-05,10.449470940465712,10.449470940465712,0.06286345099697699,0.030883607771342195,1.7743260097624614e-05,0.034907421782339104,0.0005082947749123528,40.0,635.0
8766285-r2,8766285,K05571.01,2,0,official_kepler_false_positive,,ephemeris_contamination,10.610120403158648,8.0,0.00017499719712707267,1.9486397596529816e-05,8.980479653059968,8.980479653059968,0.0314165457758707,0.11701034402518302,0.00016018972660680753,0.3137934546585219,0.000510494161776351,20.0,325.0
8766285-r3,8766285,K05571.01,3,0,official_kepler_false_positive,,ephemeris_contamination,2.6506090345686952,8.0,9.044334556819454e-05,1.0452491186889326e-05,8.652802853509087,8.652802853509087,0.12575726143918958,0.18943325919959797,-5.984677994019805e-05,-0.11820522086182512,0.0005062955722586515,83.0,1309.0
8766285-r4,8766285,K05571.01,4,0,official_kepler_false_positive,,ephemeris_contamination,15.922874156240873,8.0,0.00020343060833650606,2.4975626242217934e-05,8.145165465065856,8.145165465065856,0.02093424403550193,0.12083341909919,-1.1058217520787395e-05,-0.02161952783879101,0.0005114920919293205,11.0,178.0
8766285-r5,8766285,K05571.01,5,0,official_kepler_false_positive,,ephemeris_contamination,45.98324768932025,8.0,0.0003696104194433418,4.8142617218943524e-05,7.6774060239065,7.6774060239065,0.00724901676335382,1.2228455250300245,1.5730520589452013e-05,0.03081886731916581,0.0005104185181935427,4.0,65.0
7285673-r1,7285673,K04559.01,1,0,official_kepler_false_positive,,ephemeris_contamination,7.290839366134954,8.0,0.0007335394377550947,8.971067346696571e-06,81.76724233657737,81.76724233657737,0.04571947297064661,0.10513340033698577,-0.00025323920352704476,-0.24023283151643834,0.0010541406931288508,40.0,646.0
7285673-r2,7285673,K04559.01,2,0,official_kepler_false_positive,,ephemeris_contamination,3.698087715998288,8.0,0.0005004307486300478,6.652455318460673e-06,75.22496952987332,75.22496952987332,0.09013667574495349,0.01741006349764936,-0.0005566865345343341,-0.5293688924998555,0.001051604169458231,79.0,1231.0
7285673-r3,7285673,K04559.01,3,0,official_kepler_false_positive,,ephemeris_contamination,7.6877296155483545,8.0,0.0007100023914217651,9.57825077386904e-06,74.12651935975222,74.12651935975222,0.04335913852370277,0.1030440706337581,-0.000609729709312834,-0.5712326919493101,0.001067392881930749,35.0,563.0
7285673-r4,7285673,K04559.01,4,0,official_kepler_false_positive,,ephemeris_contamination,14.37462681785264,8.0,0.0008832045902179375,1.3059038677156894e-05,67.63166968506303,67.63166968506303,0.023189007795273567,0.15367396647594128,0.0003076879976326996,0.2884911679606045,0.0010665421746107549,19.0,297.0
7285673-r5,7285673,K04559.01,5,0,official_kepler_false_positive,,ephemeris_contamination,14.645669647300709,8.0,0.0008125661707917392,1.224600369463743e-05,66.35357877178862,66.35357877178862,0.022759856077647415,0.2907232846860229,0.0005985432670017055,0.5661514891944298,0.0010572139761627502,21.0,340.0
4035667-r1,4035667,K02684.01,1,0,official_kepler_false_positive,,ephemeris_contamination,2.869866338308941,8.0,0.0001388965472937211,7.312245033080333e-07,189.95061935884002,189.95061935884002,0.11614942789626533,0.05025185508989844,-0.00010722787627837072,-0.48676135552413136,0.00022028839196347184,74.0,1193.0
4035667-r2,4035667,K02684.01,2,0,official_kepler_false_positive,,ephemeris_contamination,5.755668980445692,8.0,0.0001303252228369537,9.855380357201884e-07,132.23763884639692,132.23763884639692,0.05791391660392561,0.0038209013090643048,0.00012694151365244544,0.570468787813033,0.00022252140058195367,39.0,617.0
4035667-r3,4035667,K02684.01,3,0,official_kepler_false_positive,,ephemeris_contamination,0.5584562016253468,1.0,0.00011236188163999125,8.92200148729636e-07,125.93797680932728,125.93797680932728,0.07461044670181621,0.042029464720451735,-0.00010869021619708263,-0.4829093697385074,0.00022507373641546393,380.0,765.0
4035667-r4,4035667,K02684.01,4,0,official_kepler_false_positive,,ephemeris_contamination,0.7978119979330475,1.0,0.0001151566058982486,1.0507079345664812e-06,109.59906374530412,109.59906374530412,0.052226172048823134,0.472523498904908,0.00012254389253918418,0.5484432315556512,0.00022343952024276098,267.0,539.0
4035667-r5,4035667,K02684.01,5,0,official_kepler_false_positive,,ephemeris_contamination,8.61411072966296,8.0,0.0001284779167846858,1.1916499173594057e-06,107.81515184374105,107.81515184374105,0.03869619787745351,0.02433193714715577,-0.0001080036347596014,-0.48420145043208235,0.00022305516570267022,26.0,414.0
6859801-r1,6859801,K03321.01,1,0,official_kepler_false_positive,,ephemeris_contamination,10.88079948772746,4.0,0.004221241709956326,3.21366683269036e-05,131.35281065904593,131.35281065904593,0.015317501885284378,0.029840437653480396,3.5085835766390794e-05,0.007811930730334803,0.00036236584540243167,24.0,86.0
6859801-r2,6859801,K03321.01,2,0,official_kepler_false_positive,,ephemeris_contamination,3.630018573379417,4.0,0.0006092642253450659,1.112066651567191e-05,54.78666449411591,54.78666449411591,0.045913447355038176,0.15918842744169065,-4.31504555309381e-06,-0.01197921188488368,0.0003602111386425076,98.0,739.0
6859801-r3,6859801,K03321.01,3,0,official_kepler_false_positive,,ephemeris_contamination,5.43581023715682,8.0,0.0005259550696012822,1.020848510073194e-05,51.5213632984165,51.5213632984165,0.06132173839601914,0.5388861911922191,-1.56562217605849e-05,-0.04324707296317646,0.000362018067070474,64.0,886.0
6859801-r4,6859801,K03321.01,4,0,official_kepler_false_positive,,ephemeris_contamination,2.7207857210762803,4.0,0.00043627969606018624,1.0242824116807853e-05,42.59369204087745,42.59369204087745,0.061256814667763386,0.6682324924217741,-5.638550730102665e-06,-0.015461138759484891,0.0003646918133144367,130.0,880.0
6859801-r5,6859801,K03321.01,5,0,official_kepler_false_positive,,ephemeris_contamination,1.8144981861964953,4.0,0.00030489343649767913,8.087806307663365e-06,37.69791521945651,37.69791521945651,0.09185276013751717,0.4544306791139084,-1.2501969929967771e-05,-0.034902920095561535,0.00035819266398737785,194.0,1463.0
10794405-r1,10794405,K07373.01,1,0,official_kepler_false_positive,,ephemeris_contamination,0.9524150285246834,2.0,0.0014610265438457213,7.409441265177596e-06,197.18444232929647,197.18444232929647,0.08749686936630863,0.01878961730152156,0.0015738844745178948,0.9709653363274898,0.00042938935881894875,302.0,1212.0
10794405-r2,10794405,K07373.01,2,0,official_kepler_false_positive,,ephemeris_contamination,1.4290303404724158,2.0,0.001099883740250414,8.887607902912548e-06,123.75475519008577,123.75475519008577,0.058314600448430357,0.05583295753595998,-0.00027036462311857967,-0.2129373248631098,0.0005570717589647987,203.0,817.0
10794405-r3,10794405,K07373.01,3,0,official_kepler_false_positive,,ephemeris_contamination,3.3330996129711346,2.0,0.001389315547163081,1.3454707142373722e-05,103.2586984214339,103.2586984214339,0.025001753025631825,0.05164572361192654,-0.0003112064840484763,-0.208281239848984,0.0005682487477031054,87.0,344.0
10794405-r4,10794405,K07373.01,4,0,official_kepler_false_positive,,ephemeris_contamination,1.9035823421891844,4.0,0.0005874299690939442,7.472654145073712e-06,78.61061915747871,78.61061915747871,0.08755421973235701,0.18931412906786024,0.0006678165478843923,1.0039400982572557,0.0005117654653022179,153.0,1223.0
10794405-r5,10794405,K07373.01,5,0,official_kepler_false_positive,,ephemeris_contamination,2.3823467964762517,4.0,0.0005987016614314444,8.26202578358173e-06,72.46426931046166,72.46426931046166,0.0699590281789304,0.010668422689983584,-0.00023626135629783995,-0.3766740556215233,0.000580439109197069,120.0,956.0
7777471-r1,7777471,K04075.01,1,0,official_kepler_false_positive,,ephemeris_contamination,12.622610170956493,8.0,0.0005876235077656654,1.4172281072286735e-05,41.4628742379896,41.4628742379896,0.026407639055534154,0.1524374360711161,0.00013373513799519454,0.21841841427899025,0.0005001972334338263,23.0,371.0
7777471-r2,7777471,K04075.01,2,0,official_kepler_false_positive,,ephemeris_contamination,6.287524343383207,8.0,0.0004068780195226183,1.0170360249145238e-05,40.006254405473406,40.006254405473406,0.05301503662313815,0.6319312426919823,-0.0002755692415916666,-0.5517388495669905,0.0004994559324722843,47.0,742.0
7777471-r3,7777471,K04075.01,3,0,official_kepler_false_positive,,ephemeris_contamination,25.02781329898261,8.0,0.0005320542908315971,1.9532260538565235e-05,27.23977031645103,27.23977031645103,0.013318516058567667,0.5897050989915005,0.0003854718889620967,0.7681992285269361,0.0005017863526122775,12.0,193.0
7777471-r4,7777471,K04075.01,4,0,official_kepler_false_positive,,ephemeris_contamination,37.82538301560703,8.0,0.0006127565859445586,2.3599149568544747e-05,25.965197778198775,25.965197778198775,0.008812424535021828,0.11036917001332142,0.00022831259696987072,0.3744829039559786,0.0005019802508949135,8.0,131.0
7777471-r5,7777471,K04075.01,5,0,official_kepler_false_positive,,ephemeris_contamination,18.70073895303165,8.0,0.0004237450567285551,1.673173682414343e-05,25.325826074260434,25.325826074260434,0.017824607582113506,0.3277421455146428,-0.00024274160670612055,-0.48161017926499866,0.0005040209222250589,17.0,264.0
7115332-r1,7115332,K06822.01,1,0,official_kepler_false_positive,,ephemeris_contamination,0.5674980421434836,4.0,2.9779782083639143e-05,4.871434306423308e-06,6.113144550542851,6.113144550542851,0.29368676945061145,0.03470899865058727,2.888291070313187e-06,0.010086869464701833,0.0002863416722522804,528.0,4232.0
7115332-r2,7115332,K06822.01,2,0,official_kepler_false_positive,,ephemeris_contamination,30.434934644767914,2.0,0.0002302297977440422,4.159598132213907e-05,5.534904825565554,5.534904825565554,0.0027380815600883575,0.10627622489194212,-6.096239999830999e-05,-0.21549056120103224,0.0002829005579573291,10.0,41.0
7115332-r3,7115332,K06822.01,3,0,official_kepler_false_positive,,ephemeris_contamination,1.0467420550722228,2.0,4.492889263139184e-05,8.190210435020307e-06,5.485682326217353,5.485682326217353,0.07961210016309464,0.15020520338755944,1.8728171547688355e-05,0.06637085204084643,0.0002821746440163602,285.0,1150.0
7115332-r4,7115332,K06822.01,4,0,official_kepler_false_positive,,ephemeris_contamination,38.422068984052856,1.0,0.00037107930819412784,6.827587341999885e-05,5.4349990649176245,5.4349990649176245,0.001084446198979042,0.5387377245131836,4.2737967006822863e-05,0.13532390428296429,0.00028300837827371694,8.0,15.0
7115332-r5,7115332,K06822.01,5,0,official_kepler_false_positive,,ephemeris_contamination,3.964648369938656,2.0,8.202011541136856e-05,1.530414690378087e-05,5.359339264516966,5.359339264516966,0.02101909817909595,0.1001653640222905,1.541924349157675e-05,0.05428253680583676,0.0002840553223724575,77.0,310.0
8552587-r1,8552587,K03941.01,1,0,official_kepler_false_positive,,ephemeris_contamination,0.53090101156948,2.0,0.0001867359721714603,4.263591566159532e-06,43.79780972774191,43.79780972774191,0.15696585901574864,0.3517506938346172,-1.6167719772308686e-05,-0.07858874728737135,0.000205725632871956,545.0,2190.0
8552587-r2,8552587,K03941.01,2,0,official_kepler_false_positive,,ephemeris_contamination,1.0617769632965453,2.0,0.0002137974077385245,5.743915019769561e-06,37.22154784718625,37.22154784718625,0.0784847818459017,0.001029555100055384,0.00014599156236683175,0.6457700171415812,0.00020410457238088134,275.0,1104.0
8552587-r3,8552587,K03941.01,3,0,official_kepler_false_positive,,ephemeris_contamination,1.5931723065476555,2.0,0.0001604971655030216,6.958116884099242e-06,23.06617841815669,23.06617841815669,0.052306541477559025,0.36062326361265784,-4.731369028521115e-05,-0.22138831560379477,0.00021371358355644024,182.0,731.0
8552587-r4,8552587,K03941.01,4,0,official_kepler_false_positive,,ephemeris_contamination,2.6551618074811323,2.0,0.00016437349362647633,8.785990786798437e-06,18.708589345832113,18.708589345832113,0.031385406756957314,0.33576882310531087,-3.143385923087827e-05,-0.1468283360377716,0.0002140857826161832,112.0,449.0
8552587-r5,8552587,K03941.01,5,0,official_kepler_false_positive,,ephemeris_contamination,2.124905987823933,4.0,9.959521958263368e-05,5.8022962279618825e-06,17.164794017698323,17.164794017698323,0.0784348425867754,0.015281277623609877,0.00010914318392440947,0.5191913150816188,0.0002102176611087028,138.0,1081.0
12108293-r1,12108293,K04540.01,1,0,official_kepler_false_positive,,ephemeris_contamination,0.7054527468593265,2.0,5.08660421857009e-05,8.089373322059327e-06,6.288007755432882,6.288007755432882,0.11812744893876037,0.025612543615187854,4.4293744435597304e-05,0.13343694918121035,0.0003319451224521434,410.0,1645.0
12108293-r2,12108293,K04540.01,2,0,official_kepler_false_positive,,ephemeris_contamination,1.0581625145530116,2.0,5.927416859145616e-05,9.700038137627664e-06,6.1107150044621195,6.1107150044621195,0.07875286847458866,0.13554589853593138,-3.570136801300805e-05,-0.10733973398763962,0.00033260160694192827,272.0,1095.0
12108293-r3,12108293,K04540.01,3,0,official_kepler_false_positive,,ephemeris_contamination,2.1162254009440105,2.0,7.872512749060792e-05,1.3409587100496528e-05,5.870809212887166,5.870809212887166,0.03937828801041695,0.019876955266577984,3.647773954573719e-05,0.10950281980247922,0.0003331214630959787,136.0,550.0
12108293-r4,12108293,K04540.01,4,0,official_kepler_false_positive,,ephemeris_contamination,0.5390070965741228,1.0,5.320406954550859e-05,9.75078911559945e-06,5.456386033453638,5.456386033453638,0.07730263095142158,0.018927963829014367,-2.197004145854109e-05,-0.06530514871895451,0.0003364212759562155,535.0,1082.0
12108293-r5,12108293,K04540.01,5,0,official_kepler_false_positive,,ephemeris_contamination,0.6467156570132034,4.0,3.187084016098128e-05,5.962322070798181e-06,5.345373796071151,5.345373796071151,0.2577124349152165,0.0005831343922619273,4.584389033945868e-06,0.013768966680727626,0.0003329508408472381,449.0,3602.0
8524346-r1,8524346,K04083.01,1,0,official_kepler_false_positive,,ephemeris_contamination,4.66405751658405,8.0,0.00015863475528595718,5.932403571045563e-06,26.74038496979706,26.74038496979706,0.07146852974005909,0.014506986201682765,-8.983325742528692e-05,-0.2758781735634453,0.00032562654835985945,62.0,996.0
8524346-r2,8524346,K04083.01,2,0,official_kepler_false_positive,,ephemeris_contamination,3.413664861785844,8.0,0.00012518534730079087,5.162044023531505e-06,24.251119659213586,24.251119659213586,0.09764676581606534,0.21742525305816607,-8.406969108643025e-05,-0.25653357549325745,0.0003277141829282299,84.0,1353.0
8524346-r3,8524346,K04083.01,3,0,official_kepler_false_positive,,ephemeris_contamination,18.47829838699007,8.0,0.00026221276677669726,1.137434977230677e-05,23.05298957968648,23.05298957968648,0.018039179060341498,0.390894273176025,5.9525339479726824e-06,0.01835647597180284,0.00032427433005748475,16.0,256.0
8524346-r4,8524346,K04083.01,4,0,official_kepler_false_positive,,ephemeris_contamination,27.220583746058033,8.0,0.000320672838593705,1.4001651500992417e-05,22.902501077889003,22.902501077889003,0.012245635010733566,0.287163109000895,2.316400343438385e-05,0.07134457427544072,0.0003246778562999668,10.0,162.0
8524346-r5,8524346,K04083.01,5,0,official_kepler_false_positive,,ephemeris_contamination,6.841325016680623,8.0,0.00015432141682797696,7.082722978630295e-06,21.788430423382263,21.788430423382263,0.04872350495270943,0.2935922296511375,6.101712462158737e-05,0.18826184053137252,0.0003241077663395057,42.0,678.0
2438513-r1,2438513,K01944.02,1,0,official_kepler_false_positive,,ephemeris_contamination,12.831113302433204,8.0,0.001207719143620273,1.0737639080951537e-05,112.47529689862219,112.47529689862219,0.02597851998315082,0.4669041971461834,0.00024770313289024237,0.17877746584312817,0.0013161831260004768,24.0,389.0
2438513-r2,2438513,K01944.02,2,0,official_kepler_false_positive,,ephemeris_contamination,4.350559889778908,8.0,0.0007182602097917538,6.607265134991705e-06,108.70764153051587,108.70764153051587,0.07661849090193149,0.0002322624680264108,-0.0006520472839479652,-0.5015672850777664,0.0013000195653647296,67.0,1084.0
2438513-r3,2438513,K01944.02,3,0,official_kepler_false_positive,,ephemeris_contamination,25.86109368619938,8.0,0.00155199374644826,1.49306754249731e-05,103.94665360231392,103.94665360231392,0.012889374957533783,0.12576715594445137,0.0010542261317846302,0.6572609715145417,0.0013013551202781398,12.0,195.0
2438513-r4,2438513,K01944.02,4,0,official_kepler_false_positive,,ephemeris_contamination,6.212085730171168,8.0,0.0007842415217894324,7.818133151642255e-06,100.31058650167616,100.31058650167616,0.053658843070111435,0.22013033883635857,-0.0007593052577159476,-0.5797061413172413,0.0013098106154104405,47.0,754.0
2438513-r5,2438513,K01944.02,5,0,official_kepler_false_positive,,ephemeris_contamination,11.943276705131742,8.0,0.0010099399676734913,1.0357185345432525e-05,97.51104513340302,97.51104513340302,0.02790970531479924,0.676654866511895,0.00013843898136256527,0.1051753505521209,0.0013162683141613126,26.0,419.0
9777200-r1,9777200,K04455.01,1,0,official_kepler_false_positive,,ephemeris_contamination,0.7892514756491343,8.0,4.1237462170318724e-05,1.8537671815958631e-06,22.245221827057264,22.245221827057264,0.42234109611157483,0.032781621944161406,-1.3101971522599953e-05,-0.08771229133254381,0.00014937440720738237,447.0,7097.0
9777200-r2,9777200,K04455.01,2,0,official_kepler_false_positive,,ephemeris_contamination,0.8115050708242348,8.0,3.660379693426401e-05,1.8617348553033062e-06,19.661122436417333,19.661122436417333,0.41075939672782463,0.08495433385990961,-1.9777716405933177e-05,-0.13361279483162922,0.00014802262336369702,434.0,6888.0
9777200-r3,9777200,K04455.01,3,0,official_kepler_false_positive,,ephemeris_contamination,1.6231247487821403,8.0,3.38104957949222e-05,2.272442580874693e-06,14.878481894098329,14.878481894098329,0.20536519671913037,0.0036995376045906307,2.3799158878734517e-05,0.1566151382598916,0.00015195950495693156,215.0,3424.0
9777200-r4,9777200,K04455.01,4,0,official_kepler_false_positive,,ephemeris_contamination,1.5786113587508428,8.0,3.122135961790336e-05,2.2476421587705363e-06,13.890716320689362,13.890716320689362,0.21115604641100544,0.13010172803449063,4.159384653712461e-05,0.2761886216528373,0.0001505994211065187,222.0,3528.0
9777200-r5,9777200,K04455.01,5,0,official_kepler_false_positive,,ephemeris_contamination,2.3680796716420796,8.0,3.376332109654718e-05,2.639654999147999e-06,12.790808309208954,12.790808309208954,0.14076102984414898,0.02909062708847333,-2.6486408310155696e-05,-0.17450007896850242,0.00015178450615450174,150.0,2351.0
8560861-r1,8560861,K07059.01,1,0,official_kepler_false_positive,,ephemeris_contamination,47.90757180112539,8.0,0.02533271948005703,1.5206254605967999e-06,16659.40768222748,16659.40768222748,0.006957842378592501,2.998466218640355,-8.87966719562705e-05,-0.0063965767722987225,0.0008969097365116884,4.0,46.0
8560861-r2,8560861,K07059.01,2,0,official_kepler_false_positive,,ephemeris_contamination,31.891972688199044,8.0,0.0172980907374401,1.1534651460357404e-06,14996.630628060708,14996.630628060708,0.010451950921702511,0.7479977529931219,-0.0009386001057010152,-0.05046647598353373,0.0008897015170481489,6.0,81.0
8560861-r3,8560861,K07059.01,3,0,official_kepler_false_positive,,ephemeris_contamination,29.432164509221778,8.0,0.01307473561039758,9.76838718433082e-07,13384.743421483514,13384.743421483514,0.011325478057480015,20.7283576261852,0.0003145107047843876,0.34834397125784977,0.0009028739715193226,7.0,114.0
8560861-r4,8560861,K07059.01,4,0,official_kepler_false_positive,,ephemeris_contamination,44.20752862151668,8.0,0.015044114881512242,1.155452362139836e-06,13020.108292176881,13020.108292176881,0.00754019380244417,14.681530560269076,-0.000291476903941712,-0.3233231115905577,0.0009015034604480289,5.0,81.0
8560861-r5,8560861,K07059.01,5,0,official_kepler_false_positive,,ephemeris_contamination,20.853809886990202,8.0,0.009957761851786321,8.572514187053768e-07,11615.917611223738,11615.917611223738,0.015984289448293363,0.08976122657560573,3.817726453847481e-05,0.04243406046119998,0.0008996844545051866,10.0,149.0
3247396-r1,3247396,K00121.01,1,0,official_kepler_false_positive,,ephemeris_contamination,8.813089739506022,4.0,0.0002948674603865558,7.2995875326583145e-06,40.39508521095478,40.39508521095478,0.018911263994006305,0.0370835866688709,2.732246490178003e-05,0.08992430505168875,0.00012244923875031773,25.0,195.0
3247396-r2,3247396,K00121.01,2,0,official_kepler_false_positive,,ephemeris_contamination,4.404775412246588,4.0,0.0001684341256746888,5.251219329637504e-06,32.07524102527174,32.07524102527174,0.03783772180603889,2.1300614825671964,-6.064484583401253e-07,-0.004655743327857155,0.00012327428812743948,49.0,384.0
3247396-r3,3247396,K00121.01,3,0,official_kepler_false_positive,,ephemeris_contamination,2.9361239392175866,4.0,0.00010141212496510932,4.345223464238617e-06,23.338759398621413,23.338759398621413,0.056764179618071474,0.16271948369528863,-3.0758754747672867e-06,-0.02503956267715753,0.00012284062283457012,72.0,572.0
3247396-r4,3247396,K00121.01,4,0,official_kepler_false_positive,,ephemeris_contamination,17.64035221233747,8.0,0.00016062832557053354,7.322464352454593e-06,21.936375220002084,21.936375220002084,0.018896070175980027,0.38970861956744546,0.00013702201442911122,1.0867243676837115,0.000122562122370312,12.0,194.0
3247396-r5,3247396,K00121.01,5,0,official_kepler_false_positive,,ephemeris_contamination,2.201945608141743,4.0,7.862051857784483e-05,3.7865522258577294e-06,20.76308839502028,20.76308839502028,0.07569063743010405,1.0119085369881746,-4.8974646496002805e-06,-0.03974704228215418,0.0001232158260942895,97.0,769.0
3544689-r1,3544689,K01183.01,1,0,official_kepler_false_positive,,ephemeris_contamination,3.8445176770164444,4.0,0.0020267336199695347,1.4459459347923537e-05,140.16662526601215,140.16662526601215,0.04335177535092233,0.3361725235198377,0.0006875513692545798,0.33237225361689016,0.0019792644184069715,74.0,591.0
3544689-r2,3544689,K01183.01,2,0,official_kepler_false_positive,,ephemeris_contamination,1.92242299907935,2.0,0.0019524276240852274,1.4396100560653602e-05,135.62197734443893,135.62197734443893,0.04334807343297585,1.0082619848705663,-4.113898159663343e-05,-0.019539598445405693,0.002008017519868589,148.0,598.0
3544689-r3,3544689,K01183.01,3,0,official_kepler_false_positive,,ephemeris_contamination,15.370195708316917,8.0,0.0026396469799827137,1.985238888455379e-05,132.9636949655212,132.9636949655212,0.021686993429300604,1.0766919620170934,0.0006412602336679507,0.30234272245204247,0.0020243947951942547,19.0,305.0
3544689-r4,3544689,K01183.01,4,0,official_kepler_false_positive,,ephemeris_contamination,7.687722405840508,8.0,0.001779188204554865,1.4223471508382557e-05,125.08818283260216,125.08818283260216,0.04335917918681529,0.6848605667592446,0.0005555857306192014,0.27908475409134564,0.0019907419609075305,38.0,608.0
3544689-r5,3544689,K01183.01,5,0,official_kepler_false_positive,,ephemeris_contamination,43.06884199881635,8.0,0.00397709177740831,3.455555030937981e-05,115.09270556541426,115.09270556541426,0.007739547149711947,0.9857666292857545,-0.0006366669840156547,-0.3092233275571172,0.002058922879607312,7.0,99.0
2711123-r1,2711123,K04953.01,1,0,official_kepler_false_positive,,ephemeris_contamination,1.4290262766358577,2.0,0.00026137575688884457,3.2637510451847745e-06,80.08446516607611,80.08446516607611,0.05831476628233352,0.17274492603221162,-6.6195311454464445e-06,-0.012465284743922164,0.0005310372993022885,204.0,823.0
2711123-r2,2711123,K04953.01,2,0,official_kepler_false_positive,,ephemeris_contamination,3.932098334687098,8.0,0.0001913758072348249,2.7498282774505062e-06,69.59554849448938,69.59554849448938,0.08477237977311643,0.13178425778369882,-5.93180104857538e-06,-0.011026823754428863,0.0005379428546858659,75.0,1193.0
2711123-r3,2711123,K04953.01,3,0,official_kepler_false_positive,,ephemeris_contamination,4.962005671199837,8.0,0.0001984170385534711,3.0932891430105585e-06,64.14435553229943,64.14435553229943,0.06717713671067445,0.017515688067422472,-1.864568081888507e-05,-0.03454872296286828,0.000539692330710017,59.0,922.0
2711123-r4,2711123,K04953.01,4,0,official_kepler_false_positive,,ephemeris_contamination,5.752049108874455,8.0,0.0002086276122705797,3.2712907923033026e-06,63.77531852608121,63.77531852608121,0.057950362909637794,0.015058564053446195,1.1790879839157498e-05,0.022118140196832448,0.0005330864048346197,52.0,818.0
2711123-r5,2711123,K04953.01,5,0,official_kepler_false_positive,,ephemeris_contamination,34.46826095382222,8.0,0.0005498008009557084,8.742264499057592e-06,62.88997559098977,62.88997559098977,0.009670732555376272,0.39705876572563936,-0.0002911372038911786,-0.5434083658615387,0.0005357613577214613,8.0,109.0
9719634-r1,9719634,K01500.01,1,0,official_kepler_false_positive,,ephemeris_contamination,1.675661259598793,2.0,0.00010841212046890401,1.0701880692106319e-05,10.130193335912306,10.130193335912306,0.049731610643839796,0.6221457018862082,-5.576386047589921e-06,-0.018778104658469904,0.000296962134837963,173.0,692.0
9719634-r2,9719634,K01500.01,2,0,official_kepler_false_positive,,ephemeris_contamination,3.3546911646113697,8.0,7.668840893950962e-05,7.72391598843184e-06,9.928695373482357,9.928695373482357,0.09936334433692913,0.11633565475032312,-8.20470349327529e-06,-0.027804757128637565,0.00029508272470486134,88.0,1410.0
9719634-r3,9719634,K01500.01,3,0,official_kepler_false_positive,,ephemeris_contamination,1.1175370790578971,4.0,4.857453652108857e-05,6.5265959028226884e-06,7.442553092659002,7.442553092659002,0.14913748258551698,0.009982884060809208,-2.643061678408998e-07,-0.0009001017386000529,0.0002936403258724738,259.0,2085.0
9719634-r4,9719634,K01500.01,4,0,official_kepler_false_positive,,ephemeris_contamination,5.0262347828311364,2.0,0.0001275032865627233,1.8043755095900784e-05,7.066338790626222,7.066338790626222,0.01657967383815565,0.39112570887554204,-2.1228412348417436e-05,-0.07123880422650915,0.0002979894536258652,58.0,236.0
9719634-r5,9719634,K01500.01,5,0,official_kepler_false_positive,,ephemeris_contamination,46.976026665264136,8.0,0.00017606499153094752,2.561513380309158e-05,6.87347537921889,6.87347537921889,0.007095817952177141,0.2759499711316958,4.839137876522237e-05,0.16249285006431338,0.0002978062034487637,7.0,116.0
6386784-r1,6386784,K06700.01,1,0,official_kepler_false_positive,,ephemeris_contamination,7.637214514866103,8.0,2.360743757449744e-05,2.7784630904202748e-06,8.496581313565889,8.496581313565889,0.04364593042194748,0.01400607998637268,-2.756813502147182e-06,-0.03579045619163396,7.70264979967366e-05,30.0,471.0
6386784-r2,6386784,K06700.01,2,0,official_kepler_false_positive,,ephemeris_contamination,32.80591161436285,8.0,4.720084375987317e-05,5.58915238580279e-06,8.445080846206618,8.445080846206618,0.010160770328582966,0.014792489493647382,2.700701727031962e-06,0.03502832246523382,7.710051572445277e-05,7.0,113.0
6386784-r3,6386784,K06700.01,3,0,official_kepler_false_positive,,ephemeris_contamination,13.978579138860097,8.0,3.1263980313928065e-05,3.7189865657411256e-06,8.406585977461773,8.406585977461773,0.023846009671088464,0.20327948487648825,-3.4432914586268737e-06,-0.044593813731302605,7.721455445309575e-05,16.0,257.0
6386784-r4,6386784,K06700.01,4,0,official_kepler_false_positive,,ephemeris_contamination,4.674584563219139,8.0,1.8355338339472944e-05,2.231046031865782e-06,8.227234255728339,8.227234255728339,0.07130758441211817,0.028637911888729314,-3.2538011205396344e-06,-0.04213786174145318,7.721799317924817e-05,47.0,751.0
6386784-r5,6386784,K06700.01,5,0,official_kepler_false_positive,,ephemeris_contamination,38.29263640490447,8.0,4.7069510311226666e-05,5.909556579269422e-06,7.9649817511427745,7.9649817511427745,0.008704893802784507,0.3051118273341787,-3.4503186585599366e-05,-0.44838888245373826,7.694924637021787e-05,6.0,101.0
12164770-r1,12164770,K02088.01,1,0,official_kepler_false_positive,,ephemeris_contamination,2.628213395114057,8.0,0.00021086617661741943,7.15689371938633e-06,29.463365656280867,29.463365656280867,0.12682886935779716,0.08132454560184874,5.751973722611936e-05,0.1446540834800007,0.00039763645686553893,111.0,1769.0
12164770-r2,12164770,K02088.01,2,0,official_kepler_false_positive,,ephemeris_contamination,1.3141835330928509,8.0,0.00014362175740686306,5.488844585209571e-06,26.166118420235684,26.166118420235684,0.2536429082693295,0.42355111369276544,-2.2767099218334863e-05,-0.05806245950273061,0.00039211393064160765,221.0,3509.0
12164770-r3,12164770,K02088.01,3,0,official_kepler_false_positive,,ephemeris_contamination,7.882796671431752,8.0,0.00025189249087327603,1.1675365867409496e-05,21.574697849632816,21.574697849632816,0.04228617675010892,0.22301919694135539,7.734386242819191e-05,0.19255695078420812,0.0004016674657196275,38.0,605.0
12164770-r4,12164770,K02088.01,4,0,official_kepler_false_positive,,ephemeris_contamination,3.9420896130158116,8.0,0.0001743806135217949,8.554155933385483e-06,20.385484538715932,20.385484538715932,0.08455752305395305,0.3892172323716217,-8.615058934413611e-05,-0.2139346875692097,0.000402695749450475,76.0,1183.0
12164770-r5,12164770,K02088.01,5,0,official_kepler_false_positive,,ephemeris_contamination,5.2647182834421535,8.0,0.00018889378443331665,9.724274369759763e-06,19.42497478482636,19.42497478482636,0.06331456222105675,0.1440054311873504,0.00019478787490523342,0.4941818019351052,0.0003941623793965859,56.0,892.0
11912932-r1,11912932,K03085.01,1,0,official_kepler_false_positive,,ephemeris_contamination,28.209199454524907,8.0,9.596524188172215e-05,1.6372008458475428e-05,5.861543629489335,5.861543629489335,0.011816476177237453,0.07363749948311946,2.401950991215429e-06,0.010400857547970073,0.0002309377837488233,11.0,175.0
11912932-r2,11912932,K03085.01,2,0,official_kepler_false_positive,,ephemeris_contamination,3.74264304202458,4.0,5.0461162841179645e-05,8.740008398517651e-06,5.7735828777622356,5.7735828777622356,0.044531809417899616,0.08343532017964816,-9.324835034352219e-06,-0.03989447560729527,0.00023373750105508447,78.0,628.0
11912932-r3,11912932,K03085.01,3,0,official_kepler_false_positive,,ephemeris_contamination,0.5060001784961135,4.0,2.1946965873749043e-05,3.860898727993134e-06,5.684418944901181,5.684418944901181,0.32938064797134614,0.05266722307078773,3.53874426650691e-06,0.01542605518890933,0.00022940046714283214,571.0,4586.0
11912932-r4,11912932,K03085.01,4,0,official_kepler_false_positive,,ephemeris_contamination,46.97602992879774,8.0,0.00011847337924830121,2.123669348567304e-05,5.578711174045394,5.578711174045394,0.007095817459214232,0.43531503963311874,-3.265480563419132e-05,-0.14109849652000184,0.00023143269729711288,6.0,100.0
11912932-r5,11912932,K03085.01,5,0,official_kepler_false_positive,,ephemeris_contamination,3.844529260018145,1.0,9.681980307721707e-05,1.746889874831025e-05,5.5424102270088635,5.5424102270088635,0.010837911184598453,0.04439601795856209,1.0412435539564058e-05,0.04506404422779389,0.0002310586126475981,74.0,152.0
7376490-r1,7376490,K03586.01,1,0,official_kepler_false_positive,,ephemeris_contamination,5.8738350592373605,4.0,0.006028624810835005,6.283862636742251e-06,959.3820169755382,959.3820169755382,0.028374420627382428,0.16929616518721036,1.72315922170041e-05,0.0029409012385282923,0.0004061810339751014,34.0,273.0
7376490-r2,7376490,K03586.01,2,0,official_kepler_false_positive,,ephemeris_contamination,1.4697541854092144,4.0,0.0019135341981240664,3.2083140062631016e-06,596.4298364775286,596.4298364775286,0.11339764725368869,0.6291192715899954,-1.153533397713069e-05,-0.02886503627469137,0.0003996299837407368,145.0,1152.0
7376490-r3,7376490,K03586.01,3,0,official_kepler_false_positive,,ephemeris_contamination,17.6403851627859,4.0,0.006274009686841143,1.062251447089211e-05,590.6331974442802,590.6331974442802,0.00944801744001974,0.12471716531556336,1.990593667711149e-05,0.0033246665966080702,0.0004145927473263826,12.0,94.0
7376490-r4,7376490,K03586.01,4,0,official_kepler_false_positive,,ephemeris_contamination,2.9361319157243106,4.0,0.002574733433038304,4.420615745825246e-06,582.4377374282843,582.4377374282843,0.05676402540842647,11.404894420381734,0.00011345944584162382,0.2817385916282833,0.0004027117662010553,72.0,570.0
7376490-r5,7376490,K03586.01,5,0,official_kepler_false_positive,,ephemeris_contamination,1.9605988071105098,4.0,0.0016924290663356545,3.645772476214491e-06,464.216864156304,464.216864156304,0.08500804247264465,0.1439535076125777,-2.497745413521102e-05,-0.060465391124629814,0.000413086786848498,107.0,865.0
4647662-r1,4647662,K04806.01,1,0,official_kepler_false_positive,,ephemeris_contamination,37.82537187117182,4.0,0.0002107926630441832,3.1983380852644495e-05,6.590693586001999,6.590693586001999,0.004406213565706932,0.7307667736077429,-3.8354455518474495e-05,-0.14345408817589025,0.00026736397690840135,8.0,64.0
4647662-r2,4647662,K04806.01,2,0,official_kepler_false_positive,,ephemeris_contamination,3.912294203732288,8.0,4.963662092824006e-05,7.754999232566447e-06,6.40059649777854,6.40059649777854,0.0852014996764141,0.006032900424293317,-1.459077162802025e-05,-0.054813629377478364,0.0002661887525735571,74.0,1182.0
4647662-r3,4647662,K04806.01,3,0,official_kepler_false_positive,,ephemeris_contamination,6.237029535963001,8.0,6.0357322947226624e-05,9.548623297074517e-06,6.321049754441433,6.321049754441433,0.05344424479815558,0.15244627277477424,-1.0786209292845683e-05,-0.040448804143816776,0.0002666632431083756,47.0,753.0
4647662-r4,4647662,K04806.01,4,0,official_kepler_false_positive,,ephemeris_contamination,12.420748620691429,8.0,7.847436749975851e-05,1.3114644511147924e-05,5.9837205219746865,5.9837205219746865,0.026836815035290326,0.09320501549397274,-1.8829827919120135e-08,-7.046264428408503e-05,0.00026723135514477295,24.0,389.0
4647662-r5,4647662,K04806.01,5,0,official_kepler_false_positive,,ephemeris_contamination,18.700724788178594,4.0,0.00014060453223299263,2.416075545268714e-05,5.8195420465362435,5.8195420465362435,0.008912310541676047,0.12908223960069895,2.305173594785437e-06,0.008607151136975999,0.0002678207409281449,14.0,112.0
9468382-r1,9468382,K03409.01,1,0,official_kepler_false_positive,,ephemeris_contamination,11.12568688276206,8.0,0.00019275488007341622,7.395253037285096e-06,26.064676773274996,26.064676773274996,0.029960696975014998,0.20754003494898815,1.9853902496702602e-05,0.06909014958333863,0.00028736227402075925,20.0,306.0
9468382-r2,9468382,K03409.01,2,0,official_kepler_false_positive,,ephemeris_contamination,5.533152156687707,4.0,0.000183288135618223,7.4728580371414835e-06,24.527180190931922,24.527180190931922,0.03012146818793391,0.6028089921963382,-1.3315363212695885e-05,-0.0464473799070805,0.00028667630422498974,37.0,299.0
9468382-r3,9468382,K03409.01,3,0,official_kepler_false_positive,,ephemeris_contamination,3.021373456121891,8.0,9.480350855696949e-05,3.998030248278326e-06,23.712554100308466,23.712554100308466,0.11032510153881675,0.08863120730677762,-1.2586522768476271e-06,-0.0044005596114009326,0.00028602095824056595,71.0,1142.0
9468382-r4,9468382,K03409.01,4,0,official_kepler_false_positive,,ephemeris_contamination,1.0087142177122168,8.0,5.9428273445358974e-05,2.6708032256620965e-06,22.251086442591294,22.251086442591294,0.33045368795270846,0.023414644788467803,-1.0691666865847438e-05,-0.03681373827173248,0.0002904260031113727,215.0,3398.0
9468382-r5,9468382,K03409.01,5,0,official_kepler_false_positive,,ephemeris_contamination,3.7302099847704184,8.0,9.561184588186447e-05,4.369141645944487e-06,21.883439272474273,21.883439272474273,0.08936047426130324,0.11193788820685777,-1.6319257757357875e-05,-0.05673386310767363,0.0002876458055815097,58.0,934.0
7031726-r1,7031726,K07806.01,1,0,official_kepler_false_positive,,ephemeris_contamination,3.7302003888518294,8.0,0.00011660951962943492,5.637702809875689e-06,20.683871350076746,20.683871350076746,0.08936070414059837,0.04120104882240651,-4.927411200017495e-05,-0.1914850046880671,0.00025732621768708976,57.0,900.0
7031726-r2,7031726,K07806.01,2,0,official_kepler_false_positive,,ephemeris_contamination,3.779460923947382,8.0,0.00011118286554576299,5.6851540107388305e-06,19.55670248083814,19.55670248083814,0.0881959993874444,0.18717456027149104,-5.380150623945923e-05,-0.2091101497177992,0.00025728787584947967,56.0,886.0
7031726-r3,7031726,K07806.01,3,0,official_kepler_false_positive,,ephemeris_contamination,2.834351567221022,8.0,9.406413802097117e-05,4.926742546219552e-06,19.092562101331964,19.092562101331964,0.11760479440458209,0.11290434020833882,-4.408480432283035e-05,-0.16803181593478642,0.0002623598636816481,77.0,1225.0
7031726-r4,7031726,K07806.01,4,0,official_kepler_false_positive,,ephemeris_contamination,11.459781390819758,8.0,0.00016844147974526423,9.609717173765247e-06,17.52824528541937,17.52824528541937,0.02908723316488054,0.014672028490492886,2.6456012971576293e-05,0.10270854284290476,0.0002575833736833499,19.0,294.0
7031726-r5,7031726,K07806.01,5,0,official_kepler_false_positive,,ephemeris_contamination,3.8819910490769516,8.0,9.797866819837661e-05,5.736259670781762e-06,17.080584530969055,17.080584530969055,0.08586658988113646,0.06121920672493796,-3.520819071178849e-05,-0.13430273960046304,0.00026215541705648947,57.0,864.0
7362534-r1,7362534,K06864.01,1,0,official_kepler_false_positive,,ephemeris_contamination,13.73897018225992,8.0,5.3203290028272623e-05,7.921234936115696e-06,6.716539839728791,6.716539839728791,0.024261886364943214,0.33189442472345376,2.466086877828122e-05,0.15685093945167153,0.0001572248713618936,21.0,321.0
7362534-r2,7362534,K06864.01,2,0,official_kepler_false_positive,,ephemeris_contamination,4.678100106382947,8.0,2.8453686530921197e-05,4.646524261230627e-06,6.123649620928756,6.123649620928756,0.07125399751034033,0.018526390503573468,-8.081975753526649e-06,-0.051338751379327204,0.0001574244705293135,63.0,980.0
7362534-r3,7362534,K06864.01,3,0,official_kepler_false_positive,,ephemeris_contamination,39.761715356824446,8.0,7.390132682269623e-05,1.2200393814260326e-05,6.057290276672651,6.057290276672651,0.008383273466498526,0.2934263738402523,-5.564048961348433e-06,-0.03544225357824827,0.00015698914147951412,8.0,131.0
7362534-r4,7362534,K06864.01,4,0,official_kepler_false_positive,,ephemeris_contamination,19.646781364067973,8.0,5.738877910786467e-05,9.481952120399949e-06,6.0524223682163045,6.0524223682163045,0.016966307465657818,0.060387674701554296,8.61323367595812e-06,0.05460611486751422,0.0001577338672940863,14.0,224.0
7362534-r5,7362534,K06864.01,5,0,official_kepler_false_positive,,ephemeris_contamination,25.86111102437034,8.0,6.010604138632065e-05,1.0129911748548141e-05,5.933520733281342,5.933520733281342,0.01288936631605715,0.16725754125966644,4.668018081188663e-06,0.02973852697248352,0.00015696870546103004,12.0,194.0
6953219-r1,6953219,K06797.01,1,0,official_kepler_false_positive,,ephemeris_contamination,0.5667321700739698,2.0,0.0004327935430162525,6.995839413158542e-06,61.86441932932407,61.86441932932407,0.14704182634004467,0.11765340011025374,-1.0047948187486e-05,-0.0292590162947004,0.00034341373907727566,510.0,2053.0
6953219-r2,6953219,K06797.01,2,0,official_kepler_false_positive,,ephemeris_contamination,1.1338494338214231,2.0,0.00040085579556977297,9.51267641770799e-06,42.139118158542,42.139118158542,0.0734959429776088,0.21045209812256607,0.0002075630522300198,0.6045302543896631,0.00034334601241682523,254.0,1022.0
6953219-r3,6953219,K06797.01,3,0,official_kepler_false_positive,,ephemeris_contamination,1.699490888827072,2.0,0.0003565202779452196,1.144983616673306e-05,31.137587713357146,31.137587713357146,0.04903429249382268,0.009187105036354407,-2.492872372461541e-05,-0.06962501744301079,0.00035804262088724037,171.0,687.0
6953219-r4,6953219,K06797.01,4,0,official_kepler_false_positive,,ephemeris_contamination,2.2675846001992594,2.0,0.00040210290879524185,1.3253275761671993e-05,30.339888494443713,30.339888494443713,0.036749823281570435,0.004068069108857831,0.00021097110750600834,0.600500670704658,0.0003513253486602174,127.0,507.0
6953219-r5,6953219,K06797.01,5,0,official_kepler_false_positive,,ephemeris_contamination,2.8344093384946714,2.0,0.0004061920084840612,1.483295157989043e-05,27.38443567999982,27.38443567999982,0.02940059934236277,0.2486919595909235,2.7299907059408213e-06,0.007637597727590306,0.00035744101788431643,99.0,401.0
10095484-r1,10095484,K03839.01,1,0,official_kepler_false_positive,,ephemeris_contamination,0.6777518867052484,2.0,0.0007434261241969081,6.45613667469588e-06,115.15030763067413,115.15030763067413,0.12295551656586484,0.06351770123803148,0.00010992177757507271,0.24453340539815202,0.0002940310717225739,427.0,1714.0
10095484-r2,10095484,K03839.01,2,0,official_kepler_false_positive,,ephemeris_contamination,1.3554629197901262,2.0,0.0006956008459128239,8.841384188015931e-06,78.675559292591,78.675559292591,0.06147961122111425,0.03598621077513681,0.0004270441666711644,0.9450082723860419,0.00029937892293209413,213.0,854.0
10095484-r3,10095484,K03839.01,3,0,official_kepler_false_positive,,ephemeris_contamination,2.0331331029483923,2.0,0.000679259836817258,1.057591959300919e-05,64.22702355512016,64.22702355512016,0.04098764277286405,0.2223444036403292,5.4396318767468976e-05,0.13438925797613102,0.0003168306382859309,143.0,585.0
10095484-r4,10095484,K03839.01,4,0,official_kepler_false_positive,,ephemeris_contamination,2.7107624398733603,2.0,0.000682779628848405,1.2024609538269454e-05,56.78185446898666,56.78185446898666,0.030741658548738945,0.10511554122909364,0.00041260160676115376,0.9977131325771016,0.0003112029953283812,108.0,448.0
10095484-r5,10095484,K03839.01,5,0,official_kepler_false_positive,,ephemeris_contamination,1.0166125097193632,2.0,0.0003774016447660757,7.740830170045743e-06,48.75467313912734,48.75467313912734,0.08197157966936446,1.0173088047323102,-0.00011134884877872508,-0.35168513709488347,0.00031661516804073396,283.0,1139.0
9784222-r1,9784222,K01513.01,1,0,official_kepler_false_positive,,ephemeris_contamination,0.7982521869558021,2.0,0.00025084993568412196,6.707412268146198e-06,37.39891416476956,37.39891416476956,0.10439474478752334,0.09376561153299832,0.00018569209012708754,0.6903443985529726,0.00026898471330587427,362.0,1455.0
9784222-r2,9784222,K01513.01,2,0,official_kepler_false_positive,,ephemeris_contamination,1.5964477061734708,1.0,0.00035314065395002363,1.2913280218192517e-05,27.34709136509802,27.34709136509802,0.02609961259961192,0.17545327925177306,0.0003842395687614353,1.1375380259631322,0.00027945711702886234,180.0,361.0
9784222-r3,9784222,K01513.01,3,0,official_kepler_false_positive,,ephemeris_contamination,40.806186572977126,4.0,0.0007480350209060437,3.415575343592326e-05,21.900703268319624,21.900703268319624,0.004084348003668578,0.7129966074057562,0.00012118294600260704,0.4237976887589356,0.00028594527345697317,7.0,51.0
9784222-r4,9784222,K01513.01,4,0,official_kepler_false_positive,,ephemeris_contamination,38.76939467948133,4.0,0.0007525695203767784,3.454196572396094e-05,21.787107496743847,21.787107496743847,0.004298923623764362,1.8910969771466697,7.813496143249665e-05,0.2727233187545863,0.0002864990122198074,6.0,49.0
9784222-r5,9784222,K01513.01,5,0,official_kepler_false_positive,,ephemeris_contamination,45.597180521719665,4.0,0.0006986089970248365,3.241532289489975e-05,21.55181360648288,21.55181360648288,0.0036551967634770094,0.490815825138245,8.374567628655072e-05,0.2923070332343745,0.0002864990122198074,7.0,56.0
7695087-r1,7695087,K03693.01,1,0,official_kepler_false_positive,,ephemeris_contamination,4.03715535513763,4.0,0.0018397048863674095,9.71487818035463e-06,189.36983585524007,189.36983585524007,0.041283193735551664,0.16486858914851482,8.13694403315468e-05,0.21829542916322758,0.00037274917135669323,87.0,701.0
7695087-r2,7695087,K03693.01,2,0,official_kepler_false_positive,,ephemeris_contamination,2.0157297524350772,4.0,0.0012025349674942122,7.011449931171866e-06,171.51016969370633,171.51016969370633,0.08268304144706257,2.3767721610836574,-3.015859111510366e-05,-0.08240457232692111,0.0003659820112342361,175.0,1409.0
7695087-r3,7695087,K03693.01,3,0,official_kepler_false_positive,,ephemeris_contamination,8.06163252747554,4.0,0.002106473232863411,1.3433133393885386e-05,156.81175576074116,156.81175576074116,0.020674059019514437,0.3295760946836825,0.0007108173411360941,0.9124687937542494,0.0003682860129843361,45.0,359.0
7695087-r4,7695087,K03693.01,4,0,official_kepler_false_positive,,ephemeris_contamination,12.100017817185895,2.0,0.0034926944351101955,2.32424234890836e-05,150.27238604230016,150.27238604230016,0.006887042200464643,0.011919607569702602,0.00014185074659200936,0.09392732632817836,0.00037554495997615934,29.0,118.0
7695087-r5,7695087,K03693.01,5,0,official_kepler_false_positive,,ephemeris_contamination,1.3441716580437137,2.0,0.0010551896988829639,7.971494028068354e-06,132.37038065481138,132.37038065481138,0.06199605000942763,0.18292060227875556,3.3195483177816953e-06,0.008979050486238364,0.00036969925972343755,266.0,1065.0
5471792-r1,5471792,K04110.01,1,0,official_kepler_false_positive,,ephemeris_contamination,29.432173889084094,8.0,9.58450355390235e-05,1.292685596930274e-05,7.414411962709697,7.414411962709697,0.011325474448116152,0.00856902617582499,-1.4010830502009242e-05,-0.09184185472871134,0.00015255387147173125,7.0,113.0
5471792-r2,5471792,K04110.01,2,0,official_kepler_false_positive,,ephemeris_contamination,24.94318655633441,8.0,7.756519930646334e-05,1.0902101839054301e-05,7.114701408182012,7.114701408182012,0.013363702852500301,0.08892483032066888,4.9164941291923725e-05,0.3216149239339691,0.00015286896730581383,10.0,159.0
5471792-r3,5471792,K04110.01,3,0,official_kepler_false_positive,,ephemeris_contamination,31.027599570602288,8.0,8.747104577426099e-05,1.281773248879674e-05,6.824221511153748,6.824221511153748,0.010743123475434966,0.6402305629305631,2.1760235058065902e-05,0.14253584781054296,0.00015266499896215134,7.0,115.0
5471792-r4,5471792,K04110.01,4,0,official_kepler_false_positive,,ephemeris_contamination,12.457438278809791,8.0,5.501405269612025e-05,8.145081538132736e-06,6.754266662471283,6.754266662471283,0.02675777522416757,0.1911786818738256,-2.9524162385108355e-05,-0.19394802162308614,0.00015222719024422375,19.0,288.0
5471792-r5,5471792,K04110.01,5,0,official_kepler_false_positive,,ephemeris_contamination,13.174242346066485,8.0,5.9220260317442426e-05,8.8738544746577e-06,6.673566767019445,6.673566767019445,0.025301897792464605,0.2601337951145628,5.976126707385454e-06,0.03916350367886029,0.0001525942815635071,16.0,242.0
7699298-r1,7699298,K04534.01,1,0,official_kepler_false_positive,,ephemeris_contamination,1.6920868287481403,8.0,2.6908594391962083e-05,2.776214793853239e-06,9.692547727769428,9.692547727769428,0.1969954068964321,0.01292587215617053,-4.187041917180778e-06,-0.02848946460646532,0.00014696808013129817,174.0,2758.0
7699298-r2,7699298,K04534.01,2,0,official_kepler_false_positive,,ephemeris_contamination,3.391306497829345,4.0,4.270429176976455e-05,5.1309624868446555e-06,8.32286181769106,8.32286181769106,0.04914526798841216,0.025335042794077046,1.4412658551399282e-05,0.09808860615209533,0.00014693509385841553,86.0,681.0
7699298-r3,7699298,K04534.01,3,0,official_kepler_false_positive,,ephemeris_contamination,20.42161074726327,8.0,6.79819546031607e-05,8.437898564817953e-06,8.056739966822226,8.056739966822226,0.016322577952280468,0.15594684058203082,1.8596762041411807e-06,0.0125826998713629,0.00014779627767913607,15.0,243.0
7699298-r4,7699298,K04534.01,4,0,official_kepler_false_positive,,ephemeris_contamination,0.8511746710137831,8.0,1.8064518881131904e-05,2.2659967292506988e-06,7.971996891233524,7.971996891233524,0.39161566325313696,0.0945731660803583,-1.3007143730980886e-06,-0.008777019653966217,0.00014819544952372453,342.0,5465.0
7699298-r5,7699298,K04534.01,5,0,official_kepler_false_positive,,ephemeris_contamination,5.075496996731473,8.0,3.474753410925732e-05,4.458017822507091e-06,7.794391025946163,7.794391025946163,0.06567501341208436,0.07168558763912698,-9.337345669990782e-06,-0.06318355896822501,0.0001477812554795549,58.0,918.0
3858804-r1,3858804,K00391.01,1,0,official_kepler_false_positive,,ephemeris_contamination,45.59717217534721,8.0,0.00049375773692587,1.7700578012735677e-05,27.895006398695468,27.895006398695468,0.007310394865091106,2.0568323499783157,3.1558258531960703e-05,0.13258480799218256,0.00023802318689348958,7.0,100.0
3858804-r2,3858804,K00391.01,2,0,official_kepler_false_positive,,ephemeris_contamination,29.272273399106247,8.0,0.0003897923346502304,1.4215146300139086e-05,27.420916142552578,27.420916142552578,0.011387340121779225,0.27354576858502794,-4.947581800718304e-05,-0.20799843258078968,0.00023786630213170427,10.0,159.0
3858804-r3,3858804,K00391.01,3,0,official_kepler_false_positive,,ephemeris_contamination,36.06887056081092,8.0,0.0003890666428875282,1.5915865032989e-05,24.445208732362655,24.445208732362655,0.009241579460364425,0.45660098606891103,2.540814622253862e-05,0.10691955466342318,0.00023763797279666992,8.0,128.0
3858804-r4,3858804,K00391.01,4,0,official_kepler_false_positive,,ephemeris_contamination,33.003680281045234,8.0,0.0003837387010569111,1.5784956710518634e-05,24.310405666250503,24.310405666250503,0.010099883724930345,0.19897466598349495,3.9157824494151505e-05,0.16500555108980358,0.00023731216456372443,8.0,130.0
3858804-r5,3858804,K00391.01,5,0,official_kepler_false_positive,,ephemeris_contamination,16.170153245286013,8.0,0.0002586440314042375,1.0834810562144063e-05,23.87157854959813,23.87157854959813,0.02061411096586286,0.06371612416740771,-5.143752196024032e-05,-0.2171522772046234,0.0002368730488226497,17.0,276.0
10960993-r1,10960993,K01284.01,1,0,official_kepler_false_positive,,ephemeris_contamination,1.5577480805226587,4.0,0.003777329936031682,1.3060079717715529e-06,2892.2717300935537,2892.2717300935537,0.10699205394671155,0.14917436526537897,-0.0001178079197361459,-0.035870682629430654,0.0010554593248934328,138.0,1100.0
10960993-r2,10960993,K01284.01,2,0,official_kepler_false_positive,,ephemeris_contamination,0.7793489515529382,2.0,0.003302598952093931,1.3084950389007196e-06,2523.96749999792,2523.96749999792,0.10692685627828527,4.756243519813733,1.1458322132007481e-05,0.00827559075980797,0.0010528861744479783,272.0,1095.0
10960993-r3,10960993,K01284.01,3,0,official_kepler_false_positive,,ephemeris_contamination,4.674571809671522,2.0,0.006165847002130618,3.041615905360396e-06,2027.16161211027,2027.16161211027,0.017826944739819727,0.4803013697847867,-0.000118920422184976,-0.018903171051847828,0.001088513959898619,45.0,184.0
10960993-r4,10960993,K01284.01,4,0,official_kepler_false_positive,,ephemeris_contamination,0.5194357925392814,2.0,0.0021422337004463744,1.0972143234927149e-06,1952.4295796896768,1952.4295796896768,0.1604304796285893,0.3197183778057572,-7.797876295900785e-05,-0.07375452889184482,0.0010572742329268694,411.0,1661.0
10960993-r5,10960993,K01284.01,5,0,official_kepler_false_positive,,ephemeris_contamination,1.0389207779368457,2.0,0.0025377088384942546,1.4806695594109963e-06,1713.8927604507137,1713.8927604507137,0.08021144162582051,0.04333252320097173,0.000371270999923734,0.35481733371898155,0.0010463722164650048,207.0,832.0
7031132-r1,7031132,K06804.01,1,0,official_kepler_false_positive,,ephemeris_contamination,0.5670338225055992,4.0,1.3938719647154874e-05,1.8347271672450394e-06,7.597162071832597,7.597162071832597,0.2939272051360233,0.08693138219001816,-6.2116471153395025e-06,-0.06427606812384559,9.664012278055106e-05,377.0,3036.0
7031132-r2,7031132,K06804.01,2,0,official_kepler_false_positive,,ephemeris_contamination,1.1335647619051283,4.0,1.7209922610053596e-05,2.3633165473658364e-06,7.2821064233802515,7.2821064233802515,0.14702880000129673,0.036012622422085715,8.311308569819431e-06,0.08440666608746372,9.846744285821102e-05,188.0,1512.0
7031132-r3,7031132,K06804.01,3,0,official_kepler_false_positive,,ephemeris_contamination,21.64227645688149,8.0,4.548432879415031e-05,6.627164306258164e-06,6.86331690180045,6.86331690180045,0.015401953394202436,0.523780707260366,7.005683207550462e-06,0.07183524259279507,9.752432030142705e-05,11.0,168.0
7031132-r4,7031132,K06804.01,4,0,official_kepler_false_positive,,ephemeris_contamination,31.891952365894767,8.0,5.955542692625039e-05,8.755208869776382e-06,6.802285109592308,6.802285109592308,0.010451957581932167,0.014512487250468706,1.9143013580857904e-05,0.1954873381459586,9.792457026840772e-05,6.0,96.0
7031132-r5,7031132,K06804.01,5,0,official_kepler_false_positive,,ephemeris_contamination,2.267363822228758,2.0,2.979594520778713e-05,4.461447809058213e-06,6.678537211012873,6.678537211012873,0.036753401688935344,0.23036737434207763,1.0225930995533261e-05,0.10504712969726099,9.734612478231182e-05,93.0,376.0
2708278-r1,2708278,K04102.01,1,0,official_kepler_false_positive,,ephemeris_contamination,33.00367677115854,8.0,0.0004384459505237563,2.3871627539955668e-05,18.36682269735893,18.36682269735893,0.010099884799036353,0.6243335496961017,-7.807213874588825e-05,-0.20131441527158386,0.00038781196389024,9.0,127.0
2708278-r2,2708278,K04102.01,2,0,official_kepler_false_positive,,ephemeris_contamination,39.761704607555885,8.0,0.00042594954637523174,2.3697409433801306e-05,17.97451943281486,17.97451943281486,0.00838327573285151,0.4929112008232391,2.071224316502196e-07,0.0005357818360289473,0.00038657979371855595,8.0,134.0
2708278-r3,2708278,K04102.01,3,0,official_kepler_false_positive,,ephemeris_contamination,3.369235775864075,8.0,0.0001334914628770185,7.636690622478782e-06,17.480276401938188,17.480276401938188,0.09893440397410198,0.026498940641106146,-3.9199851636917415e-05,-0.10156335462451589,0.00038596452216294903,87.0,1403.0
2708278-r4,2708278,K04102.01,4,0,official_kepler_false_positive,,ephemeris_contamination,45.59717091918571,8.0,0.000587580696703643,3.419769232084804e-05,17.181881490448827,17.181881490448827,0.007310395066485982,2.470162340974185,2.5103686448813e-05,0.061277697798381235,0.00038785640123409896,4.0,63.0
2708278-r5,2708278,K04102.01,5,0,official_kepler_false_positive,,ephemeris_contamination,11.090606356881192,8.0,0.00021717646606301305,1.3388861838263933e-05,16.220681689488046,16.220681689488046,0.030055465193435153,0.22133091638187208,5.288965039262905e-07,0.0013609746551028535,0.00038861598336401053,27.0,422.0
10031885-r1,10031885,K00329.01,1,0,official_kepler_false_positive,,ephemeris_contamination,4.290490909646344,8.0,8.244804683490701e-05,4.666962501208173e-06,17.66631868448976,17.66631868448976,0.07769118740792513,0.33843365042411194,-1.588183609757543e-05,-0.09571936267147657,0.00016592082995876508,68.0,1081.0
10031885-r2,10031885,K00329.01,2,0,official_kepler_false_positive,,ephemeris_contamination,8.579344896205205,8.0,0.00011020194898013457,6.369989287976169e-06,17.300178069082314,17.300178069082314,0.03885300537116447,0.1556491751764542,3.12990044242234e-05,0.18904388167120528,0.0001655647574919151,35.0,556.0
10031885-r3,10031885,K00329.01,3,0,official_kepler_false_positive,,ephemeris_contamination,2.148417272830658,4.0,6.037372454050924e-05,4.657750392247646e-06,12.961992261542221,12.961992261542221,0.07757648794504159,0.5331040118483976,6.709193199561092e-06,0.040554160484469304,0.0001654378519839033,135.0,1086.0
10031885-r4,10031885,K00329.01,4,0,official_kepler_false_positive,,ephemeris_contamination,2.860509199713468,8.0,4.405031901302418e-05,3.8551946314243665e-06,11.42622441263077,11.42622441263077,0.11652936944468584,0.02427721296839419,4.079858922922952e-06,0.024717181641340503,0.000165061655577237,103.0,1656.0
10031885-r5,10031885,K00329.01,5,0,official_kepler_false_positive,,ephemeris_contamination,38.76939584552472,8.0,0.00016256983558584354,1.5166878936189625e-05,10.718740241140605,10.718740241140605,0.008597846988936534,0.024487009169407693,-8.141588021115531e-05,-0.4894244793730975,0.0001663502412373012,6.0,96.0
6364247-r1,6364247,K06693.01,1,0,official_kepler_false_positive,,ephemeris_contamination,1.5690337342026999,2.0,2.98316976080397e-05,4.928215156761043e-06,6.053245781510461,6.053245781510461,0.05311124389284016,0.08155289930939827,-2.038620774635902e-06,-0.01369795737114806,0.0001488266257077014,184.0,740.0
6364247-r2,6364247,K06693.01,2,0,official_kepler_false_positive,,ephemeris_contamination,2.335775135970608,8.0,1.880181829267478e-05,3.1515518869579826e-06,5.965892032583073,5.965892032583073,0.1427078010207605,0.02352578681831529,-2.5941620778180408e-06,-0.017388684670699754,0.0001491867916950182,125.0,2006.0
6364247-r3,6364247,K06693.01,3,0,official_kepler_false_positive,,ephemeris_contamination,1.4316616407780307,2.0,2.79738316754054e-05,4.711615629005098e-06,5.937205807535777,5.937205807535777,0.058207422033076314,0.17182700363700384,9.387982123909566e-06,0.06297790918494486,0.0001490678595940718,203.0,815.0
6364247-r4,6364247,K06693.01,4,0,official_kepler_false_positive,,ephemeris_contamination,0.715853592413377,2.0,1.998500835077685e-05,3.4483254850485368e-06,5.795569019638397,5.795569019638397,0.11641114079261565,0.036390356028849075,-4.714454493459641e-08,-0.0003148095658361575,0.00014975575729211726,404.0,1622.0
6364247-r5,6364247,K06693.01,5,0,official_kepler_false_positive,,ephemeris_contamination,21.26005536123874,1.0,0.00015215239804986435,2.6836894771230265e-05,5.669523219689896,5.669523219689896,0.001959856922227643,0.5202426502142166,7.966856199193018e-07,0.005342547650687347,0.00014912091983247054,12.0,24.0
10342041-r1,10342041,K01155.01,1,0,official_kepler_false_positive,,ephemeris_contamination,0.9340889098959835,4.0,0.0017129994881762542,5.2510156044979025e-06,326.2225095482362,326.2225095482362,0.17842698366392767,0.023606500811696653,-0.00017288443165286438,-0.10553055858272681,0.00034029454519256654,311.0,2497.0
10342041-r2,10342041,K01155.01,2,0,official_kepler_false_positive,,ephemeris_contamination,1.8669776513238245,4.0,0.0016192837513253568,7.036461143413867e-06,230.12757667837158,230.12757667837158,0.08927084185956255,0.016754559986622626,0.0017485678784185943,1.0146565625052681,0.0003301183157307839,156.0,1255.0
10342041-r3,10342041,K01155.01,3,0,official_kepler_false_positive,,ephemeris_contamination,3.7336452930074198,4.0,0.0015078972175636334,9.720647312855126e-06,155.12312802147508,155.12312802147508,0.04463912706941105,0.04506899121411671,0.001651514284683131,1.0228321799200026,0.0003861818912458828,78.0,626.0
10342041-r4,10342041,K01155.01,4,0,official_kepler_false_positive,,ephemeris_contamination,2.8037196542100435,8.0,0.0008165193833986169,6.299085279220035e-06,129.62507208661256,129.62507208661256,0.11888968029767262,0.10963188507787527,-0.0001764279565963367,-0.24781594929924763,0.0004358657007530533,103.0,1628.0
10342041-r5,10342041,K01155.01,5,0,official_kepler_false_positive,,ephemeris_contamination,5.606740194351446,4.0,0.0012141202258211773,1.1751960450023193e-05,103.31214361930405,103.31214361930405,0.02972612621404792,0.037004902306950846,0.001222290502695511,0.9622249476333045,0.0004209388304757387,52.0,422.0
8868649-r1,8868649,K03927.01,1,0,official_kepler_false_positive,,ephemeris_contamination,2.222174373279863,8.0,0.00011474114807858374,3.9288731357745035e-06,29.20459483249888,29.20459483249888,0.15000322987315495,0.5339225689907692,-4.245182549622584e-05,-0.22956986642908472,0.00018491897981453683,132.0,2109.0
8868649-r2,8868649,K03927.01,2,0,official_kepler_false_positive,,ephemeris_contamination,4.450275065769057,8.0,0.00015354537479060802,5.312037407400836e-06,28.905175738537825,28.905175738537825,0.0749017371751446,0.0563185407508769,6.71844516211273e-05,0.35892427782865327,0.00018718280086141303,67.0,1059.0
8868649-r3,8868649,K03927.01,3,0,official_kepler_false_positive,,ephemeris_contamination,6.665206088318186,8.0,0.00011124064690419757,6.369736738883396e-06,17.463931629252524,17.463931629252524,0.050010956738089765,0.6039694347191069,-4.587354651719444e-05,-0.2432913170190266,0.0001885539816186983,45.0,718.0
8868649-r4,8868649,K03927.01,4,0,official_kepler_false_positive,,ephemeris_contamination,8.873374321661016,8.0,0.00010039853612127193,7.3355464300645824e-06,13.686579054259768,13.686579054259768,0.037565566519562346,0.1761610197272517,9.967476956906918e-05,0.5318252778278544,0.0001874201429013924,33.0,535.0
8868649-r5,8868649,K03927.01,5,0,official_kepler_false_positive,,ephemeris_contamination,1.4822051475405198,8.0,3.7443341562628584e-05,3.363460774840493e-06,11.132385381959532,11.132385381959532,0.2248901468777424,0.018879160220962497,7.4351280405782205e-06,0.039432589645157216,0.00018855287231918692,198.0,3161.0
8552607-r1,8552607,K05542.01,1,0,official_kepler_false_positive,,ephemeris_contamination,0.530901015506581,2.0,0.00014684306708999184,4.728026411963012e-06,31.058004819610264,31.058004819610264,0.15696585785170783,0.3285976147048664,-2.8721485123117674e-05,-0.12729325581443202,0.0002256324181462357,545.0,2191.0
8552607-r2,8552607,K05542.01,2,0,official_kepler_false_positive,,ephemeris_contamination,1.0617769710860618,2.0,0.0001730243893033344,6.366521591157686e-06,27.17722492980216,27.17722492980216,0.07848478127011363,0.06061183701707304,0.00010164931051859227,0.4475810829075275,0.00022710814732890202,275.0,1106.0
8552607-r3,8552607,K05542.01,3,0,official_kepler_false_positive,,ephemeris_contamination,1.5931723181087347,2.0,0.0001320059476262268,7.77309557257481e-06,16.982416643888026,16.982416643888026,0.05230654109798925,0.39142493747678964,-2.0680855375321272e-05,-0.08972291354827568,0.00023049692166086287,182.0,720.0
8552607-r4,8552607,K05542.01,4,0,official_kepler_false_positive,,ephemeris_contamination,2.6551618263259806,2.0,0.00014096083977804206,9.978708434689004e-06,14.12616078529959,14.12616078529959,0.03138540653420131,0.4191564644461802,-8.889518091192983e-06,-0.038577363687974556,0.00023043352996057759,107.0,427.0
8552607-r5,8552607,K05542.01,5,0,official_kepler_false_positive,,ephemeris_contamination,3.7157809121716046,2.0,0.00014954877665128975,1.1489293351432026e-05,13.016359847113659,13.016359847113659,0.02242686942611776,0.3743650139256204,-6.953300800627282e-05,-0.30276665317516294,0.0002296587397491398,78.0,320.0
6543674-r1,6543674,K05298.01,1,0,official_kepler_false_positive,,ephemeris_contamination,1.195819356022428,4.0,0.26832104994856304,3.356207323884189e-06,79947.6981171804,79947.6981171804,0.13937445135613005,0.01411370071449758,-0.004006602950274107,-0.014045295299856646,0.003340723678987784,246.0,1943.0
6543674-r2,6543674,K05298.01,2,0,official_kepler_false_positive,,ephemeris_contamination,0.5976955124096046,4.0,0.15285482506828388,2.739829387714489e-06,55789.90639113932,55789.90639113932,0.27884878371388694,3.794322590626966,0.0002282682748089293,0.0029781844705179415,0.004486997869120234,485.0,3833.0
6543674-r3,6543674,K05298.01,3,0,official_kepler_false_positive,,ephemeris_contamination,2.389672188077401,4.0,0.20795177270521947,4.575500139116081e-06,45448.97090646634,45448.97090646634,0.06974457312521912,0.016810840809071362,0.23889927984085157,0.9214619501253756,0.0036459486155385346,124.0,974.0
6543674-r4,6543674,K05298.01,4,0,official_kepler_false_positive,,ephemeris_contamination,3.587076803278175,4.0,0.24458599323331331,5.39891965978767e-06,45302.76585796286,45302.76585796286,0.04646308841627047,0.02536280581979185,-0.004071519784145661,-0.014118478044127091,0.004196440970141596,82.0,657.0
6543674-r5,6543674,K05298.01,5,0,official_kepler_false_positive,,ephemeris_contamination,4.778836858700797,4.0,0.18403255154356746,6.263360755644167e-06,29382.39688297186,29382.39688297186,0.03487599003577989,0.08486293664244146,0.22294625108007116,0.9622049051972811,0.004061247254734502,63.0,505.0
10661913-r1,10661913,K07355.01,1,0,official_kepler_false_positive,,ephemeris_contamination,5.60674090949633,8.0,0.00035811157319764087,9.954326281384533e-06,35.97547067221827,35.97547067221827,0.059452244844907166,0.18599631640360667,-0.0003573158389782449,-0.6769248504095294,0.0005278515610146003,51.0,820.0
10661913-r2,10661913,K07355.01,2,0,official_kepler_false_positive,,ephemeris_contamination,18.478308403055358,8.0,0.0005222997447652719,1.684633821295087e-05,31.00375512844365,31.00375512844365,0.018039169282303848,0.2375529270550524,-4.36668278434027e-05,-0.08125457639484539,0.0005374076117412733,17.0,275.0
10661913-r3,10661913,K07355.01,3,0,official_kepler_false_positive,,ephemeris_contamination,16.872704790076956,8.0,0.0005359725229493084,1.7648493889374715e-05,30.369306656359555,30.369306656359555,0.019755773450701914,0.04602361584164797,-0.0004595904441316856,-0.869837100847139,0.0005283638093662457,17.0,246.0
10661913-r4,10661913,K07355.01,4,0,official_kepler_false_positive,,ephemeris_contamination,44.29697243526566,8.0,0.0008420766251774364,2.780598027165382e-05,30.28401145906992,30.28401145906992,0.0075249687508656985,1.4779669737369414,3.872397876980571e-05,0.07205179062361142,0.0005374464456004212,6.0,100.0
10661913-r5,10661913,K07355.01,5,0,official_kepler_false_positive,,ephemeris_contamination,11.25128432970767,8.0,0.0004183301577409011,1.3899018733666201e-05,30.09781954805355,30.09781954805355,0.029626247418990788,0.18428686525870122,0.00026671214349005545,0.5001503016693429,0.0005332639860455047,27.0,407.0
6363560-r1,6363560,K05270.02,1,0,official_kepler_false_positive,,ephemeris_contamination,4.098070694107939,8.0,2.5748822934426503e-05,3.872538659045763e-06,6.64908092635318,6.64908092635318,0.08133908812568513,0.020185106517003226,-1.1218187680128722e-05,-0.0810455487563615,0.00013841830738727862,70.0,1102.0
6363560-r2,6363560,K05270.02,2,0,official_kepler_false_positive,,ephemeris_contamination,37.825377139594345,8.0,7.386051320842982e-05,1.1444232328358223e-05,6.453950871427805,6.453950871427805,0.008812425903994784,0.012380113720512396,-3.206351253171036e-06,-0.02327885573364276,0.0001377366349041459,8.0,119.0
6363560-r3,6363560,K05270.02,3,0,official_kepler_false_positive,,ephemeris_contamination,29.272281452767995,8.0,6.173004829268302e-05,9.704834213899287e-06,6.360752479859275,6.360752479859275,0.011387336988788526,0.11434160836342278,-7.081558176302849e-06,-0.051470802215874766,0.00013758398687088532,10.0,163.0
6363560-r4,6363560,K05270.02,4,0,official_kepler_false_positive,,ephemeris_contamination,10.28305840213639,1.0,9.965510134041098e-05,1.602888233433366e-05,6.21722084308717,6.21722084308717,0.004051972189325509,0.659169536459,3.1261141303140505e-05,0.2269932674417344,0.00013771836343632856,30.0,59.0
6363560-r5,6363560,K05270.02,5,0,official_kepler_false_positive,,ephemeris_contamination,23.873901364353188,8.0,5.1795021495802765e-05,8.608147359435404e-06,6.016976630753208,6.016976630753208,0.013962248073582265,0.38527652748857816,-1.2221156380221032e-06,-0.008882998560206239,0.00013757917776739223,13.0,208.0
12108312-r1,12108312,K01492.01,1,0,official_kepler_false_positive,,ephemeris_contamination,0.7054527477254368,2.0,0.00028233078518713906,5.988059297435598e-06,47.148962821401575,47.148962821401575,0.11812744879373095,0.060256933690884314,0.00022688370777323996,0.7239295459637166,0.0002543690711408475,410.0,1640.0
12108312-r2,12108312,K01492.01,2,0,official_kepler_false_positive,,ephemeris_contamination,1.410861214158318,2.0,0.00027520484782026894,8.177972053282931e-06,33.65196726366799,33.65196726366799,0.05906557817102354,0.09860348081334654,0.00027982781929181133,0.9584376627224844,0.0002661436579225747,206.0,824.0
12108312-r3,12108312,K01492.01,3,0,official_kepler_false_positive,,ephemeris_contamination,1.058162515842861,2.0,0.0002236875997705329,7.162555921722381e-06,31.230136590227517,31.230136590227517,0.07875286837859269,0.240600962499099,-7.317900077818962e-05,-0.2694923558031812,0.00027154388316540806,273.0,1098.0
12108312-r4,12108312,K01492.01,4,0,official_kepler_false_positive,,ephemeris_contamination,2.1162254034678205,2.0,0.00026512585156174604,9.929655493225552e-06,26.70040785832163,26.70040785832163,0.03937828796345441,0.09248537765547454,0.0001619162589093781,0.588902348926789,0.00027494585342451597,137.0,548.0
12108312-r5,12108312,K01492.01,5,0,official_kepler_false_positive,,ephemeris_contamination,1.7631485229876604,2.0,0.0001870964639692532,9.075687959258473e-06,20.615127449196684,20.615127449196684,0.04726393281498756,0.2870001691042549,-6.463918116583756e-05,-0.2330645433688381,0.00027734455113381324,162.0,661.0
9899583-r1,9899583,K07248.01,1,0,official_kepler_false_positive,,ephemeris_contamination,14.508893717523035,8.0,0.00014188924623264156,1.5658872538181875e-05,9.06126835675208,9.06126835675208,0.02297441416437918,0.01201505491080283,2.7236682982434424e-05,0.09116492469866382,0.0002987627431543705,18.0,292.0
9899583-r2,9899583,K07248.01,2,0,official_kepler_false_positive,,ephemeris_contamination,4.692234850469825,8.0,7.555431426749197e-05,8.687967835869121e-06,8.696431167200991,8.696431167200991,0.07103935415763711,0.0651291953087775,-1.989945585045838e-05,-0.06671544269245883,0.0002982736087383816,64.0,1006.0
9899583-r3,9899583,K07248.01,3,0,official_kepler_false_positive,,ephemeris_contamination,14.785071906162873,8.0,0.00012860372947923453,1.4806956483045096e-05,8.685358778928942,8.685358778928942,0.022545262914439375,0.0697810149358801,9.184351778768196e-06,0.030717151036336047,0.0002989975134055827,20.0,327.0
9899583-r4,9899583,K07248.01,4,0,official_kepler_false_positive,,ephemeris_contamination,44.296969988293384,8.0,0.00022974791261455186,2.674279661421327e-05,8.591020450435815,8.591020450435815,0.007524969166546273,0.5744692047868968,8.667739796464069e-06,0.029048111056061365,0.00029839254537879505,6.0,98.0
9899583-r5,9899583,K07248.01,5,0,official_kepler_false_positive,,ephemeris_contamination,14.113444948052086,8.0,0.00012523911572505362,1.4764613397586242e-05,8.482383679990432,8.482383679990432,0.023618141039288883,0.0755781006267057,-1.3312540645626925e-05,-0.0445400816669731,0.00029888900395749166,22.0,332.0
3858949-r1,3858949,K00995.01,1,0,official_kepler_false_positive,,ephemeris_contamination,1.9965461173531052,8.0,9.215317789401344e-05,6.701770184495509e-06,13.750572663206068,13.750572663206068,0.16695498813483237,0.022639262064724136,-7.906687090386555e-06,-0.02473767258791188,0.00031962130076255334,146.0,2330.0
3858949-r2,3858949,K00995.01,2,0,official_kepler_false_positive,,ephemeris_contamination,2.8817287381821326,8.0,0.00010109655428809334,7.838490526942971e-06,12.897451867881662,12.897451867881662,0.11567130830766827,0.03208316490096532,-2.4353269441501624e-05,-0.07625612918781864,0.00031936146905017413,102.0,1605.0
3858949-r3,3858949,K00995.01,3,0,official_kepler_false_positive,,ephemeris_contamination,6.470850385672907,8.0,0.0001362671166873347,1.1311402467089404e-05,12.046880754513397,12.046880754513397,0.05151306450715748,0.18521263144335678,1.8317372521559072e-05,0.05631639437799973,0.00032525826136189646,46.0,717.0
3858949-r4,3858949,K00995.01,4,0,official_kepler_false_positive,,ephemeris_contamination,25.861098442176136,8.0,0.00025670565702062104,2.1358891989906303e-05,12.018678550457297,12.018678550457297,0.012889372587117543,0.17172445632425812,-1.7716968162551083e-05,-0.054212746960301234,0.0003268044723047297,12.0,192.0
3858949-r5,3858949,K00995.01,5,0,official_kepler_false_positive,,ephemeris_contamination,3.7069089294235527,8.0,9.202446504892622e-05,8.76006442359065e-06,10.504998662008292,10.504998662008292,0.08992218036097496,0.04378999387123464,-1.675334215778257e-05,-0.05160544975095953,0.0003246428863352957,79.0,1249.0
3732894-r1,3732894,K04476.01,1,0,official_kepler_false_positive,,ephemeris_contamination,3.942077548217399,8.0,5.465492606820192e-05,7.216484893215509e-06,7.573621628389341,7.573621628389341,0.08455778184375548,0.014663112948407676,-2.857017346791224e-05,-0.10194228726188719,0.00028025831316219325,75.0,1195.0
3732894-r2,3732894,K04476.01,2,0,official_kepler_false_positive,,ephemeris_contamination,3.663202357925621,8.0,5.2065263133222646e-05,6.940844344414721e-06,7.501286666242476,7.501286666242476,0.0909950640897959,0.009202839601490218,-9.179278578574923e-06,-0.03301383809990845,0.00027804336323441223,81.0,1305.0
3732894-r3,3732894,K04476.01,3,0,official_kepler_false_positive,,ephemeris_contamination,3.706908791140044,8.0,5.302112019431982e-05,7.088703998560279e-06,7.479663448366366,7.479663448366366,0.08992218371545582,0.013817063389785425,7.0338910758138695e-06,0.025213360393381404,0.0002789747564811032,80.0,1246.0
3732894-r4,3732894,K04476.01,4,0,official_kepler_false_positive,,ephemeris_contamination,3.8068330576081015,8.0,5.339300469710724e-05,7.188775773341262e-06,7.42727362496254,7.42727362496254,0.08756184689190767,0.020588585652022248,-7.457767527752068e-06,-0.026631741530191207,0.00028003303949527793,75.0,1208.0
3732894-r5,3732894,K04476.01,5,0,official_kepler_false_positive,,ephemeris_contamination,21.555042309639344,8.0,0.00012288568486702817,1.7005392531872045e-05,7.226277466792485,7.226277466792485,0.015464285736255213,0.019778370736581646,-1.1414241903207056e-05,-0.04080708066613513,0.0002797122880853243,13.0,198.0
5696918-r1,5696918,K04594.01,1,0,official_kepler_false_positive,,ephemeris_contamination,48.44086318395136,8.0,0.00028803506109508176,2.5935318318684493e-05,11.105900361653694,11.105900361653694,0.006881242641517749,0.11251430168264864,-3.889533143563995e-06,-0.013156821558280778,0.00029562863084632774,7.0,100.0
5696918-r2,5696918,K04594.01,2,0,official_kepler_false_positive,,ephemeris_contamination,32.3170956346114,8.0,0.00023568635148607872,2.1893550815118436e-05,10.765104001463627,10.765104001463627,0.010314458239135063,0.06829429221435061,-3.1279602196843115e-05,-0.1056668606395106,0.0002960209284872721,9.0,140.0
5696918-r3,5696918,K04594.01,3,0,official_kepler_false_positive,,ephemeris_contamination,24.24652616082699,8.0,0.0002027719770192172,2.0094554806877826e-05,10.090891734999465,10.090891734999465,0.01374767383675238,0.662487623503981,-1.8917238233884248e-05,-0.06412912659223924,0.00029498668139000617,11.0,167.0
5696918-r4,5696918,K04594.01,4,0,official_kepler_false_positive,,ephemeris_contamination,44.296961749762204,8.0,0.00021320987775306336,2.4224247708189275e-05,8.801506668914445,8.801506668914445,0.007524970566070995,0.25374689057789324,-8.90747229487232e-05,-0.3012915859370399,0.000295642915721307,7.0,114.0
5696918-r5,5696918,K04594.01,5,0,official_kepler_false_positive,,ephemeris_contamination,29.272278561867207,8.0,0.0001791887218303142,2.0450751066283008e-05,8.761962885839496,8.761962885839496,0.011387338113390473,0.7171845710725523,2.2398268466616855e-06,0.0075878871975428005,0.0002951845208488356,10.0,161.0
5282051-r1,5282051,K00502.01,1,0,official_kepler_false_positive,,ephemeris_contamination,5.905109020817792,4.0,0.00011851914945103604,1.0510802674334574e-05,11.275937064296503,11.275937064296503,0.02822414727299737,0.22586428864357713,-9.281261211135927e-06,-0.04038096620990223,0.00022984247486529863,48.0,380.0
5282051-r2,5282051,K00502.01,2,0,official_kepler_false_positive,,ephemeris_contamination,1.1821687030851353,4.0,4.702385626295834e-05,4.926957210000319e-06,9.544198225938173,9.544198225938173,0.14098382593932024,0.08273141893741613,-1.0138675332616032e-05,-0.044114502295984105,0.00022982635652536853,244.0,1951.0
5282051-r3,5282051,K00502.01,3,0,official_kepler_false_positive,,ephemeris_contamination,1.96871404836227,8.0,4.210348703349185e-05,4.571103540843918e-06,9.210792679992258,9.210792679992258,0.16931526120343682,0.04725814289860948,1.1331707417960857e-05,0.049375791768352155,0.00022949925483977787,147.0,2344.0
5282051-r4,5282051,K00502.01,4,0,official_kepler_false_positive,,ephemeris_contamination,0.9850242763786157,4.0,3.99301783132081e-05,4.545561400850262e-06,8.784432722818138,8.784432722818138,0.16920056760368074,0.20084499542632078,6.682518696177198e-07,0.0029186255339779957,0.00022896115374791272,296.0,2377.0
5282051-r5,5282051,K00502.01,5,0,official_kepler_false_positive,,ephemeris_contamination,8.873364497815755,8.0,7.410139980240627e-05,8.929556800937197e-06,8.298440947777944,8.298440947777944,0.03756560810900823,0.20906773684072835,-5.470876214941356e-06,-0.023720172552073208,0.00023064234473552285,33.0,529.0
6200715-r1,6200715,K00451.01,1,0,official_kepler_false_positive,,ephemeris_contamination,3.7246868712448236,4.0,0.00039474349732977054,1.1678538111797774e-05,33.80076286525938,33.80076286525938,0.04474649075962865,0.06356458838613668,2.7351526331487186e-05,0.07305407919211913,0.0003744010825125531,78.0,630.0
6200715-r2,6200715,K00451.01,2,0,official_kepler_false_positive,,ephemeris_contamination,1.8624975705803803,4.0,0.0002098038835552708,8.450319239292997e-06,24.82792396525178,24.82792396525178,0.08948557533674044,0.8605680241501554,-1.941285179807295e-05,-0.051964935776788006,0.00037357597980029435,157.0,1263.0
6200715-r3,6200715,K00451.01,3,0,official_kepler_false_positive,,ephemeris_contamination,11.170362904928746,2.0,0.0006375241013976167,2.7680226947966766e-05,23.03175124235915,23.03175124235915,0.007460217187443732,0.11514727252859444,4.4679231183564205e-05,0.06973947549257903,0.00038444292505454244,26.0,108.0
6200715-r4,6200715,K00451.01,4,0,official_kepler_false_positive,,ephemeris_contamination,4.243602743423256,8.0,0.00019494712256404447,8.925049722389123e-06,21.842693164499213,21.842693164499213,0.07854960831334505,0.029531706669747707,-0.00010919184210655963,-0.28592450833998945,0.00038189046031941027,69.0,1118.0
6200715-r5,6200715,K00451.01,5,0,official_kepler_false_positive,,ephemeris_contamination,1.2416993030463723,4.0,0.00013480468989133468,7.108347557889898e-06,18.964279502865395,18.964279502865395,0.1342246599138522,0.05543155785330501,8.008634249101476e-06,0.021424942800982425,0.0003737995626636747,234.0,1880.0
8635938-r1,8635938,K03498.01,1,0,official_kepler_false_positive,,ephemeris_contamination,26.751820426504857,4.0,7.328469396718646e-05,9.640157535752407e-06,7.602022445732434,7.602022445732434,0.006230105615599102,0.4401051018215659,-4.8383287196696045e-06,-0.04231717532581355,0.00011433486952798136,11.0,90.0
8635938-r2,8635938,K03498.01,2,0,official_kepler_false_positive,,ephemeris_contamination,6.287525937378649,8.0,2.5050981645664026e-05,3.3649604626553493e-06,7.4446585401766825,7.4446585401766825,0.05301502318291896,0.09993422454812691,2.8399385876287653e-06,0.025002742888159218,0.0001135850814581508,48.0,778.0
8635938-r3,8635938,K03498.01,3,0,official_kepler_false_positive,,ephemeris_contamination,38.76939043791177,8.0,5.6975142428057015e-05,8.047193997505388e-06,7.080125376089999,7.080125376089999,0.008597848188177179,0.2475056008626596,7.060560267557747e-07,0.006179184882986756,0.0001142636189280838,8.0,130.0
8635938-r4,8635938,K03498.01,4,0,official_kepler_false_positive,,ephemeris_contamination,8.924349425737734,4.0,3.836369406526163e-05,5.584716359607458e-06,6.869407789934413,6.869407789934413,0.01867549764311129,0.010719857971275414,4.759399603093684e-06,0.04174070785491611,0.00011402297296051087,34.0,272.0
8635938-r5,8635938,K03498.01,5,0,official_kepler_false_positive,,ephemeris_contamination,17.841620094932324,8.0,3.889699002608775e-05,5.6769647510577e-06,6.851723012520147,6.851723012520147,0.0186829072449543,0.3671831143242917,2.005898564028108e-05,0.17599476591234303,0.0001139748988346152,17.0,263.0
10397315-r1,10397315,K08006.01,1,0,official_kepler_false_positive,,ephemeris_contamination,45.59718178267717,8.0,0.00032043863497445353,2.9695760480386207e-05,10.790719947586474,10.790719947586474,0.007310393324790306,3.228170397720523,3.291330564281214e-05,0.138830918235969,0.0002294886202977497,3.0,48.0
10397315-r2,10397315,K08006.01,2,0,official_kepler_false_positive,,ephemeris_contamination,31.026217102729408,8.0,0.00017947072249930218,1.7777635554504687e-05,10.095308903653724,10.095308903653724,0.010743602168116385,0.019838594219637434,-3.314977452228973e-05,-0.14512914868578994,0.00022841568921526745,8.0,128.0
10397315-r3,10397315,K08006.01,3,0,official_kepler_false_positive,,ephemeris_contamination,15.219636230884698,8.0,0.00010297962841928768,1.2795567006597754e-05,8.048070739357504,8.048070739357504,0.021901530908926138,0.4517897141961313,-4.430351641104835e-06,-0.019297221628528947,0.00022958494887963653,16.0,254.0
10397315-r4,10397315,K08006.01,4,0,official_kepler_false_positive,,ephemeris_contamination,36.9262674807134,8.0,0.0001481243796681905,1.9140454988495264e-05,7.738811838967437,7.738811838967437,0.009026997746453345,0.3756201243111768,-6.69082917714725e-05,-0.29156855149537664,0.00022947705240609074,8.0,114.0
10397315-r5,10397315,K08006.01,5,0,official_kepler_false_positive,,ephemeris_contamination,41.90700342078805,8.0,0.0001398457398654693,1.8809193905398603e-05,7.434967206400636,7.434967206400636,0.007954119982913945,0.19412672861327104,5.497614298100029e-05,0.23985991772944826,0.00022920104159716685,8.0,116.0
7203194-r1,7203194,K06846.01,1,0,official_kepler_false_positive,,ephemeris_contamination,2.244649080697806,4.0,4.605268492630784e-05,6.1535063447120826e-06,7.483974557998543,7.483974557998543,0.07425065597106792,0.06423465967417599,4.203858417373141e-06,0.020163784167676467,0.00020848558893583733,130.0,1044.0
7203194-r2,7203194,K06846.01,2,0,official_kepler_false_positive,,ephemeris_contamination,1.1223805263169717,4.0,2.847219943522923e-05,4.552073065380779e-06,6.254776455976668,6.254776455976668,0.14849390448137398,0.16420531814437023,-1.075345422396623e-05,-0.05175645964568573,0.00020777028215573874,258.0,2072.0
7203194-r3,7203194,K06846.01,3,0,official_kepler_false_positive,,ephemeris_contamination,0.7482661263650622,2.0,3.118295383240011e-05,5.150234260514674e-06,6.0546670801890725,6.0546670801890725,0.11136857649584003,0.024320560500010493,-4.22030848046262e-06,-0.020259875242969554,0.00020830871018947283,386.0,1552.0
7203194-r4,7203194,K06846.01,4,0,official_kepler_false_positive,,ephemeris_contamination,8.975909934377373,4.0,6.963191957897687e-05,1.2010730499304056e-05,5.79747581406573,5.79747581406573,0.01856821958833834,0.00772923065715478,2.324297608291559e-05,0.11112588539418572,0.00020915897318134392,32.0,259.0
7203194-r5,7203194,K06846.01,5,0,official_kepler_false_positive,,ephemeris_contamination,1.0931574004711828,1.0,4.621964218314867e-05,8.444435485987634e-06,5.473384486132168,5.473384486132168,0.038115889485546284,0.018577094970994912,-7.493610212128132e-06,-0.03616197119476069,0.0002072234992879437,265.0,532.0
9850843-r1,9850843,K05724.01,1,0,official_kepler_false_positive,,ephemeris_contamination,43.06885554393577,2.0,0.0014250002067351616,6.433207206918553e-05,22.150696548412956,22.150696548412956,0.001934886178907694,0.4278256116392906,0.0001499738288699426,0.3784107619233732,0.00039632548532092684,7.0,29.0
9850843-r2,9850843,K05724.01,2,0,official_kepler_false_positive,,ephemeris_contamination,40.806186933251546,1.0,0.001798208734727619,8.6226108634577e-05,20.854573669192934,20.854573669192934,0.0010210869919020525,0.3172878754008059,0.00011325025889341589,0.2855666636710018,0.0003965808103703948,7.0,16.0
9850843-r3,9850843,K05724.01,3,0,official_kepler_false_positive,,ephemeris_contamination,46.97602710170242,2.0,0.0013835867870404489,6.662270669018093e-05,20.767495885068364,20.767495885068364,0.0017739544715630775,0.38088126316161774,0.00023499169344820547,0.5934025120014511,0.00039600724414801743,7.0,27.0
9850843-r4,9850843,K05724.01,4,0,official_kepler_false_positive,,ephemeris_contamination,34.46828715632616,2.0,0.0014514402207460103,7.027388674007637e-05,20.654047870078475,20.654047870078475,0.0024176813009415435,0.2947547621419533,-0.0001710242648724769,-0.4311962366920343,0.00039662745246690214,6.0,24.0
9850843-r5,9850843,K05724.01,5,0,official_kepler_false_positive,,ephemeris_contamination,36.92626491205533,2.0,0.001083801573353529,5.705488170821145e-05,18.995772857724567,18.995772857724567,0.002256749593596927,0.9670584639663966,-0.0001399813433449193,-0.35285723319616674,0.00039670815892584624,9.0,37.0
9108085-r1,9108085,K02470.01,1,0,official_kepler_false_positive,,ephemeris_contamination,2.1754947806789855,4.0,7.356015479644517e-05,4.741590235265856e-06,15.513815227924422,15.513815227924422,0.07661092462591382,0.09693301311615012,-2.06075694615393e-05,-0.12446606330117391,0.00016556777739225675,134.0,1068.0
9108085-r2,9108085,K02470.01,2,0,official_kepler_false_positive,,ephemeris_contamination,4.350568737990243,4.0,7.839879336437623e-05,6.513296864809663e-06,12.03672963042001,12.03672963042001,0.03830916753740541,0.02164108297263575,6.13030700142847e-05,0.36731897799841656,0.00016689328264043294,69.0,543.0
9108085-r3,9108085,K02470.01,3,0,official_kepler_false_positive,,ephemeris_contamination,0.7248732939278274,4.0,3.34653131213352e-05,3.0040283862408324e-06,11.140145437577864,11.140145437577864,0.22992524081492918,0.03686731095228934,-1.1375004588032311e-05,-0.06854552725879048,0.0001659481667576428,400.0,3194.0
9108085-r4,9108085,K02470.01,4,0,official_kepler_false_positive,,ephemeris_contamination,6.525221994026811,4.0,8.02302957442353e-05,7.861882965842934e-06,10.204972026778725,10.204972026778725,0.025541915174569284,0.008841196444591316,-2.8309734739773162e-05,-0.16910185025793717,0.00016741232988634543,46.0,368.0
9108085-r5,9108085,K02470.01,5,0,official_kepler_false_positive,,ephemeris_contamination,15.21963044563456,4.0,0.0001228915456510532,1.2683045416968572e-05,9.689435116792795,9.689435116792795,0.010950769617042283,0.13811938571993546,3.228280363032354e-07,0.001925439145997659,0.0001676646270406865,17.0,137.0
5288570-r1,5288570,K02136.01,1,0,official_kepler_false_positive,,ephemeris_contamination,1.7278443056830195,4.0,0.0001338375900998322,1.0785905490307046e-05,12.408563214289968,12.408563214289968,0.09645930835231308,0.2161938996950904,4.242182189972965e-06,0.009789973518590029,0.0004333190668920147,169.0,1341.0
5288570-r2,5288570,K02136.01,2,0,official_kepler_false_positive,,ephemeris_contamination,3.459270640273548,4.0,0.00015046825528159497,1.5133693982217425e-05,9.94259930578747,9.94259930578747,0.04817971300837196,0.11562297389610127,5.763468746544653e-05,0.13344930238825561,0.0004318845166965725,83.0,650.0
5288570-r3,5288570,K02136.01,3,0,official_kepler_false_positive,,ephemeris_contamination,3.7790521758211426,8.0,9.754401931319541e-05,1.1229564333218733e-05,8.686358296612237,8.686358296612237,0.08820553880310054,0.14232506440208098,-6.230748957691823e-05,-0.1437601862576697,0.00043341269372899194,77.0,1228.0
5288570-r4,5288570,K02136.01,4,0,official_kepler_false_positive,,ephemeris_contamination,3.902467149317147,8.0,9.692854933591617e-05,1.1229632507960611e-05,8.631497893382011,8.631497893382011,0.08541605107211726,0.04835377746991567,-1.602698190072971e-05,-0.03680308018121646,0.0004354793626461068,76.0,1225.0
5288570-r5,5288570,K02136.01,5,0,official_kepler_false_positive,,ephemeris_contamination,10.858054611760453,8.0,0.00016561791893762148,1.9319262429398364e-05,8.572683327992824,8.572683327992824,0.030699176348984017,0.050066672577888875,-3.4831321231720835e-06,-0.008027553081750058,0.000433897115061211,24.0,390.0
7818447-r1,7818447,K04028.01,1,0,official_kepler_false_positive,,ephemeris_contamination,0.6188883581994871,2.0,0.004251297867205841,2.4346544733739192e-05,174.61606620977457,174.61606620977457,0.13465002569408874,0.018607117467858977,0.003691503346367697,0.9002745561294802,0.0015052700787221965,467.0,1880.0
7818447-r2,7818447,K04028.01,2,0,official_kepler_false_positive,,ephemeris_contamination,0.9285047220485725,2.0,0.003981725038483015,2.9099924499786615e-05,136.82939412822915,136.82939412822915,0.08975003718825886,0.13619862772216426,-0.0009773323113269061,-0.2811945950726576,0.0019308574728823516,311.0,1251.0
7818447-r3,7818447,K04028.01,3,0,official_kepler_false_positive,,ephemeris_contamination,1.2377426669511884,2.0,0.00383943985848028,3.317160068337049e-05,115.74478708846448,115.74478708846448,0.0673268649117512,0.09798034775588872,0.0035864129042545434,0.9638868389957682,0.001779757705278717,232.0,935.0
7818447-r4,7818447,K04028.01,4,0,official_kepler_false_positive,,ephemeris_contamination,1.5471570536622175,2.0,0.0036183691849956045,3.7069816644345274e-05,97.60957869608346,97.60957869608346,0.053862232755283714,0.026845296450445512,-0.0009653424459254989,-0.30554638493150893,0.0020043367355202053,186.0,749.0
7818447-r5,7818447,K04028.01,5,0,official_kepler_false_positive,,ephemeris_contamination,2.1663918041147734,2.0,0.003979334552933973,4.293133999909117e-05,92.69066730780388,92.69066730780388,0.0384664182974902,0.1892528823925008,-0.0009837752801060695,-0.2543776110580303,0.0020178851583928055,134.0,543.0
9048161-r1,9048161,K00146.01,1,0,official_kepler_false_positive,,ephemeris_contamination,8.675163936548444,4.0,0.0012315158712172378,7.059738178554301e-06,174.44214503000572,174.44214503000572,0.019211932810226262,0.05972543541071716,1.9495456149321022e-05,0.04420308529910294,0.00013812295884259253,34.0,273.0
9048161-r2,9048161,K00146.01,2,0,official_kepler_false_positive,,ephemeris_contamination,4.338418680579385,4.0,0.0005615328066021533,5.0301650720244005e-06,111.63307735667674,111.63307735667674,0.03841645515052244,2.0387831277012016,-7.73876319670741e-06,-0.055945735044240004,0.00013832624042901315,68.0,550.0
9048161-r3,9048161,K00146.01,3,0,official_kepler_false_positive,,ephemeris_contamination,2.1663931819486715,4.0,0.00040485637079483,3.7044606512018085e-06,109.28888410880695,109.28888410880695,0.07693278766541811,1.3343894263507383,-1.0029499686092791e-05,-0.07305698780176778,0.0001372832358392157,132.0,1053.0
9048161-r4,9048161,K00146.01,4,0,official_kepler_false_positive,,ephemeris_contamination,2.887089465238744,4.0,0.00043166964755684346,4.232234619508902e-06,101.99567991032912,101.99567991032912,0.05772826532512195,0.058205825258156776,9.838110203830297e-06,0.07119759338605029,0.00013818037571137725,100.0,791.0
9048161-r5,9048161,K00146.01,5,0,official_kepler_false_positive,,ephemeris_contamination,1.7336314762370633,4.0,0.00032204772056137213,3.327007118148781e-06,96.79802571043685,96.79802571043685,0.0961373100057143,0.020058855953239803,1.020557227660035e-05,0.07350665480582703,0.0001388387528116887,166.0,1336.0
5652237-r1,5652237,K00164.01,1,0,official_kepler_false_positive,,ephemeris_contamination,4.456229077495332,8.0,4.7032108661875355e-05,5.85284402613637e-06,8.035770037925065,8.035770037925065,0.07480166022360023,0.02218103547356708,-3.5576666082004493e-06,-0.020365416262328847,0.00017469157332085974,49.0,786.0
5652237-r2,5652237,K00164.01,2,0,official_kepler_false_positive,,ephemeris_contamination,2.2320057301497016,2.0,6.345820603152606e-05,8.197463459497774e-06,7.741200231640177,7.741200231640177,0.03733562696890753,0.65614415016206,5.485393035242758e-06,0.03144151896977556,0.00017446335975420958,96.0,384.0
5652237-r3,5652237,K00164.01,3,0,official_kepler_false_positive,,ephemeris_contamination,17.112995092398588,8.0,7.953187294968836e-05,1.130530851606404e-05,7.034913981929747,7.034913981929747,0.019478374856859305,0.10824914093782967,5.311285953790712e-05,0.3035142519418519,0.00017499296721026013,13.0,199.0
5652237-r4,5652237,K00164.01,4,0,official_kepler_false_positive,,ephemeris_contamination,9.963697132512328,8.0,6.075825195009558e-05,8.697650759191058e-06,6.985593424280756,6.985593424280756,0.0334547837916149,0.06339083815505246,2.2095077846229216e-05,0.1267131742461399,0.00017437080222857968,22.0,339.0
5652237-r5,5652237,K00164.01,5,0,official_kepler_false_positive,,ephemeris_contamination,6.698741013617694,2.0,9.270722241870546e-05,1.428786814343734e-05,6.488527293785775,6.488527293785775,0.012440148553874108,0.9962702677769151,9.39208272399128e-06,0.05360523870685178,0.00017520829960954528,31.0,123.0
9286728-r1,9286728,K07154.01,1,0,official_kepler_false_positive,,ephemeris_contamination,0.9757449662124631,8.0,2.4708205263257388e-05,4.059487697531404e-06,6.0865328593759696,6.0865328593759696,0.34161932151925833,0.006673609161468469,-1.4144438273966387e-06,-0.005652908792133792,0.00025021522182789923,300.0,4757.0
9286728-r2,9286728,K07154.01,2,0,official_kepler_false_positive,,ephemeris_contamination,2.4081969770998795,1.0,8.754820128524395e-05,1.4624873150952654e-05,5.9862537186889115,5.9862537186889115,0.017302017676662233,0.19847208424361823,2.6279057721789734e-05,0.10618673395741046,0.00024747966852742433,120.0,245.0
9286728-r3,9286728,K07154.01,3,0,official_kepler_false_positive,,ephemeris_contamination,9.134249988742239,4.0,8.369074561666344e-05,1.4224879356271384e-05,5.883406355904618,5.883406355904618,0.018246343911331488,0.10023408281746146,2.0343807625611277e-05,0.08199355539440772,0.0002481147149645227,32.0,260.0
9286728-r4,9286728,K07154.01,4,0,official_kepler_false_positive,,ephemeris_contamination,3.176347639936721,8.0,3.7010444617104486e-05,6.356335216813728e-06,5.82260742309574,5.82260742309574,0.10494233349721567,0.01788535326552184,-6.048587108065107e-06,-0.024315826971790164,0.00024875103425774217,90.0,1425.0
9286728-r5,9286728,K07154.01,5,0,official_kepler_false_positive,,ephemeris_contamination,1.2041629534377631,1.0,6.00525728185965e-05,1.0567384040947225e-05,5.682822975478194,5.682822975478194,0.03460218282559894,0.1993086915117287,9.80800429151163e-06,0.039679232304805315,0.0002471823097828392,238.0,478.0
9210823-r1,9210823,K00090.01,1,0,official_kepler_false_positive,,ephemeris_contamination,0.8284149091423415,2.0,0.00014748735912638823,1.6032822175821538e-06,91.99089062985308,91.99089062985308,0.10059371507401814,0.21395957385837863,-1.0586829854331015e-05,-0.082754569401667,0.00012793045666089533,259.0,1035.0
9210823-r2,9210823,K00090.01,2,0,official_kepler_false_positive,,ephemeris_contamination,1.6569549274179054,2.0,0.00015402197111007068,2.2015435258722286e-06,69.9609021125525,69.9609021125525,0.05029305984997116,0.008329560534680676,9.783302484367429e-05,0.763418828700525,0.0001281511814559297,131.0,520.0
9210823-r3,9210823,K00090.01,3,0,official_kepler_false_positive,,ephemeris_contamination,2.483822409421461,2.0,0.0001484884424518493,2.686271854623531e-06,55.27677408981352,55.27677408981352,0.03355043944254596,0.11048791123548335,2.6159298904815387e-07,0.002000501754138802,0.00013076368891301837,88.0,343.0
9210823-r4,9210823,K00090.01,4,0,official_kepler_false_positive,,ephemeris_contamination,6.621236018517551,2.0,0.00017089324894781297,4.352255294081976e-06,39.265446854688605,39.265446854688605,0.01258576693237875,0.030469917331441505,4.9658973512944904e-05,0.3633717511616398,0.00013058472656255973,32.0,128.0
9210823-r5,9210823,K00090.01,5,0,official_kepler_false_positive,,ephemeris_contamination,5.784780580264378,8.0,7.686894669803565e-05,2.0783091663834472e-06,36.98629055839585,36.98629055839585,0.0576224679066564,0.35105084487163274,-3.296995796242541e-05,-0.24754396085679747,0.00013318829450861987,37.0,587.0
3836522-r1,3836522,K05012.01,1,0,official_kepler_false_positive,,ephemeris_contamination,0.7701524371881062,2.0,0.0002532479667895264,8.28596963336796e-06,30.563467885482684,30.563467885482684,0.10820368710068698,0.8564230406525613,-5.02213211364122e-05,-0.14968357017205045,0.00033551659062304847,375.0,1499.0
3836522-r2,3836522,K05012.01,2,0,official_kepler_false_positive,,ephemeris_contamination,1.5410161376179947,4.0,0.00022293304095580567,8.244369021941318e-06,27.04064317869546,27.04064317869546,0.10815374518029996,0.02987047399318224,6.386395010671286e-05,0.1920414421584859,0.0003325529603865811,189.0,1518.0
3836522-r3,3836522,K05012.01,3,0,official_kepler_false_positive,,ephemeris_contamination,3.081821294020282,4.0,0.00022656204990726078,1.129858564810501e-05,20.052248747192497,20.052248747192497,0.054080574688108375,0.08499250679785673,0.00021587544887369248,0.6432417018497707,0.0003356054936315529,95.0,762.0
3836522-r4,3836522,K05012.01,4,0,official_kepler_false_positive,,ephemeris_contamination,4.622415512532197,2.0,0.0003488854460138312,1.972851109889202e-05,17.68432722900336,17.68432722900336,0.018028092262022254,0.07360053963837568,5.212163673451453e-05,0.14442837265612427,0.000342092285659421,61.0,241.0
3836522-r5,3836522,K05012.01,5,0,official_kepler_false_positive,,ephemeris_contamination,0.513525678087757,2.0,0.00011641282711604103,6.971298516620504e-06,16.698872790843392,16.698872790843392,0.16227685759287855,0.07660936533958271,1.0755274820084537e-05,0.03250506572805474,0.00033087995914439223,563.0,2256.0
7690855-r1,7690855,K04077.01,1,0,official_kepler_false_positive,,ephemeris_contamination,0.7861327034025727,2.0,0.0006416748963575286,4.454746377453331e-06,144.04296945056575,144.04296945056575,0.10600415549772511,0.002801053530318602,0.0003176896023618925,0.4780687138875232,0.0003007538246706822,366.0,1481.0
7690855-r2,7690855,K04077.01,2,0,official_kepler_false_positive,,ephemeris_contamination,1.572210468809429,2.0,0.0005888884287898818,6.103086848023742e-06,96.49025869270916,96.49025869270916,0.05300392980873501,0.04265322430555948,0.0006086226362130853,1.0189298072256985,0.00032176821607432326,185.0,745.0
7690855-r3,7690855,K04077.01,3,0,official_kepler_false_positive,,ephemeris_contamination,1.1794768879821398,2.0,0.00046096154254926026,5.372024238781334e-06,85.8077927537109,85.8077927537109,0.0706527903873562,0.9301571340728108,-0.00017516019986429932,-0.40711385365467495,0.0003398872653427563,243.0,978.0
7690855-r4,7690855,K04077.01,4,0,official_kepler_false_positive,,ephemeris_contamination,3.14420120867006,2.0,0.000551338689381866,8.578617385424066e-06,64.26894505385516,64.26894505385516,0.02650381696423996,0.1130403215254969,0.0005308983814014123,0.922973896674773,0.0003395757910448926,91.0,368.0
7690855-r5,7690855,K04077.01,5,0,official_kepler_false_positive,,ephemeris_contamination,3.9321037780768684,2.0,0.0005877538934595312,9.459244194271641e-06,62.13539701358646,62.13539701358646,0.021193065604715646,0.12330804726941881,0.00027395909757721437,0.42832681211160606,0.00034652659816993264,74.0,300.0
5725851-r1,5725851,K06620.01,1,0,official_kepler_false_positive,,ephemeris_contamination,1.1403423671131336,4.0,0.00018069042694158658,3.7278951502511464e-06,48.46982537301607,48.46982537301607,0.14615493686216047,0.0005865382356368227,-2.272753481924461e-05,-0.0865113920932569,0.0002627114680427863,187.0,1497.0
5725851-r2,5725851,K06620.01,2,0,official_kepler_false_positive,,ephemeris_contamination,1.237744752487925,8.0,0.00013220496850972334,2.9709552888934605e-06,44.49914443477317,44.49914443477317,0.2693070058776801,0.10503154446963373,-8.8764445294931e-05,-0.33572203219375185,0.0002643986297679244,173.0,2744.0
5725851-r3,5725851,K06620.01,3,0,official_kepler_false_positive,,ephemeris_contamination,1.1803174290155638,8.0,0.00010960127669890535,2.9166177451973024e-06,37.57821088463928,37.57821088463928,0.2824099052839945,0.04660404936881541,-5.9118260122170696e-05,-0.21971010606082828,0.0002690739228253952,184.0,2912.0
5725851-r4,5725851,K06620.01,4,0,official_kepler_false_positive,,ephemeris_contamination,2.2809217205244234,4.0,0.00017051180619911697,5.068980617153692e-06,33.638283330990895,33.638283330990895,0.07306987572916229,0.11798529604530268,0.00019550316382965782,0.741254915646565,0.00026374619540853737,93.0,745.0
5725851-r5,5725851,K06620.01,5,0,official_kepler_false_positive,,ephemeris_contamination,3.418332359149072,8.0,0.00012666601766452972,4.381829366220503e-06,28.90710867040997,28.90710867040997,0.09751343588377995,0.06978653533930596,-7.552117541442804e-05,-0.2792323383577067,0.00027045998990877156,65.0,1028.0
8162376-r1,8162376,K06982.01,1,0,official_kepler_false_positive,,ephemeris_contamination,46.97602483226231,8.0,0.002862181094111941,1.9988083175169523e-05,143.19437582026504,143.19437582026504,0.007095818229055554,7.614271150363865,-0.0005746250016362975,-0.4558728007860343,0.0008828319344442329,5.0,81.0
8162376-r2,8162376,K06982.01,2,0,official_kepler_false_positive,,ephemeris_contamination,30.418670222398198,8.0,0.0021002022755065427,1.6805731139165005e-05,124.9694082402708,124.9694082402708,0.010958182290555547,0.9864607269256965,-5.6999612431329894e-05,-0.06412676103210516,0.0008888584346680624,7.0,111.0
8162376-r3,8162376,K06982.01,3,0,official_kepler_false_positive,,ephemeris_contamination,36.92625719947787,8.0,0.0018579210301205278,1.703829253555473e-05,109.04385085791334,109.04385085791334,0.00902700025980555,0.10144361072926543,0.00010355654170313144,0.11720190458713717,0.0008835738810553144,7.0,112.0
8162376-r4,8162376,K06982.01,4,0,official_kepler_false_positive,,ephemeris_contamination,39.76171796677525,8.0,0.0016710418576562438,1.5580583289686564e-05,107.25155962308395,107.25155962308395,0.008383272916222219,1.2152672280331618,6.780989554577843e-05,0.0763772987035363,0.0008878278846832117,8.0,131.0
8162376-r5,8162376,K06982.01,5,0,official_kepler_false_positive,,ephemeris_contamination,26.298926587883848,8.0,0.0014622103227632094,1.3736644240829555e-05,106.44596286603013,106.44596286603013,0.0126747885401111,0.3533708567893026,-0.0002073797004498168,-0.23353853905710653,0.0008879891999286114,11.0,170.0
11341314-r1,11341314,K05887.01,1,0,official_kepler_false_positive,,ephemeris_contamination,4.2259228545569805,8.0,6.042982436439823e-05,3.3551164836472395e-06,18.011244813386302,18.011244813386302,0.07887823436575203,0.0957962849907169,-4.500933318718481e-05,-0.34737021259101253,0.0001295716545510999,50.0,800.0
11341314-r2,11341314,K05887.01,2,0,official_kepler_false_positive,,ephemeris_contamination,4.354519042015376,8.0,5.852375364600428e-05,3.3393226586859677e-06,17.52563607286561,17.52563607286561,0.07654882895610411,0.27684605967084747,-3.313704251417526e-05,-0.25614594597824,0.00012936781953593876,51.0,808.0
11341314-r3,11341314,K05887.01,3,0,official_kepler_false_positive,,ephemeris_contamination,4.2892573044769104,8.0,5.6880637599015575e-05,3.3571626545202075e-06,16.943068731695018,16.943068731695018,0.07771353166092805,0.04833281490399055,-3.3006567437432466e-05,-0.25721571503928875,0.00012832251494583383,51.0,799.0
11341314-r4,11341314,K05887.01,4,0,official_kepler_false_positive,,ephemeris_contamination,8.7457754227636,8.0,7.641702596618382e-05,4.571561845819192e-06,16.71573710329854,16.71573710329854,0.03811363969691351,0.40881783724730186,3.156221857736341e-05,0.24363069920912853,0.00012954943149537542,26.0,414.0
11341314-r5,11341314,K05887.01,5,0,official_kepler_false_positive,,ephemeris_contamination,12.734585240504009,8.0,8.653321576878125e-05,5.618492965691833e-06,15.401499351726248,15.401499351726248,0.026175436972467953,0.16433016248749308,-3.373477681978265e-05,-0.25950715340203395,0.00012999555649057592,17.0,270.0
7220322-r1,7220322,K01350.01,1,0,official_kepler_false_positive,,ephemeris_contamination,0.7522104779869505,2.0,0.0019410904947185475,2.8707994555869527e-06,676.1498059158854,676.1498059158854,0.11078459523237193,0.04865632573764678,0.0010750339889022964,0.5089563841658257,0.0017594000602773028,286.0,1141.0
7220322-r2,7220322,K01350.01,2,0,official_kepler_false_positive,,ephemeris_contamination,1.5045240475375015,2.0,0.0018136215909770274,3.92942669793995e-06,461.5486508318989,461.5486508318989,0.055388502077934505,0.150348681100049,0.001900832765252325,0.9490003932697482,0.0018462467303387484,143.0,573.0
7220322-r3,7220322,K01350.01,3,0,official_kepler_false_positive,,ephemeris_contamination,8.242053255012374,8.0,0.0019118982181028905,4.637860149081964e-06,412.2371431319116,412.2371431319116,0.04044299678974021,0.5194609835006225,-0.00046274150443958995,-0.2354800982174927,0.001965098146053071,25.0,404.0
7220322-r4,7220322,K01350.01,4,0,official_kepler_false_positive,,ephemeris_contamination,1.1279837771876735,2.0,0.001239072076778335,3.4539736295135047e-06,358.7381403814769,358.7381403814769,0.07387813106772045,0.43934167331728047,-0.0003195436851961553,-0.1633147017669275,0.0019566131018148507,188.0,757.0
7220322-r5,7220322,K01350.01,5,0,official_kepler_false_positive,,ephemeris_contamination,4.134357560222426,4.0,0.0015038461515225838,4.692609776134902e-06,320.47117132361177,320.47117132361177,0.04031259131290523,1.1392004880071769,-0.001121171650646735,-0.5743083363204258,0.0019522120431509737,49.0,395.0
9886221-r1,9886221,K00591.01,1,0,official_kepler_false_positive,,ephemeris_contamination,2.9927693167683698,1.0,0.0001235043921443197,1.436765141992994e-05,8.596004213534988,8.596004213534988,0.013922445152457944,0.07400940450057276,-3.179228680316726e-07,-0.0014280584028476824,0.00022262595661193168,98.0,199.0
9886221-r2,9886221,K00591.01,2,0,official_kepler_false_positive,,ephemeris_contamination,1.4964842382296246,2.0,5.5629549923061656e-05,7.381073124441998e-06,7.536783471071112,7.536783471071112,0.055686074871004715,0.2705045400385084,1.0304788851556168e-05,0.04638482074825993,0.00022215864339505373,195.0,788.0
9886221-r3,9886221,K00591.01,3,0,official_kepler_false_positive,,ephemeris_contamination,0.7482670165612809,1.0,4.7222566685734094e-05,7.426501461373718e-06,6.358655812746463,6.358655812746463,0.05568422200159117,0.18844069033542793,1.8633736807882606e-05,0.08376631459881075,0.000222449046458911,387.0,777.0
9886221-r4,9886221,K00591.01,4,0,official_kepler_false_positive,,ephemeris_contamination,17.84162656688634,8.0,7.518163655751103e-05,1.243912188172643e-05,6.043966549435927,6.043966549435927,0.018682900467830246,0.04987041157379439,2.0038275547973328e-05,0.09015313813494559,0.00022226930712028088,17.0,266.0
9886221-r5,9886221,K00591.01,5,0,official_kepler_false_positive,,ephemeris_contamination,13.738981623187188,1.0,0.0001881349111354622,3.133105001456266e-05,6.004743251439616,6.004743251439616,0.0030327332701534523,0.10115569405784829,-1.2458911587742705e-05,-0.05614800413953325,0.00022189411322228123,21.0,41.0
5201593-r1,5201593,K07721.01,1,0,official_kepler_false_positive,,ephemeris_contamination,5.337054593534886,8.0,0.0030053616199557636,5.026090180784475e-06,597.9521878548318,597.9521878548318,0.062456421888043116,0.19246591154777973,-0.0026238224386023745,-0.8970556813361664,0.0029249270621575967,55.0,878.0
5201593-r2,5201593,K07721.01,2,0,official_kepler_false_positive,,ephemeris_contamination,10.708359511449485,8.0,0.0036096666121707755,7.162272574922702e-06,503.98341789019844,503.98341789019844,0.031128328571424033,0.09277856911180868,0.0022272841242458874,0.6498485355037946,0.002960945413865493,26.0,415.0
5201593-r3,5201593,K07721.01,3,0,official_kepler_false_positive,,ephemeris_contamination,5.468569749316122,8.0,0.0019227401219881189,5.010588086307577e-06,383.73541964911993,383.73541964911993,0.06095439001669837,0.28046156851464965,-0.002245700792750549,-0.7527305340365529,0.0029834060014914936,55.0,885.0
5201593-r4,5201593,K07721.01,4,0,official_kepler_false_positive,,ephemeris_contamination,10.934482541420982,8.0,0.0026026228641012703,6.9136543986788795e-06,376.4467695403753,376.4467695403753,0.030484600626562,0.12903131140686758,0.002141973506898487,0.7131859945185468,0.0030033869472499627,28.0,449.0
5201593-r5,5201593,K07721.01,5,0,official_kepler_false_positive,,ephemeris_contamination,16.003573441525607,8.0,0.0030522852896574665,8.562969934820034e-06,356.4517116013459,356.4517116013459,0.020828681453631454,0.6168952540158148,-0.003126248424885958,-1.0422156696593334,0.0029996175608334764,18.0,288.0
4861527-r1,4861527,K02727.01,1,0,official_kepler_false_positive,,ephemeris_contamination,1.8714721270811754,8.0,3.514287410057272e-05,4.200830206238438e-06,8.365697344392505,8.365697344392505,0.17811290294406557,0.04609076201234649,-8.355487094213743e-06,-0.03933551174918237,0.00021241587366376184,156.0,2458.0
4861527-r2,4861527,K02727.01,2,0,official_kepler_false_positive,,ephemeris_contamination,5.449385667793888,8.0,5.001927722028142e-05,6.513514272827865e-06,7.679307225739045,7.679307225739045,0.0611689745696195,0.14229188620523292,-3.3186406491303444e-05,-0.15598807936122244,0.00021274963206934232,56.0,900.0
4861527-r3,4861527,K02727.01,3,0,official_kepler_false_positive,,ephemeris_contamination,10.708358188068342,8.0,6.897240614444475e-05,9.168003853385646e-06,7.5231650474245795,7.5231650474245795,0.03112833241838566,0.15123038778065828,2.94705442179799e-05,0.1386050392325247,0.00021262245861450915,28.0,439.0
4861527-r4,4861527,K02727.01,4,0,official_kepler_false_positive,,ephemeris_contamination,2.6826699067796302,8.0,3.510363076427699e-05,4.852137504718834e-06,7.234673528962806,7.234673528962806,0.1242543230872106,0.11025139688083493,2.41291349789563e-06,0.011249646865555503,0.00021448793253089207,109.0,1732.0
4861527-r5,4861527,K02727.01,5,0,official_kepler_false_positive,,ephemeris_contamination,4.290483159123613,8.0,4.3464958294953443e-05,6.0322879129264304e-06,7.205385240617169,7.205385240617169,0.07769132775279812,0.10040825563824932,-8.445227557274393e-06,-0.03979549607321194,0.00021221566233871472,67.0,1063.0
3836399-r1,3836399,K03834.01,1,0,official_kepler_false_positive,,ephemeris_contamination,1.5410161434847882,2.0,0.0008666366349855381,9.58626257132723e-06,90.4040160111691,90.4040160111691,0.054076872384274235,0.030045086126352163,0.00014047545617468238,0.3290742311224519,0.0004268807548240082,189.0,759.0
3836399-r2,3836399,K03834.01,2,0,official_kepler_false_positive,,ephemeris_contamination,0.7701524401667905,2.0,0.0006240354815367965,7.025376705943506e-06,88.8259103613418,88.8259103613418,0.1082036866821924,0.6743734159663676,-0.00013245898582447957,-0.313604320583734,0.00042237615087038424,375.0,1498.0
3836399-r3,3836399,K03834.01,3,0,official_kepler_false_positive,,ephemeris_contamination,3.081821305380009,2.0,0.0008739369984577243,1.338967530613717e-05,65.26946908541946,65.26946908541946,0.027040287244382514,0.0018368553910780335,0.00033418836935195095,0.779843534103709,0.0004285325898560419,94.0,378.0
3836399-r4,3836399,K03834.01,4,0,official_kepler_false_positive,,ephemeris_contamination,4.622415529011152,2.0,0.000944635854003773,1.6290488645382222e-05,57.9869563502347,57.9869563502347,0.018028092197751932,0.3012678069090398,0.00012867028636021072,0.2950841933981695,0.00043604601411703035,63.0,254.0
3836399-r5,3836399,K03834.01,5,0,official_kepler_false_positive,,ephemeris_contamination,6.1627988576918415,2.0,0.0009876678268316138,1.8410414933034348e-05,53.6472333961041,53.6472333961041,0.013521994674436646,0.36914761457804773,0.0003104387485493021,0.7077856192218717,0.00043270615067011645,49.0,198.0
9851271-r1,9851271,K02003.01,1,0,official_kepler_false_positive,,ephemeris_contamination,8.485616367282276,8.0,0.00015268906523749226,1.2528663083625553e-05,12.187179447506301,12.187179447506301,0.03928215923342424,0.23308131465304407,8.441202850040241e-07,0.0027314849494659097,0.00030903347469261216,35.0,550.0
9851271-r2,9851271,K02003.01,2,0,official_kepler_false_positive,,ephemeris_contamination,25.437651739773,4.0,0.0002707103695421125,2.8433565775970982e-05,9.520802690561169,9.520802690561169,0.006551967468210726,0.21123953635659737,-3.5482122446861553e-06,-0.011436205371879291,0.0003102613261397809,13.0,103.0
9851271-r3,9851271,K02003.01,3,0,official_kepler_false_positive,,ephemeris_contamination,4.243608828449205,4.0,9.433861490031371e-05,1.279515595355785e-05,7.372994533457148,7.372994533457148,0.039274747839464205,0.5815608253637382,-2.5006031024954467e-05,-0.08080457560780716,0.00030946305746748384,67.0,528.0
9851271-r4,9851271,K02003.01,4,0,official_kepler_false_positive,,ephemeris_contamination,1.6957825697822893,4.0,5.8373767101738825e-05,8.237622607527501e-06,7.086239547851725,7.086239547851725,0.09828304031221641,0.07141059710283497,-1.2951624327017797e-05,-0.0417183517119548,0.00031045388409500324,171.0,1350.0
9851271-r5,9851271,K02003.01,5,0,official_kepler_false_positive,,ephemeris_contamination,12.726023522677725,4.0,0.0001389735616557234,2.1319483456641793e-05,6.518617673751757,6.518617673751757,0.013096523542461422,0.3815429743031324,-4.575851165222744e-05,-0.14700411563787652,0.0003112736772958585,23.0,186.0
8260234-r1,8260234,K02085.01,1,0,official_kepler_false_positive,,ephemeris_contamination,6.693925717770609,8.0,0.002186612787157313,8.407497608847383e-06,260.0789068148286,260.0789068148286,0.04979638965045894,0.7659284100852851,-0.001376121511381223,-0.5629558874039865,0.002444457091881687,44.0,705.0
8260234-r2,8260234,K02085.01,2,0,official_kepler_false_positive,,ephemeris_contamination,13.38386854738233,8.0,0.0026856409096957866,1.1820375124562042e-05,227.20437222970895,227.20437222970895,0.024905604246877332,0.02450838219887445,0.0011920727446458335,0.3803461630288289,0.0024371130823493156,21.0,349.0
8260234-r3,8260234,K02085.01,3,0,official_kepler_false_positive,,ephemeris_contamination,32.317108344146305,8.0,0.0038584475996881226,1.9183032936438478e-05,201.138558875064,201.138558875064,0.0103144541827088,0.39492936361330705,-0.0017870385033493807,-0.4739913138863042,0.002469464488681845,8.0,131.0
8260234-r4,8260234,K02085.01,4,0,official_kepler_false_positive,,ephemeris_contamination,22.170313566499562,8.0,0.002957186083138532,1.4866224653445462e-05,198.91977634369744,198.91977634369744,0.015035120379939796,0.1542039207312475,-0.0008484325204587417,-0.330755626782313,0.002492417901222061,13.0,215.0
8260234-r5,8260234,K02085.01,5,0,official_kepler_false_positive,,ephemeris_contamination,26.751819752593022,8.0,0.0033883421937889444,1.7115695704891768e-05,197.96695689211955,197.96695689211955,0.012460211545086525,0.25330202755870995,0.0024585799269054576,0.76064494760478,0.0024504074458478213,10.0,163.0
6058896-r1,6058896,K05233.01,1,0,official_kepler_false_positive,,ephemeris_contamination,0.5648773211551672,2.0,0.001200786264100969,6.955864862174846e-06,172.62932617203361,172.62932617203361,0.14752465750070773,0.0823522496087105,-3.0238057945330965e-05,-0.055787508193242116,0.0003277325699990068,512.0,2058.0
6058896-r2,6058896,K05233.01,2,0,official_kepler_false_positive,,ephemeris_contamination,1.1297262837859015,2.0,0.001156057118508241,9.45313383709998e-06,122.29353127014383,122.29353127014383,0.07376418034116142,0.02103438215594319,0.000507365441345442,0.9284194759256145,0.0003281080014823099,255.0,1023.0
6058896-r3,6058896,K05233.01,3,0,official_kepler_false_positive,,ephemeris_contamination,2.824103041885136,2.0,0.0009935215945561856,1.464719151094764e-05,67.830177123963,67.830177123963,0.029507894045433605,0.06712526216137632,-5.0569837429348397e-05,-0.10648913017539705,0.00035677697170289653,102.0,408.0
6058896-r4,6058896,K05233.01,4,0,official_kepler_false_positive,,ephemeris_contamination,1.6957800917696044,2.0,0.0007414665087123453,1.1440573138594197e-05,64.81025904297097,64.81025904297097,0.04914159196572013,0.11463071005990251,-7.262268179109022e-05,-0.20361095833506668,0.00035667373890348636,170.0,681.0
6058896-r5,6058896,K05233.01,5,0,official_kepler_false_positive,,ephemeris_contamination,0.8474594248827514,1.0,0.0006765866722471435,1.1387575395919152e-05,59.41446258082339,59.41446258082339,0.049166562366606964,2.5254540510727006,-4.239167879838135e-06,-0.011930010372604032,0.0003553364789667678,342.0,689.0
7289162-r1,7289162,K02539.01,1,0,official_kepler_false_positive,,ephemeris_contamination,3.9321030277343443,8.0,5.905223377551457e-05,4.170835399595441e-06,14.158370714232086,14.158370714232086,0.08477227859550723,0.08916636199257108,-2.754694845252814e-05,-0.14614286071441693,0.00018849328881250405,75.0,1191.0
7289162-r2,7289162,K02539.01,2,0,official_kepler_false_positive,,ephemeris_contamination,3.7790541679018066,8.0,5.791419064382483e-05,4.110948118203257e-06,14.087794099706853,14.087794099706853,0.08820549230666505,0.056587193212343956,-1.7694027844239457e-05,-0.09310706607389131,0.00019003958120855386,77.0,1230.0
7289162-r3,7289162,K02539.01,3,0,official_kepler_false_positive,,ephemeris_contamination,16.170163911557506,8.0,0.00010899774609920214,8.159304453973367e-06,13.35870559973076,13.35870559973076,0.02061409736824534,0.18111794659739927,-1.1273229626906911e-05,-0.05945058282253368,0.00018962353423108906,18.0,292.0
7289162-r4,7289162,K02539.01,4,0,official_kepler_false_positive,,ephemeris_contamination,11.333355375519908,8.0,9.03157095237893e-05,6.838906997159557e-06,13.206161388259943,13.206161388259943,0.02941170750308727,0.127330301048721,1.6475723112474583e-06,0.008706197816444198,0.00018924131360024198,26.0,418.0
7289162-r5,7289162,K02539.01,5,0,official_kepler_false_positive,,ephemeris_contamination,3.8255863306824613,8.0,5.4602072596366334e-05,4.161181135130797e-06,13.121772598502863,13.121772598502863,0.08713261302192825,0.07517073235193866,-3.7365027265368056e-05,-0.1990505683834685,0.00018771625506431504,75.0,1197.0
6206470-r1,6206470,K05252.01,1,0,official_kepler_false_positive,,ephemeris_contamination,15.370203800368015,8.0,6.249958680024559e-05,8.952857339795172e-06,6.980965341917923,6.980965341917923,0.02168698201160821,0.3143912564692791,-3.643212754811387e-06,-0.02367708706143566,0.00015387081803425529,16.0,258.0
6206470-r2,6206470,K05252.01,2,0,official_kepler_false_positive,,ephemeris_contamination,43.06884653716643,8.0,9.051506126180303e-05,1.4567224084148245e-05,6.213610825160551,6.213610825160551,0.007739546334162491,0.4934531335110117,3.3791541594663244e-05,0.2197132592614274,0.00015379837206117876,6.0,96.0
6206470-r3,6206470,K05252.01,3,0,official_kepler_false_positive,,ephemeris_contamination,20.973024415266924,8.0,5.987312196069866e-05,9.826089911222124e-06,6.093280491186948,6.093280491186948,0.015893431807130758,0.021238825385108857,-7.765078513299883e-06,-0.050372711754309914,0.00015415248143029543,14.0,213.0
6206470-r4,6206470,K05252.01,4,0,official_kepler_false_positive,,ephemeris_contamination,3.587076220367237,2.0,4.9321191089578125e-05,8.118820773801776e-06,6.074920541260161,6.074920541260161,0.023231547983332743,0.12517010227598419,7.340656384968725e-07,0.004780919994919015,0.00015354066566205046,79.0,317.0
6206470-r5,6206470,K05252.01,5,0,official_kepler_false_positive,,ephemeris_contamination,31.026196208843555,8.0,6.889388183715484e-05,1.1446543280644391e-05,6.018749953416191,6.018749953416191,0.0107436094031508,0.4599262171977134,-2.238645754659707e-05,-0.14554336367962736,0.0001538129735401371,10.0,157.0
2441151-r1,2441151,K00603.01,1,0,official_kepler_false_positive,,ephemeris_contamination,2.190830593962699,4.0,0.0005737688743707292,1.0517409633400296e-05,54.554200546549296,54.554200546549296,0.07607464818409611,0.497287107656135,3.0309970123654217e-05,0.07239736421892247,0.00041866123788705713,131.0,1046.0
2441151-r2,2441151,K00603.01,2,0,official_kepler_false_positive,,ephemeris_contamination,1.0962416507370507,2.0,0.0005326321738018541,1.0455276754650739e-05,50.943861774383684,50.943861774383684,0.07601730264244633,2.3255487773730494,-8.428866065113283e-06,-0.0200582749638337,0.0004202188912212563,264.0,1060.0
2441151-r3,2441151,K00603.01,3,0,official_kepler_false_positive,,ephemeris_contamination,0.7306677535936473,2.0,0.00038641047830477215,8.73971770446568e-06,44.21315325863791,44.21315325863791,0.11405092523034516,0.13519503920651874,3.8929673886745064e-06,0.009264737586918561,0.000420191867514005,396.0,1585.0
2441151-r4,2441151,K00603.01,4,0,official_kepler_false_positive,,ephemeris_contamination,4.387421818193481,4.0,0.000588812743253032,1.4415529523139409e-05,40.845724210677524,40.845724210677524,0.03798738155869672,0.28774839739708485,0.00019289191719951138,0.46058262299213465,0.00041879981477895527,67.0,536.0
2441151-r5,2441151,K00603.01,5,0,official_kepler_false_positive,,ephemeris_contamination,1.4612880813213027,2.0,0.00046689431484732435,1.190588733783024e-05,39.21541516387408,39.21541516387408,0.057027313367247194,0.07395229339545062,0.00016682622649721868,0.3988925337656826,0.00041822348721928126,200.0,802.0
6864893-r1,6864893,K02375.01,1,0,official_kepler_false_positive,,ephemeris_contamination,44.29696387425693,8.0,0.0003194655217966079,2.6779507171726476e-05,11.929477258412591,11.929477258412591,0.00752497020517131,0.35476322634423413,-5.505426613017228e-05,-0.16253463294330991,0.00033872329320345243,7.0,114.0
6864893-r2,6864893,K02375.01,2,0,official_kepler_false_positive,,ephemeris_contamination,35.25041604691947,8.0,0.0002671887734248104,2.3857882869408788e-05,11.19918204340784,11.19918204340784,0.009456153166806758,0.06096382033208051,-5.834300839779871e-06,-0.017180859987767468,0.00033958142048382976,9.0,146.0
6864893-r3,6864893,K02375.01,3,0,official_kepler_false_positive,,ephemeris_contamination,28.209171474577378,8.0,0.00024350778882166897,2.2475171746067425e-05,10.834524050490362,10.834524050490362,0.011816487897694529,1.404978892497745,-2.073184056516908e-05,-0.0612029843220863,0.00033873904671160925,10.0,159.0
6864893-r4,6864893,K02375.01,4,0,official_kepler_false_positive,,ephemeris_contamination,14.374625585755357,8.0,0.00016359405346899345,1.582424234124228e-05,10.338191866704596,10.338191866704596,0.023189009782881055,0.0662631371801425,-1.547410298563534e-06,-0.0045656788239710365,0.0003389222847737812,21.0,332.0
6864893-r5,6864893,K02375.01,5,0,official_kepler_false_positive,,ephemeris_contamination,33.72008607619357,8.0,0.0002447617035723436,2.526530985235023e-05,9.687658888916234,9.687658888916234,0.00988530493605908,0.15394648438136357,4.330029984012107e-05,0.12782122621336953,0.00033875672392502876,8.0,129.0
3337432-r1,3337432,K02265.01,1,0,official_kepler_false_positive,,ephemeris_contamination,2.9755652523510836,4.0,5.907181303412072e-05,6.679277424766144e-06,8.84404244313732,8.84404244313732,0.05601176668365055,0.028636799741249275,8.956778944746446e-06,0.04402290673874182,0.00020345723643150858,96.0,775.0
3337432-r2,3337432,K02265.01,2,0,official_kepler_false_positive,,ephemeris_contamination,3.9621861658189848,8.0,4.5101696387124514e-05,5.550891269536217e-06,8.125126974589941,8.125126974589941,0.08412863994350786,0.01756664952345655,-1.2936840390498361e-05,-0.06353556638595927,0.0002036157246464285,72.0,1162.0
3337432-r3,3337432,K02265.01,3,0,official_kepler_false_positive,,ephemeris_contamination,4.034213004087533,8.0,4.229295421163275e-05,5.684427852764312e-06,7.440142668195864,7.440142668195864,0.08262660722068822,0.08056334301683345,-5.955800244317189e-06,-0.029077687360943405,0.00020482372516037524,69.0,1099.0
3337432-r4,3337432,K02265.01,4,0,official_kepler_false_positive,,ephemeris_contamination,1.4878809615230564,4.0,3.655238200412416e-05,4.944831128678132e-06,7.392038484819897,7.392038484819897,0.11201612963449695,0.19598257370051922,-7.346134282659733e-06,-0.036248542651299134,0.00020266012770023598,194.0,1543.0
3337432-r5,3337432,K02265.01,5,0,official_kepler_false_positive,,ephemeris_contamination,9.827672225298418,8.0,6.0788372205322134e-05,8.524934266838799e-06,7.130655827081652,7.130655827081652,0.03391783178068005,0.06727054523807066,-2.846017911339871e-06,-0.013910470737578833,0.00020459537028113764,29.0,473.0
5816811-r1,5816811,K01042.01,1,0,official_kepler_false_positive,,ephemeris_contamination,2.2285476466123226,4.0,0.0006057279220898502,1.075489710252566e-05,56.32112667517779,56.32112667517779,0.07478712286902248,0.6713299631545958,-9.878706811461413e-06,-0.01955895002411678,0.0003910772385734216,131.0,1048.0
5816811-r2,5816811,K01042.01,2,0,official_kepler_false_positive,,ephemeris_contamination,1.1135302368616653,4.0,0.0003208492869157418,7.944866232933232e-06,40.384479424681864,40.384479424681864,0.14967412751753753,1.3567860475579392,9.044322815121575e-07,0.0023152793689304673,0.00039063634982846836,261.0,2086.0
5816811-r3,5816811,K01042.01,3,0,official_kepler_false_positive,,ephemeris_contamination,4.450270320967799,4.0,0.0005220711920667278,1.5160114474408431e-05,34.43715368693479,34.43715368693479,0.03745090851704076,0.26485135062612736,0.0002327807392312753,0.5832544974469965,0.0003991066339825855,63.0,504.0
5816811-r4,5816811,K01042.01,4,0,official_kepler_false_positive,,ephemeris_contamination,0.7425431596652854,2.0,0.00030018828809994956,8.997588608555058e-06,33.363193313208996,33.363193313208996,0.11222692209688838,0.21901971811787413,-2.767511233137121e-05,-0.06935971413701489,0.0003990084543413935,389.0,1558.0
5816811-r5,5816811,K01042.01,5,0,official_kepler_false_positive,,ephemeris_contamination,1.4850373182866856,2.0,0.0004045189366755856,1.2422489548438533e-05,32.563435461004865,32.563435461004865,0.056115312596639995,0.076654578096941,0.00013733599355281179,0.3453490930651304,0.0003976729527038636,193.0,766.0
4677282-r1,4677282,K02766.01,1,0,official_kepler_false_positive,,ephemeris_contamination,1.8896843096162104,8.0,0.00013028163374204573,2.7462832419574974e-06,47.43925599210353,47.43925599210353,0.1763963068524564,0.10784735577721961,-9.769580911256348e-05,-0.37221874466441734,0.0002624688050050877,154.0,2452.0
4677282-r2,4677282,K02766.01,2,0,official_kepler_false_positive,,ephemeris_contamination,1.405750138390925,8.0,9.311033600302288e-05,2.452874211207712e-06,37.95968646805517,37.95968646805517,0.2371213235055266,0.05575660843837863,-3.375193342058935e-05,-0.12565894200371341,0.00026859953523714953,212.0,3326.0
4677282-r3,4677282,K02766.01,3,0,official_kepler_false_positive,,ephemeris_contamination,3.7790513411175555,8.0,0.00013760657135141434,3.6881972141311287e-06,37.30998191316402,37.30998191316402,0.08820555828563015,0.34122549552191983,9.929480202053309e-05,0.37362966434499806,0.0002657572765123043,76.0,1229.0
4677282-r4,4677282,K02766.01,4,0,official_kepler_false_positive,,ephemeris_contamination,5.668101174403851,8.0,0.00013798288813365918,4.528290842845242e-06,30.471295445095784,30.471295445095784,0.05880864209668805,0.2264756525819149,-7.385744028098884e-05,-0.27977668606389333,0.00026398711529566774,50.0,788.0
4677282-r5,4677282,K02766.01,5,0,official_kepler_false_positive,,ephemeris_contamination,7.53849820273242,8.0,0.00014927444894818307,5.172158371845567e-06,28.86115200198672,28.86115200198672,0.04421747201750511,0.41963137544060686,3.715985060903648e-05,0.1389941993997593,0.0002673482114326336,37.0,595.0
10801249-r1,10801249,K04611.01,1,0,official_kepler_false_positive,,ephemeris_contamination,6.778068595232713,8.0,8.012306161970812e-05,5.1365292377928e-06,15.598677221613075,15.598677221613075,0.04917821775480112,0.22112046690127643,-2.1051056622312103e-05,-0.13881869158149523,0.00015164425181139112,32.0,504.0
10801249-r2,10801249,K04611.01,2,0,official_kepler_false_positive,,ephemeris_contamination,4.438952370267231,8.0,6.0856719999738264e-05,4.179787113220594e-06,14.55976545007508,14.55976545007508,0.07509279341811595,0.178683975247937,-1.2924523668189636e-05,-0.08451981615606222,0.00015291708212338107,50.0,784.0
10801249-r3,10801249,K04611.01,3,0,official_kepler_false_positive,,ephemeris_contamination,8.881495350319,8.0,8.20443456155858e-05,5.7996865509389795e-06,14.14634134017168,14.14634134017168,0.037531217456682094,0.10297540653212416,3.194386032301377e-05,0.20859081660751932,0.00015314125924881323,25.0,391.0
10801249-r4,10801249,K04611.01,4,0,official_kepler_false_positive,,ephemeris_contamination,26.687660641460635,8.0,0.00014127759874691528,1.0081895844630762e-05,14.012999233884608,14.012999233884608,0.012490166815726182,0.015475794431780595,4.580935026432531e-05,0.299675347013076,0.0001528632592601168,8.0,126.0
10801249-r5,10801249,K04611.01,5,0,official_kepler_false_positive,,ephemeris_contamination,27.992816727779417,8.0,0.0001390424046148313,1.0085582165314071e-05,13.786254708530397,13.786254708530397,0.01190781680082023,0.5765265326038052,-5.855116354691603e-05,-0.38444613987555787,0.0001523000427728799,8.0,126.0
6066416-r1,6066416,K01057.01,1,0,official_kepler_false_positive,,ephemeris_contamination,5.698407360579539,8.0,3.716786194060742e-05,2.0358925748583817e-06,18.256298195494352,18.256298195494352,0.058495876521441365,0.09272887736274303,2.431743613473536e-06,0.03132465601735423,7.763033733319598e-05,39.0,624.0
6066416-r2,6066416,K01057.01,2,0,official_kepler_false_positive,,ephemeris_contamination,2.841394361193081,8.0,2.6755947926762255e-05,1.5017046296245971e-06,17.81705096923809,17.81705096923809,0.11731329444652275,0.2808732991107049,-1.318096748637032e-06,-0.017024604287378592,7.74230476307881e-05,77.0,1224.0
6066416-r3,6066416,K01057.01,3,0,official_kepler_false_positive,,ephemeris_contamination,39.6178367548202,8.0,8.638145295372497e-05,5.463167069520601e-06,15.811607416447734,15.811607416447734,0.008413718684243341,0.45435388208826527,-2.3242672366974304e-05,-0.3007519882050208,7.728185773830999e-05,5.0,82.0
6066416-r4,6066416,K01057.01,4,0,official_kepler_false_positive,,ephemeris_contamination,7.900755570822722,8.0,3.867962786461701e-05,2.4543937488254234e-06,15.759340930169644,15.759340930169644,0.04219005769072573,0.0238267132030816,1.0361728682850568e-05,0.1341494062811847,7.724021276047842e-05,27.0,423.0
6066416-r5,6066416,K01057.01,5,0,official_kepler_false_positive,,ephemeris_contamination,8.81311312024351,8.0,4.0411749746511785e-05,2.5723003875011303e-06,15.710354025087215,15.710354025087215,0.03782242764678404,0.1706683870126548,6.789908700621794e-06,0.08814425699925257,7.703177645118013e-05,25.0,383.0
9636569-r1,9636569,K00527.01,1,0,official_kepler_false_positive,,ephemeris_contamination,10.635063088129078,4.0,0.00028079101546756805,1.3741031868507776e-05,20.4344927043722,20.4344927043722,0.01567143187450397,0.4466897067689289,1.2556355847848089e-05,0.055917710176690935,0.00021841435299752487,28.0,222.0
9636569-r2,9636569,K00527.01,2,0,official_kepler_false_positive,,ephemeris_contamination,5.318789188356665,4.0,0.00015265061723533006,9.841130554818547e-06,15.51149193530282,15.51149193530282,0.0313354526311206,0.8936885281296921,2.8619045605138282e-05,0.1304264472334935,0.00021942670533610083,55.0,440.0
9636569-r3,9636569,K00527.01,3,0,official_kepler_false_positive,,ephemeris_contamination,21.2600721555216,4.0,0.0002836980716930276,1.9423721143633687e-05,14.605752913931859,14.605752913931859,0.007839421496195653,0.30322363197623176,0.00010002806785747165,0.4375341706865693,0.0002196014736194944,14.0,111.0
9636569-r4,9636569,K00527.01,4,0,official_kepler_false_positive,,ephemeris_contamination,2.6597091168061477,4.0,8.469147050782758e-05,7.145760988103868e-06,11.851987583802536,11.851987583802536,0.06266349414435388,0.4488671650153744,-1.2180519273874424e-05,-0.05570937972025636,0.00021864395789432015,108.0,861.0
9636569-r5,9636569,K00527.01,5,0,official_kepler_false_positive,,ephemeris_contamination,3.5461390235523815,4.0,8.42150830228162e-05,7.971502940981924e-06,10.564517588002376,10.564517588002376,0.04699947338773723,0.1653578163188267,8.633394026569263e-06,0.03963596215655095,0.00021781719319616298,85.0,682.0
7038096-r1,7038096,K04020.01,1,0,official_kepler_false_positive,,ephemeris_contamination,0.566939014108514,2.0,0.00024101866039898389,6.050344305153647e-06,39.83552806964814,39.83552806964814,0.14698817908019832,0.012104503834407006,3.3793026588124775e-06,0.008811234267783963,0.000383522053336845,509.0,2054.0
7038096-r2,7038096,K04020.01,2,0,official_kepler_false_positive,,ephemeris_contamination,1.133849458905135,2.0,0.00022689913166021764,8.204372985271806e-06,27.65587718495231,27.65587718495231,0.07349594135168654,0.03612518952133065,0.00018223115495463738,0.4711271344032918,0.00038679825815051615,255.0,1028.0
7038096-r3,7038096,K04020.01,3,0,official_kepler_false_positive,,ephemeris_contamination,1.7013522210828793,2.0,0.000205276072300505,9.9512316351873e-06,20.628207625541954,20.628207625541954,0.04898064745246766,0.035723314250952834,-2.131129313220903e-05,-0.053434587988770564,0.0003988295584254839,169.0,680.0
7038096-r4,7038096,K04020.01,4,0,official_kepler_false_positive,,ephemeris_contamination,2.267584649200288,2.0,0.00022687165171409024,1.1402094275189916e-05,19.89736676776525,19.89736676776525,0.03674982248743067,0.468618751173466,0.0001566841718503298,0.3960800328881261,0.00039558715118210886,128.0,515.0
7038096-r5,7038096,K04020.01,5,0,official_kepler_false_positive,,ephemeris_contamination,16.340251540596302,8.0,0.00027828950780568973,1.4437012324388977e-05,19.276114860383196,19.276114860383196,0.020399522767760834,0.2508528585898615,-6.138223870211235e-05,-0.15453659382369375,0.00039720196481191723,19.0,311.0
3329643-r1,3329643,K06322.01,1,0,official_kepler_false_positive,,ephemeris_contamination,1.0146181581483797,4.0,8.297114657239544e-05,9.190430308368009e-06,9.0279936617167,9.0279936617167,0.16426540894046665,0.027907307453120585,3.568619792992944e-05,0.06654805918942786,0.0005362470125289353,287.0,2295.0
3329643-r2,3329643,K06322.01,2,0,official_kepler_false_positive,,ephemeris_contamination,0.5073205120496728,4.0,5.786325950040239e-05,7.261725825672316e-06,7.968251747516949,7.968251747516949,0.32852341411014735,0.0938362323326348,-2.280529139242482e-05,-0.04197106993232476,0.0005433573990178631,571.0,4571.0
3329643-r3,3329643,K06322.01,3,0,official_kepler_false_positive,,ephemeris_contamination,2.0304709775208405,1.0,0.00018093229724416634,2.3739145715154814e-05,7.6216852710357275,7.6216852710357275,0.02052069058260598,0.08650903908451407,3.113296658063813e-05,0.05795249173021555,0.0005372153232956828,145.0,290.0
3329643-r4,3329643,K06322.01,4,0,official_kepler_false_positive,,ephemeris_contamination,37.82536953897261,8.0,0.0002606835579994606,3.4426239576403006e-05,7.572234470190074,7.572234470190074,0.008812427674761777,0.23040676870911242,-0.00012082866123641622,-0.2261159483672846,0.0005343659397264267,8.0,126.0
3329643-r5,3329643,K06322.01,5,0,official_kepler_false_positive,,ephemeris_contamination,35.25040557044365,8.0,0.00027551268606994375,3.751140574930384e-05,7.344771025411568,7.344771025411568,0.00945615597719031,0.38602899250900286,-6.673099931608917e-05,-0.12429682761449709,0.0005368680810024643,7.0,113.0
3337438-r1,3337438,K06324.01,1,0,official_kepler_false_positive,,ephemeris_contamination,46.976020569905316,4.0,0.00029275039445057424,1.8517434710572812e-05,15.809446558136043,15.809446558136043,0.003547909436446387,0.01711014824669765,-0.00013020387844764336,-0.6146935444114242,0.0002118191733611177,7.0,60.0
3337438-r2,3337438,K06324.01,2,0,official_kepler_false_positive,,ephemeris_contamination,35.25040545881154,4.0,0.00028620901520563753,1.84751346181816e-05,15.4915794185324,15.4915794185324,0.004728078003568183,0.7677881057236932,-3.366206893629098e-05,-0.1585467685095652,0.00021231633575843035,8.0,60.0
3337438-r3,3337438,K06324.01,3,0,official_kepler_false_positive,,ephemeris_contamination,44.29695872962267,4.0,0.00026027770627280847,1.8818445884668616e-05,13.830988375339574,13.830988375339574,0.0037624855395594413,0.3791181080150377,8.74595262521094e-05,0.41279365558010933,0.0002118722637081239,7.0,58.0
3337438-r4,3337438,K06324.01,4,0,official_kepler_false_positive,,ephemeris_contamination,4.884004292907039,8.0,6.324474448143392e-05,4.760963527716266e-06,13.284022050001104,13.284022050001104,0.06825000826011311,0.03307914304948734,-3.247432526887195e-06,-0.015356210726558437,0.00021147355846522656,60.0,974.0
3337438-r5,3337438,K06324.01,5,0,official_kepler_false_positive,,ephemeris_contamination,39.76170575194396,4.0,0.00026682491743144817,2.0280444724498674e-05,13.156758693221605,13.156758693221605,0.0041916377457855486,0.41644817769008075,2.9916738537694165e-05,0.1411214412928295,0.000211992864185793,6.0,51.0
8009496-r1,8009496,K01869.01,1,0,official_kepler_false_positive,,ephemeris_contamination,38.292584825769765,8.0,0.00012191044740987489,1.3778159030330494e-05,8.848094084377152,8.848094084377152,0.00870490552805435,0.019104409729332597,-3.2264357913147634e-05,-0.21920114919343975,0.00014719064216527037,6.0,93.0
8009496-r2,8009496,K01869.01,2,0,official_kepler_false_positive,,ephemeris_contamination,9.628441309782442,8.0,6.198262091317224e-05,7.353565809082397e-06,8.428920407106093,8.428920407106093,0.03461965676569774,0.3147765046745247,5.107820093774862e-06,0.0346238297697237,0.0001475232557387779,23.0,344.0
8009496-r3,8009496,K01869.01,3,0,official_kepler_false_positive,,ephemeris_contamination,47.90756306855616,4.0,0.00016154749698068792,2.1289762323112705e-05,7.588036659540716,7.588036659540716,0.0034789218234324536,0.4457901179316491,2.8975653514451416e-05,0.1965353227327088,0.00014743229416250416,5.0,40.0
8009496-r4,8009496,K01869.01,4,0,official_kepler_false_positive,,ephemeris_contamination,15.491848057249927,2.0,0.0001300785741457905,1.7216894304006438e-05,7.555286792666243,7.555286792666243,0.00537917316419423,0.07417212269019162,1.688791680942714e-06,0.011447127096915907,0.00014752973970191257,15.0,61.0
8009496-r5,8009496,K01869.01,5,0,official_kepler_false_positive,,ephemeris_contamination,42.5638346896469,4.0,0.00015671411675650428,2.0798219346567293e-05,7.534977593279861,7.534977593279861,0.003915687293729814,0.6028117669354435,6.399370321696907e-05,0.433745127080975,0.0001475375726930581,5.0,42.0
4768756-r1,4768756,K06451.01,1,0,official_kepler_false_positive,,ephemeris_contamination,9.080843470291276,8.0,4.7252989177607555e-05,4.300167106428849e-06,10.988640210507922,10.988640210507922,0.036707309670501495,0.16424229986478583,6.249517803036397e-06,0.05477055124460137,0.0001141036133656296,33.0,516.0
4768756-r2,4768756,K06451.01,2,0,official_kepler_false_positive,,ephemeris_contamination,36.06887265364307,8.0,8.624195927800008e-05,8.40322741288846e-06,10.26295672371384,10.26295672371384,0.009241578924138225,0.03934031316917175,-2.5023232858467637e-05,-0.2183505127142168,0.0001146012095296462,8.0,131.0
4768756-r3,4768756,K06451.01,3,0,official_kepler_false_positive,,ephemeris_contamination,31.026191382688527,8.0,7.829463494351883e-05,7.635017901952197e-06,10.254676013726135,10.254676013726135,0.010743611074329962,0.17807898108382103,2.9042598310935475e-05,0.2542651088064371,0.0001142217209717302,10.0,160.0
4768756-r4,4768756,K06451.01,4,0,official_kepler_false_positive,,ephemeris_contamination,15.523795419412899,8.0,5.210347247536999e-05,5.4038124755118394e-06,9.641983823732678,9.641983823732678,0.021472412147128115,0.29178476947391857,5.500417418091708e-06,0.047934224579214424,0.00011474927291254937,20.0,323.0
4768756-r5,4768756,K06451.01,5,0,official_kepler_false_positive,,ephemeris_contamination,5.449385529987978,8.0,3.25739872513995e-05,3.3832632703496533e-06,9.627978861968092,9.627978861968092,0.061168976116481276,0.06796730274462734,-6.438775165928945e-06,-0.05627216268455535,0.00011442203140516853,54.0,855.0
11913052-r1,11913052,K07491.01,1,0,official_kepler_false_positive,,ephemeris_contamination,14.785083045207028,4.0,0.00024455208118155213,1.2885825474731038e-05,18.97837912372134,18.97837912372134,0.011272622964447672,0.6313355644830148,-1.526802847839903e-05,-0.043879869909809056,0.00034795063225531497,19.0,153.0
11913052-r2,11913052,K07491.01,2,0,official_kepler_false_positive,,ephemeris_contamination,33.00371534804457,8.0,0.00024264612885056212,1.321813354135612e-05,18.35706441392691,18.35706441392691,0.01009987299363503,0.39615855166788316,-2.841710180501167e-06,-0.008165859526721447,0.00034799890583497455,9.0,145.0
11913052-r3,11913052,K07491.01,3,0,official_kepler_false_positive,,ephemeris_contamination,9.765915703153295,8.0,0.00013239023701833828,7.237160968321584e-06,18.293117646247648,18.293117646247648,0.034132317282413574,0.017869616788481736,3.0145511991652718e-05,0.08623501095668591,0.0003495739335708346,31.0,499.0
11913052-r4,11913052,K07491.01,4,0,official_kepler_false_positive,,ephemeris_contamination,5.229273152649747,8.0,0.0001017647278201763,5.580985011861391e-06,18.234187621700016,18.234187621700016,0.06374372185251569,0.012418497220972465,1.4533125541116299e-05,0.04160457137114882,0.00034931559350697853,55.0,862.0
11913052-r5,11913052,K07491.01,5,0,official_kepler_false_positive,,ephemeris_contamination,4.3874358929730715,8.0,9.032639075338794e-05,5.1125383473045414e-06,17.667621173151744,17.667621173151744,0.07597451939234048,0.004298546841477297,-1.3482059000757829e-05,-0.03864309545755467,0.00034888662104117505,66.0,1038.0
10619142-r1,10619142,K03082.01,1,0,official_kepler_false_positive,,ephemeris_contamination,2.0447439123816684,4.0,0.000146119563291696,1.0714135186872538e-05,13.638017510804657,13.638017510804657,0.08150979966608012,0.039872566379356995,4.731508125299655e-06,0.011083277450041529,0.000426905141247901,170.0,1362.0
10619142-r2,10619142,K03082.01,2,0,official_kepler_false_positive,,ephemeris_contamination,1.0222810189113234,4.0,6.485316846193338e-05,7.909772824373984e-06,8.19911897622245,8.19911897622245,0.16303410078390976,0.25976623018608225,-1.9197289458317002e-05,-0.04492433710454151,0.00042732493556095903,341.0,2738.0
10619142-r3,10619142,K03082.01,3,0,official_kepler_false_positive,,ephemeris_contamination,10.242378281633389,8.0,0.00013167703911436877,1.6531858781192875e-05,7.965047418876359,7.965047418876359,0.032544524735145346,0.11558295955399624,-1.0049704447068208e-05,-0.023496055417455287,0.0004277187923042714,34.0,545.0
10619142-r4,10619142,K03082.01,4,0,official_kepler_false_positive,,ephemeris_contamination,20.503028372677807,8.0,0.00018454313549295283,2.381091439922098e-05,7.750359032788364,7.750359032788364,0.016257760915823097,0.09879467333574928,3.070261130488916e-05,0.07184579890827966,0.00042734038414806916,17.0,262.0
10619142-r5,10619142,K03082.01,5,0,official_kepler_false_positive,,ephemeris_contamination,42.99715492786977,8.0,0.00023206374734359206,3.1709113844937686e-05,7.31851884850578,7.31851884850578,0.007752450921288149,0.41047600965800457,5.630134881817739e-05,0.13165062359370905,0.0004276572892805329,9.0,147.0
5385773-r1,5385773,K06005.01,1,0,official_kepler_false_positive,,ephemeris_contamination,41.90698989197377,8.0,0.00015867458202730106,2.5343893821519008e-05,6.260860432289752,6.260860432289752,0.007954122550738843,0.41628797219783203,-7.841687019505272e-05,-0.2514859336870353,0.0003118141402399052,8.0,131.0
5385773-r2,5385773,K06005.01,2,0,official_kepler_false_positive,,ephemeris_contamination,2.4733766883659936,1.0,0.00011735891878704853,1.8865936587839914e-05,6.220678111612679,6.220678111612679,0.016846065891481028,0.11851448717807705,-4.9813075070570534e-05,-0.15977879775201362,0.00031176273555320806,118.0,239.0
5385773-r3,5385773,K06005.01,3,0,official_kepler_false_positive,,ephemeris_contamination,5.058964456636878,8.0,5.9515231145429784e-05,9.89483166860192e-06,6.014779547415881,6.014779547415881,0.06588963733398677,0.13293010153511522,-3.106846364908655e-05,-0.09998328407008127,0.000310736578999643,57.0,915.0
5385773-r4,5385773,K06005.01,4,0,official_kepler_false_positive,,ephemeris_contamination,2.941758011225234,1.0,0.00012033123810515717,2.0693774258635528e-05,5.814852167672742,5.814852167672742,0.014163866132997327,0.19307601678218722,-3.7388969218454804e-05,-0.12002226809985549,0.0003115169360684646,99.0,198.0
5385773-r5,5385773,K06005.01,5,0,official_kepler_false_positive,,ephemeris_contamination,11.762419524605622,1.0,0.00023787025520264523,4.224853365852177e-05,5.6302606174514045,5.6302606174514045,0.003542355089401871,0.09126907998241184,-4.490747798224781e-05,-0.14379115870277887,0.0003123104256713938,23.0,47.0
6863839-r1,6863839,K01373.01,1,0,official_kepler_false_positive,,ephemeris_contamination,1.9271946668966093,4.0,0.00011292221997318145,6.9386716730309694e-06,16.27432818475679,16.27432818475679,0.08648149018337234,0.11944474373722057,6.988552138764703e-06,0.027223416859739523,0.000256711057791574,153.0,1229.0
6863839-r2,6863839,K01373.01,2,0,official_kepler_false_positive,,ephemeris_contamination,3.8540592371982414,4.0,0.00013098852892606577,9.57721424803899e-06,13.677101246104703,13.677101246104703,0.04324444862135206,0.06245091075811774,7.318228530583948e-05,0.28628037668886264,0.00025563151115095813,76.0,616.0
6863839-r3,6863839,K01373.01,3,0,official_kepler_false_positive,,ephemeris_contamination,0.9630412063061582,2.0,9.310542917922757e-05,7.002158122469132e-06,13.296676189082735,13.296676189082735,0.08653143062586777,0.7914736414466588,-3.2002786347629097e-06,-0.012500930295010418,0.0002560032380982285,299.0,1205.0
6863839-r4,6863839,K01373.01,4,0,official_kepler_false_positive,,ephemeris_contamination,0.6421693338014905,2.0,6.153210167697079e-05,5.875670828214351e-06,10.472353451371056,10.472353451371056,0.12976847218788806,0.08958104192457744,-3.3709685325344907e-06,-0.013261362735935705,0.00025419473093815794,449.0,1795.0
6863839-r5,6863839,K01373.01,5,0,official_kepler_false_positive,,ephemeris_contamination,25.027807368117976,4.0,0.00021359201126669702,2.476747300328396e-05,8.623891958552917,8.623891958552917,0.006659259607334893,0.2929468302474561,-3.611608981568537e-05,-0.13970302350170122,0.0002585204594032682,11.0,89.0
9641018-r1,9641018,K01504.01,1,0,official_kepler_false_positive,,ephemeris_contamination,2.1785460971549195,2.0,0.00027587744161128346,7.77603560595893e-06,35.477903599087576,35.477903599087576,0.038251810894505654,0.040392848354231965,0.00013504585925028234,0.4777045855270231,0.0001910330394524432,133.0,533.0
9641018-r2,9641018,K01504.01,2,0,official_kepler_false_positive,,ephemeris_contamination,1.089325811674736,2.0,0.00019514366522908552,5.611625440169693e-06,34.77489139460179,34.77489139460179,0.07649991622361006,0.8016713566558322,-6.9150235564308105e-06,-0.035855255927980535,0.00019156637129779175,265.0,1066.0
9641018-r3,9641018,K01504.01,3,0,official_kepler_false_positive,,ephemeris_contamination,0.5444851887337662,2.0,0.00010065192914955769,4.146225313063233e-06,24.275557054856723,24.275557054856723,0.1530497707883113,1.102674986325134,-5.698599438774821e-06,-0.0296568746803702,0.00019215104424158042,530.0,2132.0
9641018-r4,9641018,K01504.01,4,0,official_kepler_false_positive,,ephemeris_contamination,0.7262289336731663,2.0,8.294173709351772e-05,4.670907672146042e-06,17.757091964827953,17.757091964827953,0.11474802155271446,0.008828587633053666,3.283694958777783e-05,0.17035853315575686,0.00019275200942095094,398.0,1606.0
9641018-r5,9641018,K01504.01,5,0,official_kepler_false_positive,,ephemeris_contamination,1.6333764731936433,2.0,9.506665083949242e-05,6.764238295663551e-06,14.054302448279829,14.054302448279829,0.0510190606397046,1.0522485497489533,-2.536630899441228e-05,-0.1283860256204748,0.00019757842702755105,176.0,714.0
3337425-r1,3337425,K01114.01,1,0,official_kepler_false_positive,,ephemeris_contamination,7.058923845789365,8.0,8.768059968110976e-05,1.4172842905043292e-05,6.186521664606141,6.186521664606141,0.04722155113377035,0.03228831619813335,-9.915571315799454e-06,-0.02764076409105612,0.00035873000048533,38.0,593.0
3337425-r2,3337425,K01114.01,2,0,official_kepler_false_positive,,ephemeris_contamination,43.06884167376398,1.0,0.0006153700973836732,9.98247299977581e-05,6.164505502769639,6.164505502769639,0.0009674434010155544,1.2547977253946854,-0.00010405968395899023,-0.2910011331269185,0.0003575920232365734,6.0,12.0
3337425-r3,3337425,K01114.01,3,0,official_kepler_false_positive,,ephemeris_contamination,3.522012060476937,4.0,8.08328422109747e-05,1.3816111915593388e-05,5.850621557266316,5.850621557266316,0.04732143553310187,0.5087266898285329,-1.8612499284698103e-05,-0.0521742855978717,0.0003567370222977686,78.0,627.0
3337425-r4,3337425,K01114.01,4,0,official_kepler_false_positive,,ephemeris_contamination,35.250405207855984,4.0,0.00023599588716819301,4.243108279517364e-05,5.561863417613198,5.561863417613198,0.004728078037228433,0.45523979900230693,-3.2021678056270986e-05,-0.08947037211186187,0.00035790259166727654,8.0,64.0
3337425-r5,3337425,K01114.01,5,0,official_kepler_false_positive,,ephemeris_contamination,1.8624962078115468,2.0,7.629007138337342e-05,1.3925032170143453e-05,5.4786280168850405,5.4786280168850405,0.0447428204061961,0.037788367818539455,-2.322380745711783e-05,-0.06504259384245854,0.0003570553707216667,155.0,619.0
7115384-r1,7115384,K07578.01,1,0,official_kepler_false_positive,,ephemeris_contamination,47.90756843822952,8.0,0.0040367916319224584,3.525610066473707e-06,1144.9909535685074,1144.9909535685074,0.006957842867001748,2.3716635817876632,0.0007606579081681497,0.20939595006591488,0.0010458040089838378,4.0,66.0
7115384-r2,7115384,K07578.01,2,0,official_kepler_false_positive,,ephemeris_contamination,31.89195331456963,8.0,0.003964378973655543,3.550386887036876e-06,1116.6047813353043,1116.6047813353043,0.010451957271022725,3.2949129864754543,-0.0003156928011871507,-0.0986843927802674,0.0010398799382153106,4.0,65.0
7115384-r3,7115384,K07578.01,3,0,official_kepler_false_positive,,ephemeris_contamination,39.617812342793414,8.0,0.003078016836012831,2.92899212732357e-06,1050.8791769356633,1050.8791769356633,0.008413723868677154,1.3272924459402704,-0.0005818702295123934,-0.46240373394588347,0.0010497790122316432,6.0,96.0
7115384-r4,7115384,K07578.01,4,0,official_kepler_false_positive,,ephemeris_contamination,44.20752003101007,8.0,0.0032561985834081526,3.199316926470114e-06,1017.7793129737845,1017.7793129737845,0.00754019526767191,0.6319325105281537,0.0003165346240898703,0.30042261686126276,0.0010536311393494326,5.0,80.0
7115384-r5,7115384,K07578.01,5,0,official_kepler_false_positive,,ephemeris_contamination,22.49273442766591,8.0,0.0020876683920256164,2.251207528053798e-06,927.3549266381658,927.3549266381658,0.014819600276048945,1.3400112813302516,0.0003632192052709371,0.34355518106792793,0.001057236872812933,10.0,163.0
5471108-r1,5471108,K05173.01,1,0,official_kepler_false_positive,,ephemeris_contamination,29.272278560605383,8.0,0.00015195275440309632,4.355136574606876e-06,34.89046825513448,34.89046825513448,0.01138733811388134,0.9480791247976348,-5.194028802413264e-05,-0.3586021239209628,0.00012605060819701472,11.0,181.0
5471108-r2,5471108,K05173.01,2,0,official_kepler_false_positive,,ephemeris_contamination,23.16197816191659,8.0,0.00012914550637067667,4.029603439110991e-06,32.04918506798989,32.04918506798989,0.014391401762108859,0.24782289271123872,5.1173201770615684e-05,0.405628172175652,0.00012615790835271618,13.0,213.0
5471108-r3,5471108,K05173.01,3,0,official_kepler_false_positive,,ephemeris_contamination,11.586951651762643,8.0,8.808193601035015e-05,2.8992951332655693e-06,30.38046558272963,30.38046558272963,0.02876799207862627,0.5437730848593687,7.377170318734194e-06,0.05821363967930387,0.00012672580445707688,26.0,418.0
5471108-r4,5471108,K05173.01,4,0,official_kepler_false_positive,,ephemeris_contamination,11.090612727959886,8.0,8.423237483509904e-05,2.893574826985759e-06,29.110142253637182,29.110142253637182,0.030055447927866637,0.49931007540815964,-1.2251970793464295e-07,-0.0009725681636172676,0.00012597544575071844,27.0,420.0
5471108-r5,5471108,K05173.01,5,0,official_kepler_false_positive,,ephemeris_contamination,16.69138902670814,8.0,9.693279619059261e-05,3.3669751676184106e-06,28.789281585096113,28.789281585096113,0.01997037710881711,0.785443054309976,3.090865575017254e-05,0.24568094312120559,0.00012580811257682244,19.0,308.0
5021176-r1,5021176,K00447.01,1,0,official_kepler_false_positive,,ephemeris_contamination,4.0447187422598345,2.0,0.0006243700072238059,1.7265474551602107e-05,36.16292186801602,36.16292186801602,0.020602998290747396,0.09880007109035774,0.00010423263258529936,0.17847967561389716,0.00031070290013076815,73.0,297.0
5021176-r2,5021176,K00447.01,2,0,official_kepler_false_positive,,ephemeris_contamination,2.022541113180896,2.0,0.00038318447021609247,1.2451814520178926e-05,30.773384039339696,30.773384039339696,0.04120229388181539,1.2903566696680073,-1.1383251995455979e-05,-0.032334899917498786,0.0003109057484586102,144.0,584.0
5021176-r3,5021176,K00447.01,3,0,official_kepler_false_positive,,ephemeris_contamination,8.087983939986053,2.0,0.0005507332069680992,2.4329158611790125e-05,22.636755169215306,22.636755169215306,0.0103033504952134,0.06326699046265143,0.000525827774440546,1.0697408109947366,0.0003119148122004271,37.0,148.0
5021176-r4,5021176,K00447.01,4,0,official_kepler_false_positive,,ephemeris_contamination,1.0113159982281537,2.0,0.0001964710277728521,9.097498834635633e-06,21.59615860843592,21.59615860843592,0.08240088506395137,1.184335589539645,-9.430530237608536e-06,-0.030340352731765278,0.0003108246736938923,284.0,1143.0
5021176-r5,5021176,K00447.01,5,0,official_kepler_false_positive,,ephemeris_contamination,1.34840113408244,2.0,0.00022241361894897253,1.0344901261112566e-05,21.499830045265465,21.499830045265465,0.061801589472883375,0.041607062445957396,6.648687648402873e-05,0.21440489259322898,0.00031009962356674516,215.0,865.0
12157983-r1,12157983,K07514.01,1,0,official_kepler_false_positive,,ephemeris_contamination,46.976030307115586,8.0,0.0016187669953435938,1.7976477047823186e-05,90.04917877052078,90.04917877052078,0.007095817402068613,4.403899898787528,-0.0001613265739031089,-0.23820138167446475,0.0005840526828454661,5.0,85.0
12157983-r2,12157983,K07514.01,2,0,official_kepler_false_positive,,ephemeris_contamination,36.926275805494114,8.0,0.0013039183998067262,1.5523498186353302e-05,83.99642813454251,83.99642813454251,0.00902699571137737,2.0190564286990913,-0.00021165061816841302,-0.36160616212874164,0.0005853070006397171,8.0,118.0
12157983-r3,12157983,K07514.01,3,0,official_kepler_false_positive,,ephemeris_contamination,41.907009269142996,8.0,0.0010582217863932234,1.4807816482586513e-05,71.46372914856529,71.46372914856529,0.007954118872872505,0.8172641792498385,0.0003934890514672995,0.6732106148145126,0.0005844962078854271,8.0,130.0
12157983-r4,12157983,K07514.01,4,0,official_kepler_false_positive,,ephemeris_contamination,20.97305652036901,8.0,0.0007654728050936693,1.1195231005621425e-05,68.37490041155068,68.37490041155068,0.01589340747780851,0.3297279196803186,-0.00014330829975950365,-0.24673393929114693,0.0005808211880830847,15.0,231.0
12157983-r5,12157983,K07514.01,5,0,official_kepler_false_positive,,ephemeris_contamination,5.668116699550351,8.0,0.0004020940817957442,5.972562279452933e-06,67.32354774751293,67.32354774751293,0.058808481018003116,0.1081349465865264,-0.0001422021852808264,-0.24321738142282429,0.0005846711466464366,53.0,846.0
7366036-r1,7366036,K06867.01,1,0,official_kepler_false_positive,,ephemeris_contamination,3.2076134866909354,8.0,7.603310571332424e-05,1.4668183298444387e-06,51.83539376780751,51.83539376780751,0.10391942006616557,0.1491980646911909,-6.982097986196756e-05,-0.4999708096320349,0.00013965011260028145,69.0,1093.0
7366036-r2,7366036,K06867.01,2,0,official_kepler_false_positive,,ephemeris_contamination,9.62846992692025,8.0,0.00010980731720855078,2.4236076782542523e-06,45.307381303415426,45.307381303415426,0.03461955387131306,0.0061240380923748535,-7.717428544706806e-05,-0.561148555122432,0.00013752915291785807,23.0,372.0
7366036-r3,7366036,K06867.01,3,0,official_kepler_false_positive,,ephemeris_contamination,23.412777102180655,8.0,0.00016975926814886172,3.84541013138504e-06,44.14594603663714,44.14594603663714,0.014237240284591732,0.9560467019629794,2.870437931590253e-05,0.168766490533714,0.00013823381478931564,9.0,144.0
7366036-r4,7366036,K06867.01,4,0,official_kepler_false_positive,,ephemeris_contamination,3.3288682139699386,8.0,6.2309444837759e-05,1.484297238309156e-06,41.97908830494025,41.97908830494025,0.10013413325720304,0.07191816525287674,-3.074992572571489e-05,-0.22319584156638828,0.00013777105124321282,68.0,1064.0
7366036-r5,7366036,K06867.01,5,0,official_kepler_false_positive,,ephemeris_contamination,0.5667537060379593,2.0,5.221913948347596e-05,1.2759280973961195e-06,40.9263967068704,40.9263967068704,0.14703623892624698,0.033651610384387645,-3.7488634674343047e-06,-0.02759144230324972,0.00013587051471364233,377.0,1514.0
